原始行号（去重映射）,molecule_ID,SMILES,STP查询编号,预测状态,去重预测靶点数,中药数,TCMSP_MOL_ID数,分子名称数,molecule_ID连接状态,SMILES审计
596,100,O=C1C(O)=C(c2ccc(O)c(O)c2)[O+]=C2[CH]C(O)=CC(O)=C12,STP00595,成功（100条，已去重）,100,4.0,1.0,1.0,molecule_ID精确匹配,全量源表未提供可核验SMILES；仅保留Swiss原始SMILES供原始行号审计
3841,10001,C=C1[C@H](OC(=O)/C=C(\C)CC)C[C@@H](C(C)C)[C@@H]2[C@@H]([C@@H](C)OC(C)=O)C(=O)C[C@@]12C,STP03835,成功（100条，已去重）,100,1.0,1.0,1.0,molecule_ID精确匹配,全量源表未提供可核验SMILES；仅保留Swiss原始SMILES供原始行号审计
2510,10003,C=C1[C@H](OC(=O)C=C(C)C)C[C@@H](C(C)C)[C@@H]2/C(=C\C)C(=O)C[C@@H]12,STP02505,成功（100条，已去重）,100,1.0,1.0,1.0,molecule_ID精确匹配,全量源表未提供可核验SMILES；仅保留Swiss原始SMILES供原始行号审计
2288,10004,C=C1[C@H](OC(=O)/C(C)=C\C)C[C@@H](C(C)C)[C@@H]2/C(=C\C)C(=O)C[C@@H]12,STP02283,成功（100条，已去重）,100,1.0,1.0,1.0,molecule_ID精确匹配,全量源表未提供可核验SMILES；仅保留Swiss原始SMILES供原始行号审计
1319,10008,C=C(CCC=C(C)C)[C@@H]1CC(=O)[C@]2(C)O[C@@H]2C1,STP01317,成功（100条，已去重）,100,1.0,1.0,1.0,molecule_ID精确匹配,全量源表未提供可核验SMILES；仅保留Swiss原始SMILES供原始行号审计
3243,1001,O=c1c(O[C@@H]2O[C@@H](O)[C@H](O)[C@H](O)[C@H]2O)c(-c2ccc(O)c(O)c2)oc2cc(O)cc(O)c12,STP03237,成功（100条，已去重）,100,1.0,1.0,1.0,molecule_ID精确匹配,全量源表未提供可核验SMILES；仅保留Swiss原始SMILES供原始行号审计
3334,10010,C=C1[C@H](OC(=O)CC(C)C)C[C@@H](C(C)C)[C@@H]2[C@@H]([C@@H](C)O)C(=O)C[C@@H]12,STP03328,成功（100条，已去重）,100,1.0,1.0,1.0,molecule_ID精确匹配,全量源表未提供可核验SMILES；仅保留Swiss原始SMILES供原始行号审计
3092,10011,C=C(/C=C(\C)CC)O[C@@H]1C=C(C(C)C)[C@]2(C)/C(=C/C)C(=O)OC[C@@]2(C)C1=C,STP03087,成功（100条，已去重）,100,1.0,1.0,1.0,molecule_ID精确匹配,全量源表未提供可核验SMILES；仅保留Swiss原始SMILES供原始行号审计
3470,10013,C=C1[C@H](OC(=O)/C=C(\C)CC)C[C@@H](C(C)C)[C@@H]2[C@@H]([C@@H](C)O)C(=O)[C@@H](O)[C@@]12C,STP03464,成功（100条，已去重）,100,1.0,1.0,1.0,molecule_ID精确匹配,全量源表未提供可核验SMILES；仅保留Swiss原始SMILES供原始行号审计
3346,10014,C=C1[C@H](OC(=O)/C(C)=C\C)C[C@@H](C(C)C)[C@@H]2[C@@H]([C@@H](C)OC(C)=O)C(=O)[C@@H](O)[C@@]12C,STP03340,成功（100条，已去重）,100,1.0,1.0,1.0,molecule_ID精确匹配,全量源表未提供可核验SMILES；仅保留Swiss原始SMILES供原始行号审计
3185,10023,C/C=C1\C[C@@H](C)[C@](C)(O)C(=O)OC/C2=C/CN(C)CC[C@H](OC1=O)C2=O,STP03180,成功（100条，已去重）,100,1.0,1.0,1.0,molecule_ID精确匹配,全量源表未提供可核验SMILES；仅保留Swiss原始SMILES供原始行号审计
323,10026,COC(=O)[C@H]1[C@@H]2CCCN2C[C@@]1(C)O,STP00322,成功（100条，已去重）,100,1.0,1.0,1.0,molecule_ID精确匹配,全量源表未提供可核验SMILES；仅保留Swiss原始SMILES供原始行号审计
3806,10028,C=C1[C@H]2CC(=O)[C@H]([C@@H](C)OC(C)=O)[C@H]2[C@H](C(C)C)C[C@H]1OC(=O)/C=C(\C)CC,STP03800,成功（100条，已去重）,100,1.0,1.0,1.0,molecule_ID精确匹配,全量源表未提供可核验SMILES；仅保留Swiss原始SMILES供原始行号审计
1655,10032,C=CC[C@H]1/C=C\CCCCC1,STP01651,成功（100条，已去重）,100,1.0,1.0,1.0,molecule_ID精确匹配,全量源表未提供可核验SMILES；仅保留Swiss原始SMILES供原始行号审计
2986,10034,CC(C)=CCC/C(C)=C/C=C/C(C)=C/C=O,STP02981,成功（100条，已去重）,100,1.0,1.0,1.0,molecule_ID精确匹配,全量源表未提供可核验SMILES；仅保留Swiss原始SMILES供原始行号审计
3057,10036,C=C1O/C(=C\CC(C)=O)C(C)(C)CC[C@H]1COC(C)=O,STP03052,成功（100条，已去重）,100,1.0,1.0,1.0,molecule_ID精确匹配,全量源表未提供可核验SMILES；仅保留Swiss原始SMILES供原始行号审计
1196,1004,Oc1ccc(-c2[o+]c3cc(O)cc(O)c3cc2O)cc1,STP01194,成功（100条，已去重）,100,9.0,1.0,1.0,molecule_ID精确匹配,全量源表未提供可核验SMILES；仅保留Swiss原始SMILES供原始行号审计
929,10044,CC1=CC[C@@]2(C)CC[C@H](C(C)C)[C@@]2(O)CC1,STP00928,成功（100条，已去重）,100,5.0,1.0,1.0,molecule_ID精确匹配,全量源表未提供可核验SMILES；仅保留Swiss原始SMILES供原始行号审计
857,10051,Cc1cc2c(C)coc2c2c1CCC[C@H]2C,STP00856,成功（100条，已去重）,100,1.0,1.0,1.0,molecule_ID精确匹配,全量源表未提供可核验SMILES；仅保留Swiss原始SMILES供原始行号审计
2834,10052,C=C[C@]1(C)CCC(=C(C)C)C[C@]1(C)C(=C)C,STP02829,成功（100条，已去重）,100,1.0,1.0,1.0,molecule_ID精确匹配,全量源表未提供可核验SMILES；仅保留Swiss原始SMILES供原始行号审计
3257,10054,O=c1c(O[C@@H]2OC[C@@H](O)[C@@H](O)[C@@H]2O)c(-c2ccc(O)cc2)oc2cc(O)cc(O)c12,STP03251,成功（100条，已去重）,100,1.0,1.0,1.0,molecule_ID精确匹配,全量源表未提供可核验SMILES；仅保留Swiss原始SMILES供原始行号审计
2659,10055,N#Cc1ccc(C(c2ccc(C#N)cc2)n2cncn2)cc1,STP02654,成功（100条，已去重）,100,1.0,1.0,1.0,molecule_ID精确匹配,全量源表未提供可核验SMILES；仅保留Swiss原始SMILES供原始行号审计
3068,10058,COC(=O)[C@]1(O)C[C@@H](O)[C@H](O)[C@H](OC(=O)/C=C\c2ccc(O)c(O)c2)C1,STP03063,成功（100条，已去重）,100,1.0,1.0,1.0,molecule_ID精确匹配,全量源表未提供可核验SMILES；仅保留Swiss原始SMILES供原始行号审计
1860,10080,CCCCOC(=O)c1ccccc1C(=O)OCC(C)C,STP01855,成功（100条，已去重）,100,3.0,1.0,1.0,molecule_ID精确匹配,全量源表未提供可核验SMILES；仅保留Swiss原始SMILES供原始行号审计
2735,10099,COc1cc(C=O)cc2c1OCO2,STP02730,成功（100条，已去重）,100,1.0,1.0,1.0,molecule_ID精确匹配,全量源表未提供可核验SMILES；仅保留Swiss原始SMILES供原始行号审计
3880,10114,c1ccc(COCc2ccccc2)cc1,STP03874,成功（100条，已去重）,100,1.0,1.0,1.0,molecule_ID精确匹配,全量源表未提供可核验SMILES；仅保留Swiss原始SMILES供原始行号审计
289,10115,C/C=C/C(=O)C1=C(C)CCCC1(C)C,STP00288,成功（100条，已去重）,100,3.0,1.0,1.0,molecule_ID精确匹配,全量源表未提供可核验SMILES；仅保留Swiss原始SMILES供原始行号审计
4147,10119,CCCCOC(=O)CCC,STP04140,成功（100条，已去重）,100,1.0,1.0,1.0,molecule_ID精确匹配,全量源表未提供可核验SMILES；仅保留Swiss原始SMILES供原始行号审计
3265,1012,CC1(C)C(=O)CC[C@]2(C)[C@H]3CC[C@@H]4C=CC[C@@]4(C)[C@]3(C)CC[C@@H]12,STP03259,成功（100条，已去重）,100,1.0,1.0,1.0,molecule_ID精确匹配,全量源表未提供可核验SMILES；仅保留Swiss原始SMILES供原始行号审计
88,10120,CC1=C[C@H]2[C@H](C(C)C)CC[C@@H](C)[C@]2(O)CC1,STP00087,成功（100条，已去重）,100,10.0,1.0,1.0,molecule_ID精确匹配,全量源表未提供可核验SMILES；仅保留Swiss原始SMILES供原始行号审计
1691,10122,CC(C)C[C@@H]1NC(=O)[C@H]2CCCN2C1=O,STP01687,成功（100条，已去重）,100,1.0,1.0,1.0,molecule_ID精确匹配,全量源表未提供可核验SMILES；仅保留Swiss原始SMILES供原始行号审计
1697,10123,CC[C@@H](C)OC(C)=O,STP01693,成功（100条，已去重）,100,3.0,1.0,1.0,molecule_ID精确匹配,全量源表未提供可核验SMILES；仅保留Swiss原始SMILES供原始行号审计
3832,10129,C[C@@H]1O[C@@H](Oc2cc(O)c3c(=O)c(O)c(-c4ccc(O)cc4)oc3c2)[C@@H](O)[C@H](O)[C@H]1O,STP03826,成功（100条，已去重）,100,1.0,1.0,1.0,molecule_ID精确匹配,全量源表未提供可核验SMILES；仅保留Swiss原始SMILES供原始行号审计
686,1015,CC(=O)O[C@H]1C[C@@H]2CC[C@@]1(C)C2(C)C,STP00685,成功（100条，已去重）,100,9.0,1.0,1.0,molecule_ID精确匹配,全量源表未提供可核验SMILES；仅保留Swiss原始SMILES供原始行号审计
2797,10155,O=c1cc(CCc2ccccc2O)oc2c1[C@H](O)[C@@H](O)[C@@H](O)[C@@H]2O,STP02792,成功（100条，已去重）,100,1.0,1.0,1.0,molecule_ID精确匹配,全量源表未提供可核验SMILES；仅保留Swiss原始SMILES供原始行号审计
3118,10157,COC(=O)[C@]1(O)C(OC)=CC(=O)[C@@]1(O)c1oc2cc(OC)cc(O)c2c(=O)c1OC,STP03113,成功（100条，已去重）,100,1.0,1.0,1.0,molecule_ID精确匹配,全量源表未提供可核验SMILES；仅保留Swiss原始SMILES供原始行号审计
2414,10158,COC1=CC(=O)C(c2oc3cc(OC)cc(O)c3c(=O)c2OC)=C(OC)C1=O,STP02409,成功（100条，已去重）,100,1.0,1.0,1.0,molecule_ID精确匹配,全量源表未提供可核验SMILES；仅保留Swiss原始SMILES供原始行号审计
1223,10160,COc1cc(O)c(-c2oc3cc(OC)c(OC)c(O)c3c(=O)c2OC)cc1OC,STP01221,成功（100条，已去重）,100,1.0,1.0,1.0,molecule_ID精确匹配,全量源表未提供可核验SMILES；仅保留Swiss原始SMILES供原始行号审计
2080,10161,COc1c(O)cc2ccc3c(OC)c(O)ccc3c2c1OC,STP02075,成功（100条，已去重）,100,1.0,1.0,1.0,molecule_ID精确匹配,全量源表未提供可核验SMILES；仅保留Swiss原始SMILES供原始行号审计
3178,10168,C[C@@H]1O[C@H](Oc2c(-c3ccc(O)cc3)oc3cc(O)cc(O)c3c2=O)[C@H](O)[C@H](O)[C@H]1O,STP03173,成功（100条，已去重）,100,2.0,1.0,1.0,molecule_ID精确匹配,全量源表未提供可核验SMILES；仅保留Swiss原始SMILES供原始行号审计
2394,10169,O=c1ccc2cc3c(cc2o1)OC[C@@H]([C@H](O)c1ccc(O)c(O)c1)O3,STP02389,成功（100条，已去重）,100,1.0,1.0,1.0,molecule_ID精确匹配,全量源表未提供可核验SMILES；仅保留Swiss原始SMILES供原始行号审计
3753,10172,C[C@@H]1O[C@H](Oc2c(-c3ccc(O)c(O)c3)oc3cc(O)cc(O)c3c2=O)[C@@H](O)[C@H](O)[C@@H]1O,STP03747,成功（100条，已去重）,100,1.0,1.0,1.0,molecule_ID精确匹配,全量源表未提供可核验SMILES；仅保留Swiss原始SMILES供原始行号审计
1020,10189,C[C@@H]1CC(=O)[C@@]2(C)[C@H](C)c3ccoc3C[C@@]12C,STP01019,成功（100条，已去重）,100,1.0,1.0,1.0,molecule_ID精确匹配,全量源表未提供可核验SMILES；仅保留Swiss原始SMILES供原始行号审计
3732,10198,CCCCC[C@H](C)C(=O)O,STP03726,成功（100条，已去重）,100,1.0,1.0,1.0,molecule_ID精确匹配,全量源表未提供可核验SMILES；仅保留Swiss原始SMILES供原始行号审计
4083,10199,CCCC[C@@H](C)C(=O)O,STP04076,成功（100条，已去重）,100,1.0,1.0,1.0,molecule_ID精确匹配,全量源表未提供可核验SMILES；仅保留Swiss原始SMILES供原始行号审计
4044,10205,CCCCCC[C@@H](O)C/C=C\CCCCCCCC(=O)OC,STP04037,成功（100条，已去重）,100,1.0,1.0,1.0,molecule_ID精确匹配,全量源表未提供可核验SMILES；仅保留Swiss原始SMILES供原始行号审计
2846,10214,C[C@H]1OCC[C@H](C)O1,STP02841,成功（100条，已去重）,100,1.0,1.0,1.0,molecule_ID精确匹配,全量源表未提供可核验SMILES；仅保留Swiss原始SMILES供原始行号审计
1004,10223,CC(C)(Cc1ccccc1)OC=O,STP01003,成功（100条，已去重）,100,1.0,1.0,1.0,molecule_ID精确匹配,全量源表未提供可核验SMILES；仅保留Swiss原始SMILES供原始行号审计
4064,10226,CCCCOC(=O)CC(C)C,STP04057,成功（100条，已去重）,100,1.0,1.0,1.0,molecule_ID精确匹配,全量源表未提供可核验SMILES；仅保留Swiss原始SMILES供原始行号审计
1172,10242,O[C@@H]1C[C@H](c2ccccc2)Oc2ccccc21,STP01171,成功（100条，已去重）,100,1.0,1.0,1.0,molecule_ID精确匹配,全量源表未提供可核验SMILES；仅保留Swiss原始SMILES供原始行号审计
2156,10243,O[C@H]1[C@@H](c2ccccc2)Oc2ccccc2[C@@H]1O,STP02151,成功（100条，已去重）,100,1.0,1.0,1.0,molecule_ID精确匹配,全量源表未提供可核验SMILES；仅保留Swiss原始SMILES供原始行号审计
1183,10244,O=C1C[C@@H](c2ccccc2)Oc2ccccc21,STP01181,成功（100条，已去重）,100,2.0,1.0,1.0,molecule_ID精确匹配,全量源表未提供可核验SMILES；仅保留Swiss原始SMILES供原始行号审计
93,10245,O=c1cc(-c2ccccc2)oc2ccccc12,STP00092,成功（100条，已去重）,100,7.0,1.0,1.0,molecule_ID精确匹配,全量源表未提供可核验SMILES；仅保留Swiss原始SMILES供原始行号审计
873,10246,O=c1c(O)c(-c2ccccc2)oc2ccccc12,STP00872,成功（100条，已去重）,100,1.0,1.0,1.0,molecule_ID精确匹配,全量源表未提供可核验SMILES；仅保留Swiss原始SMILES供原始行号审计
2647,10249,C[C@H](CO)OC(=O)c1ccccc1,STP02642,成功（100条，已去重）,100,1.0,1.0,1.0,molecule_ID精确匹配,全量源表未提供可核验SMILES；仅保留Swiss原始SMILES供原始行号审计
1815,10257,CC(C)CCOC(=O)c1ccccc1,STP01810,成功（100条，已去重）,100,3.0,1.0,1.0,molecule_ID精确匹配,全量源表未提供可核验SMILES；仅保留Swiss原始SMILES供原始行号审计
1924,10259,CC(C)CCOC(=O)CC(C)C,STP01919,成功（100条，已去重）,100,8.0,1.0,1.0,molecule_ID精确匹配,全量源表未提供可核验SMILES；仅保留Swiss原始SMILES供原始行号审计
2006,1026,CC(C)=CCC/C(C)=C/CC/C(C)=C/CC[C@@H]1[C@@]2(C)CC[C@H](O)C(C)(C)[C@H]2CC[C@@]1(C)O,STP02001,成功（100条，已去重）,100,1.0,1.0,1.0,molecule_ID精确匹配,全量源表未提供可核验SMILES；仅保留Swiss原始SMILES供原始行号审计
763,10265,C=C[C@@]1(C)CC[C@@H](O)C(C)(C)O1,STP00762,成功（100条，已去重）,100,2.0,1.0,1.0,molecule_ID精确匹配,全量源表未提供可核验SMILES；仅保留Swiss原始SMILES供原始行号审计
416,10266,C=C[C@]1(C)CC[C@H](C(C)(C)O)O1,STP00415,成功（100条，已去重）,100,7.0,1.0,1.0,molecule_ID精确匹配,全量源表未提供可核验SMILES；仅保留Swiss原始SMILES供原始行号审计
2412,10268,COC(=O)c1ccccc1C(=O)O,STP02407,成功（100条，已去重）,100,1.0,1.0,1.0,molecule_ID精确匹配,全量源表未提供可核验SMILES；仅保留Swiss原始SMILES供原始行号审计
3818,10272,CCCOC(=O)CC(C)C,STP03812,成功（100条，已去重）,100,2.0,1.0,1.0,molecule_ID精确匹配,全量源表未提供可核验SMILES；仅保留Swiss原始SMILES供原始行号审计
1326,10276,CC1=C(/C=C\C(C)=C\C=C\C(C)=C\CO)C(C)(C)CCC1,STP01324,成功（100条，已去重）,100,1.0,1.0,1.0,molecule_ID精确匹配,全量源表未提供可核验SMILES；仅保留Swiss原始SMILES供原始行号审计
4163,10278,Cc1c(C)c2c(c(C)c1O)CC[C@](C)(CCC[C@H](C)CCC[C@H](C)CCCC(C)C)O2,STP04156,成功（100条，已去重）,100,1.0,1.0,1.0,molecule_ID精确匹配,全量源表未提供可核验SMILES；仅保留Swiss原始SMILES供原始行号审计
4059,10280,Cc1cc(O)c(C)c2c1O[C@@H](C)[C@@H](CCC[C@H](C)CCC[C@H](C)CCCC(C)C)C2,STP04052,成功（100条，已去重）,100,1.0,1.0,1.0,molecule_ID精确匹配,全量源表未提供可核验SMILES；仅保留Swiss原始SMILES供原始行号审计
4084,10281,Cc1cc(O)cc2c1O[C@@H](C)[C@@H](CCC[C@H](C)CCC[C@H](C)CCCC(C)C)C2,STP04077,成功（100条，已去重）,100,1.0,1.0,1.0,molecule_ID精确匹配,全量源表未提供可核验SMILES；仅保留Swiss原始SMILES供原始行号审计
4003,10282,Cc1c(O)cc2c(c1C)O[C@@H](C)[C@@H](CCC[C@H](C)CCC[C@H](C)CCCC(C)C)C2,STP03996,成功（100条，已去重）,100,1.0,1.0,1.0,molecule_ID精确匹配,全量源表未提供可核验SMILES；仅保留Swiss原始SMILES供原始行号审计
1600,10289,C=CC[n+]1csc2ccccc21,STP01597,成功（100条，已去重）,100,1.0,1.0,1.0,molecule_ID精确匹配,全量源表未提供可核验SMILES；仅保留Swiss原始SMILES供原始行号审计
1557,10295,CC(=O)CCc1ccc(OC(C)=O)cc1,STP01554,成功（100条，已去重）,100,1.0,1.0,1.0,molecule_ID精确匹配,全量源表未提供可核验SMILES；仅保留Swiss原始SMILES供原始行号审计
1727,10296,CC1=C(C=O)C(C)(C)CC[C@H]1/C=C/[C@H](C)O,STP01723,成功（100条，已去重）,100,1.0,1.0,1.0,molecule_ID精确匹配,全量源表未提供可核验SMILES；仅保留Swiss原始SMILES供原始行号审计
955,10312,COCc1ccc(C=O)n1CCCC(=O)OC,STP00954,成功（100条，已去重）,100,1.0,1.0,1.0,molecule_ID精确匹配,全量源表未提供可核验SMILES；仅保留Swiss原始SMILES供原始行号审计
1506,10313,COCc1ccc(C=O)n1[C@@H](Cc1ccccc1)C(=O)OC,STP01503,成功（100条，已去重）,100,1.0,1.0,1.0,molecule_ID精确匹配,全量源表未提供可核验SMILES；仅保留Swiss原始SMILES供原始行号审计
3795,10345,C/C(=C\O)CC/C=C(\C)CCC[C@@H](C)CO,STP03789,成功（100条，已去重）,100,2.0,1.0,1.0,molecule_ID精确匹配,全量源表未提供可核验SMILES；仅保留Swiss原始SMILES供原始行号审计
3227,10347,C/C(=C/CC/C(C)=C/CC/C(C)=C/O)CO,STP03222,成功（100条，已去重）,100,2.0,1.0,1.0,molecule_ID精确匹配,全量源表未提供可核验SMILES；仅保留Swiss原始SMILES供原始行号审计
3886,10349,C/C(=C\O)CC/C=C(\C)CCC[C@H](C)CO,STP03880,成功（100条，已去重）,100,1.0,1.0,1.0,molecule_ID精确匹配,全量源表未提供可核验SMILES；仅保留Swiss原始SMILES供原始行号审计
2721,10358,C/C(=C\CC/C(C)=C/CC/C(C)=C/CO)CO,STP02716,成功（100条，已去重）,100,1.0,1.0,1.0,molecule_ID精确匹配,全量源表未提供可核验SMILES；仅保留Swiss原始SMILES供原始行号审计
3285,10368,C=C(C)[C@H](O)Cc1cc(-c2cc(=O)c3c(O)cc(O)cc3o2)cc2c1OC(C)(C)C=C2,STP03279,成功（100条，已去重）,100,1.0,1.0,1.0,molecule_ID精确匹配,全量源表未提供可核验SMILES；仅保留Swiss原始SMILES供原始行号审计
3062,10379,CCCCO[C@H](CNC(=O)/C=C\c1ccc(O)c(OC)c1)c1ccc(O)cc1,STP03057,成功（100条，已去重）,100,1.0,1.0,1.0,molecule_ID精确匹配,全量源表未提供可核验SMILES；仅保留Swiss原始SMILES供原始行号审计
764,10380,CC1=CC[C@]23C[C@H]1C(C)(C)[C@@H]2CC[C@H]3C,STP00763,成功（100条，已去重）,100,4.0,1.0,1.0,molecule_ID精确匹配,全量源表未提供可核验SMILES；仅保留Swiss原始SMILES供原始行号审计
2476,10395,COc1c(O)c(C)c(O)c2c1OC[C@@H](Cc1ccc(O)cc1)C2=O,STP02471,成功（100条，已去重）,100,1.0,1.0,1.0,molecule_ID精确匹配,全量源表未提供可核验SMILES；仅保留Swiss原始SMILES供原始行号审计
2690,10396,Cc1c(O)c(C)c2c(c1O)C(=O)[C@H](Cc1ccc(O)cc1)CO2,STP02685,成功（100条，已去重）,100,1.0,1.0,1.0,molecule_ID精确匹配,全量源表未提供可核验SMILES；仅保留Swiss原始SMILES供原始行号审计
2251,1040,O=C1C[C@H](c2ccc(O)cc2)Oc2cc(O)cc(O)c21,STP02246,成功（100条，已去重）,100,17.0,1.0,1.0,molecule_ID精确匹配,全量源表未提供可核验SMILES；仅保留Swiss原始SMILES供原始行号审计
2858,10412,COc1ccc(C[C@H]2COc3c(C)c(O)c(C)c(O)c3C2=O)cc1,STP02853,成功（100条，已去重）,100,1.0,1.0,1.0,molecule_ID精确匹配,全量源表未提供可核验SMILES；仅保留Swiss原始SMILES供原始行号审计
3962,10413,CC[C@@H](C)CC(C)=O,STP03955,成功（100条，已去重）,100,1.0,1.0,1.0,molecule_ID精确匹配,全量源表未提供可核验SMILES；仅保留Swiss原始SMILES供原始行号审计
3494,10417,CCCCCC/C=C/C/C=C/CCCCCCC(=O)O,STP03488,成功（100条，已去重）,100,1.0,1.0,1.0,molecule_ID精确匹配,全量源表未提供可核验SMILES；仅保留Swiss原始SMILES供原始行号审计
2224,10421,COc1cc2c[n+](C)c3c4cc5c(cc4ccc3c2cc1O)OCO5,STP02219,成功（100条，已去重）,100,1.0,1.0,1.0,molecule_ID精确匹配,全量源表未提供可核验SMILES；仅保留Swiss原始SMILES供原始行号审计
3703,10424,CCCC/C=C/C/C=C/CCCCCCCCC(=O)O,STP03697,成功（100条，已去重）,100,2.0,1.0,1.0,molecule_ID精确匹配,全量源表未提供可核验SMILES；仅保留Swiss原始SMILES供原始行号审计
2527,10425,Cn1c(=O)c2cc3c(cc2c2ccc4cc5c(cc4c21)OCO5)OCO3,STP02522,成功（100条，已去重）,100,1.0,1.0,1.0,molecule_ID精确匹配,全量源表未提供可核验SMILES；仅保留Swiss原始SMILES供原始行号审计
3245,10429,C[C@@H]1CC[C@@]2(CO)C(CO)=CCC[C@@H]2[C@@]1(C)CCC1=CCOC1=O,STP03239,成功（100条，已去重）,100,1.0,1.0,1.0,molecule_ID精确匹配,全量源表未提供可核验SMILES；仅保留Swiss原始SMILES供原始行号审计
1213,10430,C=CCc1cc(OC)c(OC(=O)CC(C)C)c(OC)c1,STP01211,成功（100条，已去重）,100,1.0,1.0,1.0,molecule_ID精确匹配,全量源表未提供可核验SMILES；仅保留Swiss原始SMILES供原始行号审计
501,10431,C=CCc1ccc(OC(=O)[C@H](C)CC)c(OC)c1,STP00500,成功（100条，已去重）,100,1.0,1.0,1.0,molecule_ID精确匹配,全量源表未提供可核验SMILES；仅保留Swiss原始SMILES供原始行号审计
540,10434,COc1ccc(-c2oc3cc(OC)c(O)c(O)c3c(=O)c2OC)cc1OC,STP00539,成功（100条，已去重）,100,1.0,1.0,1.0,molecule_ID精确匹配,全量源表未提供可核验SMILES；仅保留Swiss原始SMILES供原始行号审计
2032,10435,COc1ccc(-c2oc3cc(OC)c(O)c(O)c3c(=O)c2OC)cc1,STP02027,成功（100条，已去重）,100,1.0,1.0,1.0,molecule_ID精确匹配,全量源表未提供可核验SMILES；仅保留Swiss原始SMILES供原始行号审计
3707,10467,CCCC#CC#C/C=C/COC(C)=O,STP03701,成功（100条，已去重）,100,1.0,1.0,1.0,molecule_ID精确匹配,全量源表未提供可核验SMILES；仅保留Swiss原始SMILES供原始行号审计
234,10468,COc1cc2c(cc1C)C(C(C)C)=CC(=O)[C@]2(C)O,STP00233,成功（100条，已去重）,100,1.0,1.0,1.0,molecule_ID精确匹配,全量源表未提供可核验SMILES；仅保留Swiss原始SMILES供原始行号审计
2503,10469,COc1ccc(-c2oc3cc(OC)c(O)c(O)c3c(=O)c2OC)cc1O,STP02498,成功（100条，已去重）,100,1.0,1.0,1.0,molecule_ID精确匹配,全量源表未提供可核验SMILES；仅保留Swiss原始SMILES供原始行号审计
2588,1047,COc1cc([C@H]2OC[C@H]3[C@@H]2CO[C@H]3c2cc(OC)c3c(c2)OCO3)cc2c1OCO2,STP02583,成功（100条，已去重）,100,1.0,1.0,1.0,molecule_ID精确匹配,全量源表未提供可核验SMILES；仅保留Swiss原始SMILES供原始行号审计
1800,10480,CC(=O)O[C@@H]1[C@@H](C(C)C)[C@@H](OC(C)=O)C/C(C)=C/CC[C@@]2(C)O[C@@H]12,STP01796,成功（100条，已去重）,100,1.0,1.0,1.0,molecule_ID精确匹配,全量源表未提供可核验SMILES；仅保留Swiss原始SMILES供原始行号审计
2649,10481,O=S(=O)(c1ccc(Cl)cc1)c1ccc(Cl)cc1,STP02644,成功（100条，已去重）,100,1.0,1.0,1.0,molecule_ID精确匹配,全量源表未提供可核验SMILES；仅保留Swiss原始SMILES供原始行号审计
3643,10482,CCCCCCOC(=O)c1ccccc1C(=O)OCCCCCC,STP03637,成功（100条，已去重）,100,1.0,1.0,1.0,molecule_ID精确匹配,全量源表未提供可核验SMILES；仅保留Swiss原始SMILES供原始行号审计
2782,10485,CC/C=C\C/C=C\C/C=C\C/C=C\C/C=C\CCCC(=O)O,STP02777,成功（100条，已去重）,100,1.0,1.0,1.0,molecule_ID精确匹配,全量源表未提供可核验SMILES；仅保留Swiss原始SMILES供原始行号审计
4138,10487,COC(=O)C1=CCCNC1,STP04131,成功（100条，已去重）,100,1.0,1.0,1.0,molecule_ID精确匹配,全量源表未提供可核验SMILES；仅保留Swiss原始SMILES供原始行号审计
3621,10488,CCCCCC/C=C\CCCCCCCCC(=O)O,STP03615,成功（100条，已去重）,100,1.0,1.0,1.0,molecule_ID精确匹配,全量源表未提供可核验SMILES；仅保留Swiss原始SMILES供原始行号审计
2331,10489,Oc1cc(O)c2c(c1)O[C@H](c1ccc(O)c(O)c1)[C@@H](O)[C@H]2O,STP02326,成功（100条，已去重）,100,4.0,1.0,1.0,molecule_ID精确匹配,全量源表未提供可核验SMILES；仅保留Swiss原始SMILES供原始行号审计
247,10494,COc1ccc(CCc2cc(=O)c3c(O)ccc(O)c3o2)cc1,STP00246,成功（100条，已去重）,100,2.0,1.0,1.0,molecule_ID精确匹配,全量源表未提供可核验SMILES；仅保留Swiss原始SMILES供原始行号审计
146,10495,COc1cc2oc(CCc3ccccc3)cc(=O)c2cc1OC,STP00145,成功（100条，已去重）,100,2.0,1.0,1.0,molecule_ID精确匹配,全量源表未提供可核验SMILES；仅保留Swiss原始SMILES供原始行号审计
198,10496,COc1ccc(CCc2cc(=O)c3cc(OC)c(OC)cc3o2)cc1,STP00197,成功（100条，已去重）,100,2.0,1.0,1.0,molecule_ID精确匹配,全量源表未提供可核验SMILES；仅保留Swiss原始SMILES供原始行号审计
880,10498,COc1ccc(CCc2cc(=O)c3cc(O)ccc3o2)cc1,STP00879,成功（100条，已去重）,100,2.0,1.0,1.0,molecule_ID精确匹配,全量源表未提供可核验SMILES；仅保留Swiss原始SMILES供原始行号审计
3036,105,O=C(O)c1ccc(O)c(O)c1,STP03031,成功（100条，已去重）,100,81.0,1.0,1.0,molecule_ID精确匹配,全量源表未提供可核验SMILES；仅保留Swiss原始SMILES供原始行号审计
245,10500,COc1cccc(CCc2cc(=O)c3cc(OC)ccc3o2)c1,STP00244,成功（100条，已去重）,100,2.0,1.0,1.0,molecule_ID精确匹配,全量源表未提供可核验SMILES；仅保留Swiss原始SMILES供原始行号审计
1076,10501,CC(C)(C)C1=CC2(C=C(C(C)(C)C)C1=O)CCC(=O)O2,STP01075,成功（100条，已去重）,100,2.0,1.0,1.0,molecule_ID精确匹配,全量源表未提供可核验SMILES；仅保留Swiss原始SMILES供原始行号审计
2409,10502,O=c1cc(CCc2ccccc2)oc2c1[C@H](O)[C@H](O)[C@H](O)[C@H]2O,STP02404,成功（100条，已去重）,100,2.0,1.0,1.0,molecule_ID精确匹配,全量源表未提供可核验SMILES；仅保留Swiss原始SMILES供原始行号审计
1002,10503,C[C@@H]1CCC=C(C=O)[C@@]12CC[C@@H](C(C)(C)O)C2,STP01001,成功（100条，已去重）,100,2.0,1.0,1.0,molecule_ID精确匹配,全量源表未提供可核验SMILES；仅保留Swiss原始SMILES供原始行号审计
1705,10505,CC1(C)O[C@]23C[C@H]1CC[C@]2(C)CCC[C@H]3CO,STP01701,成功（100条，已去重）,100,3.0,1.0,1.0,molecule_ID精确匹配,全量源表未提供可核验SMILES；仅保留Swiss原始SMILES供原始行号审计
"1332,1417",10507,C[C@H]1CCC[C@@]2(C)CC[C@H]3C[C@@]12OC3(C)C,STP01330,成功（100条，已去重）,100,2.0,1.0,1.0,molecule_ID精确匹配,全量源表未提供可核验SMILES；仅保留Swiss原始SMILES供原始行号审计
303,10508,CC(C)=C1C[C@@]2(C)C(=CC1=O)CCC[C@@H]2C,STP00302,成功（100条，已去重）,100,3.0,1.0,1.0,molecule_ID精确匹配,全量源表未提供可核验SMILES；仅保留Swiss原始SMILES供原始行号审计
1920,10509,CC(C)[C@@H]1CC(=O)c2coc3c2[C@H]1C[C@@H](C)C3=O,STP01915,成功（100条，已去重）,100,2.0,1.0,1.0,molecule_ID精确匹配,全量源表未提供可核验SMILES；仅保留Swiss原始SMILES供原始行号审计
2313,10510,O=c1cc(CCc2ccccc2)oc2c1[C@@H](O)[C@H](O)[C@H](O)[C@H]2O,STP02308,成功（100条，已去重）,100,2.0,1.0,1.0,molecule_ID精确匹配,全量源表未提供可核验SMILES；仅保留Swiss原始SMILES供原始行号审计
1591,10511,C[C@H]1CC[C@@H]2[C@H]1[C@H]1[C@@H](C[C@H]3O[C@@]23C)C1(C)C,STP01588,成功（100条，已去重）,100,3.0,1.0,1.0,molecule_ID精确匹配,全量源表未提供可核验SMILES；仅保留Swiss原始SMILES供原始行号审计
35,10513,C=C(C)[C@@H]1CCc2cc(O)cc(C=O)c2C1,STP00034,成功（100条，已去重）,100,2.0,1.0,1.0,molecule_ID精确匹配,全量源表未提供可核验SMILES；仅保留Swiss原始SMILES供原始行号审计
3235,10515,O=C(O)C#Cc1ccccc1,STP03229,成功（100条，已去重）,100,2.0,1.0,1.0,molecule_ID精确匹配,全量源表未提供可核验SMILES；仅保留Swiss原始SMILES供原始行号审计
985,10516,C[C@@H]1CC[C@H]2C[C@@]3(OC2(C)C)[C@@H](C=O)CC[C@@H]13,STP00984,成功（100条，已去重）,100,2.0,1.0,1.0,molecule_ID精确匹配,全量源表未提供可核验SMILES；仅保留Swiss原始SMILES供原始行号审计
3708,10519,CC1=C2[C@H](/C=C(\C)C(=O)O)CC[C@@H](C)[C@H]2CC1,STP03702,成功（100条，已去重）,100,2.0,1.0,1.0,molecule_ID精确匹配,全量源表未提供可核验SMILES；仅保留Swiss原始SMILES供原始行号审计
1220,1052,CC1(C)C(=O)CC[C@]2(C)[C@H]3CCC4=CC(=O)C[C@@]4(C)[C@]3(C)CC[C@@H]12,STP01218,成功（100条，已去重）,100,1.0,1.0,1.0,molecule_ID精确匹配,全量源表未提供可核验SMILES；仅保留Swiss原始SMILES供原始行号审计
1084,10520,CC1=C[C@H](C=O)C(C=O)=C[C@H]2CC(C)(C)C[C@H]12,STP01083,成功（100条，已去重）,100,2.0,1.0,1.0,molecule_ID精确匹配,全量源表未提供可核验SMILES；仅保留Swiss原始SMILES供原始行号审计
230,10523,CC1(C)C2=CC=CC(C)(C)[C@]23C=C[C@H]1C3,STP00229,成功（100条，已去重）,100,2.0,1.0,1.0,molecule_ID精确匹配,全量源表未提供可核验SMILES；仅保留Swiss原始SMILES供原始行号审计
1729,10524,CC1(C)O[C@@]23C[C@@H]1CC[C@@]2(C)CCC[C@@]3(C)O,STP01725,成功（100条，已去重）,100,2.0,1.0,1.0,molecule_ID精确匹配,全量源表未提供可核验SMILES；仅保留Swiss原始SMILES供原始行号审计
3468,10527,CCCCCCCC=C=CCCCCCCCC(=O)O,STP03462,成功（100条，已去重）,100,1.0,1.0,1.0,molecule_ID精确匹配,全量源表未提供可核验SMILES；仅保留Swiss原始SMILES供原始行号审计
300,10528,C/C1=C/CC[C@]2(C)O[C@H]2CC(C)(C)/C=C/C1,STP00299,成功（100条，已去重）,100,1.0,1.0,1.0,molecule_ID精确匹配,全量源表未提供可核验SMILES；仅保留Swiss原始SMILES供原始行号审计
4037,10529,CC/C=C\CC1=C(C)CCC1=O,STP04030,成功（100条，已去重）,100,2.0,1.0,1.0,molecule_ID精确匹配,全量源表未提供可核验SMILES；仅保留Swiss原始SMILES供原始行号审计
1022,10532,Cc1cncc2c1CC[C@@H]2C,STP01021,成功（100条，已去重）,100,1.0,1.0,1.0,molecule_ID精确匹配,全量源表未提供可核验SMILES；仅保留Swiss原始SMILES供原始行号审计
3002,10533,C=C1CC[C@@H]2[C@H]([C@@H]3C1=CC[C@@H]3C)C2(C)C,STP02997,成功（100条，已去重）,100,1.0,1.0,1.0,molecule_ID精确匹配,全量源表未提供可核验SMILES；仅保留Swiss原始SMILES供原始行号审计
1032,10536,C=C1CC[C@H]2C(=C)CC[C@H]3C(=C)C(=O)O[C@H]3[C@@H]12,STP01031,成功（100条，已去重）,100,2.0,1.0,1.0,molecule_ID精确匹配,全量源表未提供可核验SMILES；仅保留Swiss原始SMILES供原始行号审计
1010,10537,C[C@@H]1CC[C@H](C)c2ccccc21,STP01009,成功（100条，已去重）,100,1.0,1.0,1.0,molecule_ID精确匹配,全量源表未提供可核验SMILES；仅保留Swiss原始SMILES供原始行号审计
934,10538,C/C=C(\C)C(=O)O[C@H]1Cc2c(ccc3ccc(=O)oc23)OC1(C)C,STP00933,成功（100条，已去重）,100,1.0,1.0,1.0,molecule_ID精确匹配,全量源表未提供可核验SMILES；仅保留Swiss原始SMILES供原始行号审计
344,10539,C=C1CC[C@@H](C(C)C)C[C@@H]2[C@H]1CC[C@@]2(C)O,STP00343,成功（100条，已去重）,100,1.0,1.0,1.0,molecule_ID精确匹配,全量源表未提供可核验SMILES；仅保留Swiss原始SMILES供原始行号审计
1011,10540,C[C@H]1CCC=C2C(=O)C[C@H]3OOC(C)(C)[C@H]3[C@]21C,STP01010,成功（100条，已去重）,100,1.0,1.0,1.0,molecule_ID精确匹配,全量源表未提供可核验SMILES；仅保留Swiss原始SMILES供原始行号审计
3343,10541,CC(C)CC(=O)OCC1=CO[C@@H](OC(=O)CC(C)C)[C@@H]2[C@@H](C)[C@@H](O)C[C@H]12,STP03337,成功（100条，已去重）,100,1.0,1.0,1.0,molecule_ID精确匹配,全量源表未提供可核验SMILES；仅保留Swiss原始SMILES供原始行号审计
3685,10542,C=C1[C@@H]2CC[C@@]3(C)[C@@H](C2)[C@@H](C)CC[C@@]13C,STP03679,成功（100条，已去重）,100,1.0,1.0,1.0,molecule_ID精确匹配,全量源表未提供可核验SMILES；仅保留Swiss原始SMILES供原始行号审计
2205,10545,COc1ccccc1/C=C/C(=O)O,STP02200,成功（100条，已去重）,100,1.0,1.0,1.0,molecule_ID精确匹配,全量源表未提供可核验SMILES；仅保留Swiss原始SMILES供原始行号审计
350,10546,O=C(O)c1cc2cc3c4c(c2oc1=O)CCCN4CCC3,STP00349,成功（100条，已去重）,100,2.0,1.0,1.0,molecule_ID精确匹配,全量源表未提供可核验SMILES；仅保留Swiss原始SMILES供原始行号审计
2951,1055,CC1=CC[C@]2(C(C)C)C[C@H]12,STP02946,成功（100条，已去重）,100,23.0,1.0,1.0,molecule_ID精确匹配,全量源表未提供可核验SMILES；仅保留Swiss原始SMILES供原始行号审计
992,10550,CC(C)=CCC[C@H](C)[C@@H]1C=C(C)CC[C@@H]1O,STP00991,成功（100条，已去重）,100,1.0,1.0,1.0,molecule_ID精确匹配,全量源表未提供可核验SMILES；仅保留Swiss原始SMILES供原始行号审计
656,10552,CC1=CC(=O)N(c2ccccc2)C1=O,STP00655,成功（100条，已去重）,100,2.0,1.0,1.0,molecule_ID精确匹配,全量源表未提供可核验SMILES；仅保留Swiss原始SMILES供原始行号审计
1463,10555,O=C(CCC(=O)c1ccccc1)c1ccccc1,STP01460,成功（100条，已去重）,100,1.0,1.0,1.0,molecule_ID精确匹配,全量源表未提供可核验SMILES；仅保留Swiss原始SMILES供原始行号审计
3499,10556,O=C(OCCc1ccccc1)c1ccccc1,STP03493,成功（100条，已去重）,100,1.0,1.0,1.0,molecule_ID精确匹配,全量源表未提供可核验SMILES；仅保留Swiss原始SMILES供原始行号审计
1680,10557,CCOC(=O)c1ccccc1,STP01676,成功（100条，已去重）,100,3.0,1.0,1.0,molecule_ID精确匹配,全量源表未提供可核验SMILES；仅保留Swiss原始SMILES供原始行号审计
2216,10558,COc1ccccc1/C=C\C(=O)O,STP02211,成功（100条，已去重）,100,1.0,1.0,1.0,molecule_ID精确匹配,全量源表未提供可核验SMILES；仅保留Swiss原始SMILES供原始行号审计
2551,10559,O=C(O)/C=C\c1ccccc1O,STP02546,成功（100条，已去重）,100,1.0,1.0,1.0,molecule_ID精确匹配,全量源表未提供可核验SMILES；仅保留Swiss原始SMILES供原始行号审计
4086,10562,O=C(O)/C=C/[C@@H]1C=CC=CC1,STP04079,成功（100条，已去重）,100,1.0,1.0,1.0,molecule_ID精确匹配,全量源表未提供可核验SMILES；仅保留Swiss原始SMILES供原始行号审计
2474,10563,COC(=O)/C=C\c1ccccc1,STP02469,成功（100条，已去重）,100,2.0,1.0,1.0,molecule_ID精确匹配,全量源表未提供可核验SMILES；仅保留Swiss原始SMILES供原始行号审计
3051,10567,COC1=C(OC)C(=O)[C@@]23COc4c5c(cc(c42)[C@H](OC(C)=O)[C@@H](C)[C@@H](C)CC3=C1)OCO5,STP03046,成功（100条，已去重）,100,1.0,1.0,1.0,molecule_ID精确匹配,全量源表未提供可核验SMILES；仅保留Swiss原始SMILES供原始行号审计
1853,10568,CCCCC(=O)C(C)C,STP01848,成功（100条，已去重）,100,1.0,1.0,1.0,molecule_ID精确匹配,全量源表未提供可核验SMILES；仅保留Swiss原始SMILES供原始行号审计
1761,10569,COc1cc2c(c(OC)c1OC)-c1c(cc3c(c1OC)OCO3)[C@@H]1O[C@H]2[C@@H](C)[C@H]1C,STP01757,成功（100条，已去重）,100,1.0,1.0,1.0,molecule_ID精确匹配,全量源表未提供可核验SMILES；仅保留Swiss原始SMILES供原始行号审计
4115,1057,Cc1ccc([C@H](C)C/C=C/C(C)(C)C)cc1O,STP04108,成功（100条，已去重）,100,1.0,1.0,1.0,molecule_ID精确匹配,全量源表未提供可核验SMILES；仅保留Swiss原始SMILES供原始行号审计
2857,10571,COc1cc2c(c(O)c1OC)-c1c(cc3c(c1OC)OCO3)[C@@H](OC(C)=O)[C@@H](C)[C@@H](C)C2,STP02852,成功（100条，已去重）,100,1.0,1.0,1.0,molecule_ID精确匹配,全量源表未提供可核验SMILES；仅保留Swiss原始SMILES供原始行号审计
3393,10573,COC1=C(OC)C(=O)[C@@]23COc4c5c(cc(c42)[C@@H](OC(=O)c2ccccc2)[C@@H](C)[C@@H](C)CC3=C1)OCO5,STP03387,成功（100条，已去重）,100,1.0,1.0,1.0,molecule_ID精确匹配,全量源表未提供可核验SMILES；仅保留Swiss原始SMILES供原始行号审计
1883,10580,O=C(OCCOCCOC(=O)c1ccccc1)c1ccccc1,STP01878,成功（100条，已去重）,100,1.0,1.0,1.0,molecule_ID精确匹配,全量源表未提供可核验SMILES；仅保留Swiss原始SMILES供原始行号审计
267,10586,COc1ccc([C@H]2COc3cc(O)ccc3C2=O)cc1,STP00266,成功（100条，已去重）,100,1.0,1.0,1.0,molecule_ID精确匹配,全量源表未提供可核验SMILES；仅保留Swiss原始SMILES供原始行号审计
3433,10587,CC(=O)OC[C@H]1O[C@@H](Cc2ccc3c(c2)OC[C@@H]2c4cc5c(cc4C[C@@H]32)OCO5)[C@H](O)[C@@H](O)[C@@H]1O,STP03427,成功（100条，已去重）,100,1.0,1.0,1.0,molecule_ID精确匹配,全量源表未提供可核验SMILES；仅保留Swiss原始SMILES供原始行号审计
2741,10588,COc1cc([C@@H]2OC[C@H]3[C@@H]2CO[C@H]3c2ccc(O)c(OC)c2)ccc1O,STP02736,成功（100条，已去重）,100,1.0,1.0,1.0,molecule_ID精确匹配,全量源表未提供可核验SMILES；仅保留Swiss原始SMILES供原始行号审计
3415,10589,C=C(C)[C@@H](CC=C(C)C)Cc1c(O)cc(O)c2c1C(=O)C[C@H](c1ccc(O)cc1OC)O2,STP03409,成功（100条，已去重）,100,1.0,1.0,1.0,molecule_ID精确匹配,全量源表未提供可核验SMILES；仅保留Swiss原始SMILES供原始行号审计
3519,10590,C=C(C)[C@@H](CC=C(C)C)Cc1c(O)cc(OC)c2c1C(=O)C[C@@H](c1ccc(O)cc1O)O2,STP03513,成功（100条，已去重）,100,1.0,1.0,1.0,molecule_ID精确匹配,全量源表未提供可核验SMILES；仅保留Swiss原始SMILES供原始行号审计
2203,10593,CC(=O)OCC1=C[C@H](O)[C@@H]2C(C(=O)O)=CO[C@@H](O)[C@H]12,STP02198,成功（100条，已去重）,100,1.0,1.0,1.0,molecule_ID精确匹配,全量源表未提供可核验SMILES；仅保留Swiss原始SMILES供原始行号审计
2354,10594,COc1cc([C@@H]2Oc3c(c(OC)cc4ccc(=O)oc34)O[C@H]2CO)ccc1O,STP02349,成功（100条，已去重）,100,1.0,1.0,1.0,molecule_ID精确匹配,全量源表未提供可核验SMILES；仅保留Swiss原始SMILES供原始行号审计
3845,10596,C/C=C(\C)CO,STP03839,成功（100条，已去重）,100,1.0,1.0,1.0,molecule_ID精确匹配,全量源表未提供可核验SMILES；仅保留Swiss原始SMILES供原始行号审计
3634,10600,C=C[C@@](C)(CCC=C(C)C)OC(=O)C(C)C,STP03628,成功（100条，已去重）,100,2.0,1.0,1.0,molecule_ID精确匹配,全量源表未提供可核验SMILES；仅保留Swiss原始SMILES供原始行号审计
2467,10606,COC(=O)C1=CO[C@@H](O)[C@@H]2C(COC(=O)SC)=C[C@@H](O)[C@@H]12,STP02462,成功（100条，已去重）,100,1.0,1.0,1.0,molecule_ID精确匹配,全量源表未提供可核验SMILES；仅保留Swiss原始SMILES供原始行号审计
778,10609,C=CCC1([C@@H](C)CCC)C(=O)NC(=O)NC1=O,STP00777,成功（100条，已去重）,100,1.0,1.0,1.0,molecule_ID精确匹配,全量源表未提供可核验SMILES；仅保留Swiss原始SMILES供原始行号审计
2322,10615,COc1ccc(-c2c/c(=N/c3ccc(OC)c(Cl)c3)c3cc(Cl)ccc3o2)cc1,STP02317,成功（100条，已去重）,100,1.0,1.0,1.0,molecule_ID精确匹配,全量源表未提供可核验SMILES；仅保留Swiss原始SMILES供原始行号审计
1779,10616,Oc1cc(O)cc(Oc2c(O)cc(O)c3c2Oc2c(O)cc(O)cc2O3)c1,STP01775,成功（100条，已去重）,100,1.0,1.0,1.0,molecule_ID精确匹配,全量源表未提供可核验SMILES；仅保留Swiss原始SMILES供原始行号审计
3610,10617,CC/C=C/C/C=C/C/C=C/C/C=C/C/C=C/CCCC(=O)O,STP03604,成功（100条，已去重）,100,1.0,1.0,1.0,molecule_ID精确匹配,全量源表未提供可核验SMILES；仅保留Swiss原始SMILES供原始行号审计
2902,10622,CC/C=C\C/C=C\C/C=C\C/C=C\CCCCC(=O)O,STP02897,成功（100条，已去重）,100,2.0,1.0,1.0,molecule_ID精确匹配,全量源表未提供可核验SMILES；仅保留Swiss原始SMILES供原始行号审计
3018,10628,COc1cc([C@H]2OC[C@@H]3[C@H]2CO[C@@H]3c2cc(OC)c(O)c(OC)c2)cc(OC)c1O,STP03013,成功（100条，已去重）,100,1.0,1.0,1.0,molecule_ID精确匹配,全量源表未提供可核验SMILES；仅保留Swiss原始SMILES供原始行号审计
4182,10629,C=Cc1ncc(OC)c2c1[nH]c1c(OC)cccc12,STP04175,成功（100条，已去重）,100,1.0,1.0,1.0,molecule_ID精确匹配,全量源表未提供可核验SMILES；仅保留Swiss原始SMILES供原始行号审计
1225,10630,O=C1CC[C@H](O)c2cccc(O)c21,STP01223,成功（100条，已去重）,100,1.0,1.0,1.0,molecule_ID精确匹配,全量源表未提供可核验SMILES；仅保留Swiss原始SMILES供原始行号审计
3987,10657,CC(=O)O[C@@H]1[C@H](O)[C@H]2C3=CC[C@H](c4ccoc4)[C@@]3(C)CC[C@@H]2[C@@]2(C)CCC(=O)C(C)(C)[C@@H]12,STP03980,成功（100条，已去重）,100,1.0,1.0,1.0,molecule_ID精确匹配,全量源表未提供可核验SMILES；仅保留Swiss原始SMILES供原始行号审计
2226,10662,COc1ccc2c(c1)[C@H](CO)[C@@H](c1cc(O)c(/C=C\C=O)cc1OC)O2,STP02221,成功（100条，已去重）,100,1.0,1.0,1.0,molecule_ID精确匹配,全量源表未提供可核验SMILES；仅保留Swiss原始SMILES供原始行号审计
2901,10665,C=C[C@@H](O)CCC,STP02896,成功（100条，已去重）,100,1.0,1.0,1.0,molecule_ID精确匹配,全量源表未提供可核验SMILES；仅保留Swiss原始SMILES供原始行号审计
1424,10666,COC(OC)C(C)C,STP01421,成功（100条，已去重）,100,1.0,1.0,1.0,molecule_ID精确匹配,全量源表未提供可核验SMILES；仅保留Swiss原始SMILES供原始行号审计
2400,10686,CCOC(C)C,STP02395,成功（100条，已去重）,100,3.0,1.0,1.0,molecule_ID精确匹配,全量源表未提供可核验SMILES；仅保留Swiss原始SMILES供原始行号审计
2937,10687,CC[C@H](C)CN,STP02932,成功（100条，已去重）,100,2.0,1.0,1.0,molecule_ID精确匹配,全量源表未提供可核验SMILES；仅保留Swiss原始SMILES供原始行号审计
2699,10692,CC(=O)N[C@@H]1C[C@H](O)[C@@H](CO)O[C@H]1O[C@H]1[C@H](O)[C@@H](O)[C@H](O)O[C@@H]1C(=O)O,STP02694,成功（100条，已去重）,100,1.0,1.0,1.0,molecule_ID精确匹配,全量源表未提供可核验SMILES；仅保留Swiss原始SMILES供原始行号审计
2791,10715,CCCC(=O)CC(C)C,STP02786,成功（100条，已去重）,100,1.0,1.0,1.0,molecule_ID精确匹配,全量源表未提供可核验SMILES；仅保留Swiss原始SMILES供原始行号审计
1851,10717,CCC[C@H](C)C(=O)[C@H](C)CC,STP01846,成功（100条，已去重）,100,1.0,1.0,1.0,molecule_ID精确匹配,全量源表未提供可核验SMILES；仅保留Swiss原始SMILES供原始行号审计
1474,10728,CCOC(=O)C(C)(C)O,STP01471,成功（100条，已去重）,100,1.0,1.0,1.0,molecule_ID精确匹配,全量源表未提供可核验SMILES；仅保留Swiss原始SMILES供原始行号审计
869,10735,CC(C)=C[C@@H]1C[C@@H](C)CCO1,STP00868,成功（100条，已去重）,100,2.0,1.0,1.0,molecule_ID精确匹配,全量源表未提供可核验SMILES；仅保留Swiss原始SMILES供原始行号审计
243,10742,C[C@H]1O[C@H](c2ccccc2)[C@H](C)N1C,STP00242,成功（100条，已去重）,100,1.0,1.0,1.0,molecule_ID精确匹配,全量源表未提供可核验SMILES；仅保留Swiss原始SMILES供原始行号审计
4100,10748,CC1=C(C)C[C@](C)(C=O)CC1,STP04093,成功（100条，已去重）,100,2.0,1.0,1.0,molecule_ID精确匹配,全量源表未提供可核验SMILES；仅保留Swiss原始SMILES供原始行号审计
2950,10750,Sc1nnnn1-c1ccccc1,STP02945,成功（100条，已去重）,100,1.0,1.0,1.0,molecule_ID精确匹配,全量源表未提供可核验SMILES；仅保留Swiss原始SMILES供原始行号审计
3652,10753,CCOC[C@@H](C)O,STP03646,成功（100条，已去重）,100,1.0,1.0,1.0,molecule_ID精确匹配,全量源表未提供可核验SMILES；仅保留Swiss原始SMILES供原始行号审计
2710,10754,CCC(C)=C(C)C,STP02705,成功（49条，已去重）,49,1.0,1.0,1.0,molecule_ID精确匹配,全量源表未提供可核验SMILES；仅保留Swiss原始SMILES供原始行号审计
1191,10756,CC[C@@H](C)C(O)O,STP01189,成功（100条，已去重）,100,1.0,1.0,1.0,molecule_ID精确匹配,全量源表未提供可核验SMILES；仅保留Swiss原始SMILES供原始行号审计
4149,10760,C/C=C1/CCCC1(C)C,STP04142,成功（100条，已去重）,100,1.0,1.0,1.0,molecule_ID精确匹配,全量源表未提供可核验SMILES；仅保留Swiss原始SMILES供原始行号审计
2377,10761,CC1=CC=C2/C=C\C(C)=C/C=C\[C@@H]12,STP02372,成功（100条，已去重）,100,1.0,1.0,1.0,molecule_ID精确匹配,全量源表未提供可核验SMILES；仅保留Swiss原始SMILES供原始行号审计
4116,10762,C=C(C)C1=CC[C@@H](C)CC1,STP04109,成功（100条，已去重）,100,1.0,1.0,1.0,molecule_ID精确匹配,全量源表未提供可核验SMILES；仅保留Swiss原始SMILES供原始行号审计
2562,10764,Cc1ccc2ccccc2c1O,STP02557,成功（100条，已去重）,100,1.0,1.0,1.0,molecule_ID精确匹配,全量源表未提供可核验SMILES；仅保留Swiss原始SMILES供原始行号审计
2241,10768,O=C(O)c1cc(O)c2ccccc2n1,STP02236,成功（100条，已去重）,100,2.0,1.0,1.0,molecule_ID精确匹配,全量源表未提供可核验SMILES；仅保留Swiss原始SMILES供原始行号审计
4060,10769,COC(=O)CCCC(C)C,STP04053,成功（100条，已去重）,100,1.0,1.0,1.0,molecule_ID精确匹配,全量源表未提供可核验SMILES；仅保留Swiss原始SMILES供原始行号审计
3737,10779,CCOS(=O)(=O)OCC,STP03731,成功（100条，已去重）,100,1.0,1.0,1.0,molecule_ID精确匹配,全量源表未提供可核验SMILES；仅保留Swiss原始SMILES供原始行号审计
1003,10784,CC(C)C(=O)O,STP01002,成功（100条，已去重）,100,4.0,1.0,1.0,molecule_ID精确匹配,全量源表未提供可核验SMILES；仅保留Swiss原始SMILES供原始行号审计
133,10785,C[C@H]([C@@H](O)c1ccccc1)N(C)C,STP00132,成功（100条，已去重）,100,1.0,1.0,1.0,molecule_ID精确匹配,全量源表未提供可核验SMILES；仅保留Swiss原始SMILES供原始行号审计
3096,10786,CN[C@@H](C)[C@H](OC(=O)c1ccccc1)c1ccccc1,STP03091,成功（100条，已去重）,100,1.0,1.0,1.0,molecule_ID精确匹配,全量源表未提供可核验SMILES；仅保留Swiss原始SMILES供原始行号审计
2375,10788,Oc1ccc([C@@H]2Oc3cc(O)cc(O)c3[C@H](O)[C@@H]2O)cc1,STP02370,成功（100条，已去重）,100,1.0,1.0,1.0,molecule_ID精确匹配,全量源表未提供可核验SMILES；仅保留Swiss原始SMILES供原始行号审计
1311,10789,Cc1ccc(C)c2c1C=CC[C@@H]2C,STP01309,成功（100条，已去重）,100,1.0,1.0,1.0,molecule_ID精确匹配,全量源表未提供可核验SMILES；仅保留Swiss原始SMILES供原始行号审计
1576,10795,C=C[C@@H]1C[C@@H](C)CCC[C@@H]1/C=C/C,STP01573,成功（100条，已去重）,100,1.0,1.0,1.0,molecule_ID精确匹配,全量源表未提供可核验SMILES；仅保留Swiss原始SMILES供原始行号审计
620,10797,C=C[C@@]1(C)CCCC(C)(C)O1,STP00619,成功（100条，已去重）,100,1.0,1.0,1.0,molecule_ID精确匹配,全量源表未提供可核验SMILES；仅保留Swiss原始SMILES供原始行号审计
1903,10798,C[C@@H]1CC[C@]23C[C@H]1C(C)(C)[C@@H]2CC[C@]31CO1,STP01898,成功（100条，已去重）,100,1.0,1.0,1.0,molecule_ID精确匹配,全量源表未提供可核验SMILES；仅保留Swiss原始SMILES供原始行号审计
2323,10799,COC(=O)c1cc(OC)c(OC)c2c1c([N+](=O)[O-])cc1ccccc12,STP02318,成功（100条，已去重）,100,2.0,1.0,1.0,molecule_ID精确匹配,全量源表未提供可核验SMILES；仅保留Swiss原始SMILES供原始行号审计
2395,10804,O=C(O)c1cc2c(c3c1c([N+](=O)[O-])cc1ccccc13)OCO2,STP02390,成功（100条，已去重）,100,2.0,1.0,1.0,molecule_ID精确匹配,全量源表未提供可核验SMILES；仅保留Swiss原始SMILES供原始行号审计
2827,10813,c1ccc2c(c1)ccc1c3ccccc3[nH]c21,STP02822,成功（100条，已去重）,100,1.0,1.0,1.0,molecule_ID精确匹配,全量源表未提供可核验SMILES；仅保留Swiss原始SMILES供原始行号审计
3189,10815,C/C=C(C)\C(C)=C\C,STP03184,成功（61条，已去重）,61,1.0,1.0,1.0,molecule_ID精确匹配,全量源表未提供可核验SMILES；仅保留Swiss原始SMILES供原始行号审计
3614,10817,C=C(C)/C=C(\C)[C@@]12O[C@]1(C)C=CCC2(C)C,STP03608,成功（100条，已去重）,100,1.0,1.0,1.0,molecule_ID精确匹配,全量源表未提供可核验SMILES；仅保留Swiss原始SMILES供原始行号审计
1549,10818,C=C1C(=O)O[C@H]2C[C@]3(C)CCC[C@@H](C)C3=C[C@@H]12,STP01546,成功（100条，已去重）,100,1.0,1.0,1.0,molecule_ID精确匹配,全量源表未提供可核验SMILES；仅保留Swiss原始SMILES供原始行号审计
1683,10819,C=C1C(=O)O[C@H]2[C@@H]1CC[C@@H](C)[C@@H]1C=CC(=O)[C@@]12C,STP01679,成功（100条，已去重）,100,1.0,1.0,1.0,molecule_ID精确匹配,全量源表未提供可核验SMILES；仅保留Swiss原始SMILES供原始行号审计
2708,10821,C/C1=C/CC/C=C(/C)[C@H]2CC(C)(C)[C@H]2C1,STP02703,成功（100条，已去重）,100,1.0,1.0,1.0,molecule_ID精确匹配,全量源表未提供可核验SMILES；仅保留Swiss原始SMILES供原始行号审计
3500,10824,C=C(C(=O)O)[C@@H]1CC[C@@]2(C)CCCC(=C)[C@@H]2C1,STP03494,成功（100条，已去重）,100,2.0,1.0,1.0,molecule_ID精确匹配,全量源表未提供可核验SMILES；仅保留Swiss原始SMILES供原始行号审计
3525,10826,C=C1C(=O)O[C@@H]2/C=C(\C)CC/C=C(\C)CC[C@H]12,STP03519,成功（100条，已去重）,100,1.0,1.0,1.0,molecule_ID精确匹配,全量源表未提供可核验SMILES；仅保留Swiss原始SMILES供原始行号审计
3618,10828,C=C1C(=O)O[C@@H]2[C@H]3C(=C)[C@@H](O)C[C@H]3C(=C)C[C@H](OC(=O)/C(C)=C/O)[C@@H]12,STP03612,成功（100条，已去重）,100,1.0,1.0,1.0,molecule_ID精确匹配,全量源表未提供可核验SMILES；仅保留Swiss原始SMILES供原始行号审计
3988,10830,C/C1=C/CC/C(C)=C/[C@H]2OC(=O)[C@@H](C)[C@@H]2CC1,STP03981,成功（100条，已去重）,100,1.0,1.0,1.0,molecule_ID精确匹配,全量源表未提供可核验SMILES；仅保留Swiss原始SMILES供原始行号审计
1041,10831,C=C1CC[C@H]2C(C)=CC[C@H]3C(=C)C(=O)O[C@@H]3[C@@H]12,STP01040,成功（100条，已去重）,100,1.0,1.0,1.0,molecule_ID精确匹配,全量源表未提供可核验SMILES；仅保留Swiss原始SMILES供原始行号审计
673,10832,C=C(C)[C@@H]1CCC2=CCC[C@H](C)[C@]2(C)C1,STP00672,成功（100条，已去重）,100,1.0,1.0,1.0,molecule_ID精确匹配,全量源表未提供可核验SMILES；仅保留Swiss原始SMILES供原始行号审计
1803,10833,C=C1C(=O)O[C@@H]2C[C@]3(C)CCC[C@H](C)C3=C[C@H]12,STP01799,成功（100条，已去重）,100,1.0,1.0,1.0,molecule_ID精确匹配,全量源表未提供可核验SMILES；仅保留Swiss原始SMILES供原始行号审计
469,10834,C=CCc1ccc(OC(C)=O)c(OC)c1,STP00468,成功（100条，已去重）,100,3.0,1.0,1.0,molecule_ID精确匹配,全量源表未提供可核验SMILES；仅保留Swiss原始SMILES供原始行号审计
3595,10836,C=C1C(=O)O[C@@H]2C[C@@]3(C)CCCC(=C)[C@@H]3C[C@H]12,STP03589,成功（100条，已去重）,100,1.0,1.0,1.0,molecule_ID精确匹配,全量源表未提供可核验SMILES；仅保留Swiss原始SMILES供原始行号审计
4168,10837,C/C1=C\[C@H]2OC(=O)C(=O)[C@H]2CC[C@@H](C)CCC1,STP04161,成功（100条，已去重）,100,1.0,1.0,1.0,molecule_ID精确匹配,全量源表未提供可核验SMILES；仅保留Swiss原始SMILES供原始行号审计
1050,10838,C=C1[C@@H]2[C@H]3OC(=O)C(=C)[C@@H]3CCC(=C)[C@@H]2C[C@H]1O,STP01049,成功（100条，已去重）,100,1.0,1.0,1.0,molecule_ID精确匹配,全量源表未提供可核验SMILES；仅保留Swiss原始SMILES供原始行号审计
4063,10841,C=C1C(=O)O[C@H]2/C=C/CC/C=C(\C)CC[C@H]12,STP04056,成功（100条，已去重）,100,1.0,1.0,1.0,molecule_ID精确匹配,全量源表未提供可核验SMILES；仅保留Swiss原始SMILES供原始行号审计
3892,10842,C=C1CC[C@@H](O)[C@]2(C)CC[C@H]3C(=C)C(=O)O[C@@H]3[C@@H]12,STP03886,成功（100条，已去重）,100,1.0,1.0,1.0,molecule_ID精确匹配,全量源表未提供可核验SMILES；仅保留Swiss原始SMILES供原始行号审计
1762,10843,C=C1C(=O)O[C@@H]2[C@H]3C(C)=CC[C@@H](O)[C@]3(C)CC[C@@H]12,STP01758,成功（100条，已去重）,100,1.0,1.0,1.0,molecule_ID精确匹配,全量源表未提供可核验SMILES；仅保留Swiss原始SMILES供原始行号审计
3612,10844,C=C1CC[C@H]2[C@@H]([C@H]3[C@H]1CC[C@]3(C)O)C2(C)C,STP03606,成功（100条，已去重）,100,1.0,1.0,1.0,molecule_ID精确匹配,全量源表未提供可核验SMILES；仅保留Swiss原始SMILES供原始行号审计
1603,10854,O=C(O)[C@H]1CCCN1,STP01600,成功（100条，已去重）,100,1.0,1.0,1.0,molecule_ID精确匹配,全量源表未提供可核验SMILES；仅保留Swiss原始SMILES供原始行号审计
4074,10855,OCCCCO,STP04067,成功（100条，已去重）,100,1.0,1.0,1.0,molecule_ID精确匹配,全量源表未提供可核验SMILES；仅保留Swiss原始SMILES供原始行号审计
1186,10857,COc1cc2c(c3oc4cccc(O)c4c(=O)c13)[C@H]1C=CO[C@H]1O2,STP01184,成功（100条，已去重）,100,1.0,1.0,1.0,molecule_ID精确匹配,全量源表未提供可核验SMILES；仅保留Swiss原始SMILES供原始行号审计
1769,10859,NCCc1c[nH]c2ccccc12,STP01765,成功（100条，已去重）,100,1.0,1.0,1.0,molecule_ID精确匹配,全量源表未提供可核验SMILES；仅保留Swiss原始SMILES供原始行号审计
2703,1086,COC(=O)c1ccc(C(=O)OC)cc1,STP02698,成功（100条，已去重）,100,2.0,1.0,1.0,molecule_ID精确匹配,全量源表未提供可核验SMILES；仅保留Swiss原始SMILES供原始行号审计
481,10864,COc1cc(-c2cc(=O)c3c(O)cc(O)cc3o2)cc(OC)c1OC,STP00480,成功（100条，已去重）,100,1.0,1.0,1.0,molecule_ID精确匹配,全量源表未提供可核验SMILES；仅保留Swiss原始SMILES供原始行号审计
2949,10865,COc1ccccc1NC(=O)c1cc2cc(Br)ccc2cc1OP(=O)(O)O,STP02944,成功（100条，已去重）,100,1.0,1.0,1.0,molecule_ID精确匹配,全量源表未提供可核验SMILES；仅保留Swiss原始SMILES供原始行号审计
3588,10893,O=C1C[C@H](C(=O)O)c2c1oc(=O)c1cc(O)c(O)c(O)c21,STP03582,成功（100条，已去重）,100,1.0,1.0,1.0,molecule_ID精确匹配,全量源表未提供可核验SMILES；仅保留Swiss原始SMILES供原始行号审计
1035,10902,C=C1N[C@@]2(C(=O)O)c3ccccc3[C@@H]12,STP01034,成功（100条，已去重）,100,1.0,1.0,1.0,molecule_ID精确匹配,全量源表未提供可核验SMILES；仅保留Swiss原始SMILES供原始行号审计
1486,10904,CCc1ccc(C)c2ccc(C)c-2c1,STP01483,成功（100条，已去重）,100,3.0,1.0,1.0,molecule_ID精确匹配,全量源表未提供可核验SMILES；仅保留Swiss原始SMILES供原始行号审计
1873,10905,C/C1=C\CCC2=C[C@H](OC2=O)c2c(C)coc2C1,STP01868,成功（100条，已去重）,100,2.0,1.0,1.0,molecule_ID精确匹配,全量源表未提供可核验SMILES；仅保留Swiss原始SMILES供原始行号审计
1931,10906,CCC[C@H]1O[C@@H]1CCCCC(C)C,STP01926,成功（100条，已去重）,100,2.0,1.0,1.0,molecule_ID精确匹配,全量源表未提供可核验SMILES；仅保留Swiss原始SMILES供原始行号审计
2457,10907,COc1cc2c(cc1O)C[C@@H]1NCCc3cc(O)c(OC)c-2c31,STP02452,成功（100条，已去重）,100,2.0,1.0,1.0,molecule_ID精确匹配,全量源表未提供可核验SMILES；仅保留Swiss原始SMILES供原始行号审计
978,10908,C=C1[C@H]2C[C@H]2[C@]2(C)Cc3occ(C)c3[C@H](O)[C@@H]12,STP00977,成功（100条，已去重）,100,2.0,1.0,1.0,molecule_ID精确匹配,全量源表未提供可核验SMILES；仅保留Swiss原始SMILES供原始行号审计
1080,10915,C/C1=C/CC[C@@H]2C[C@@H](OC2=O)c2c(C)coc21,STP01079,成功（100条，已去重）,100,2.0,1.0,1.0,molecule_ID精确匹配,全量源表未提供可核验SMILES；仅保留Swiss原始SMILES供原始行号审计
2017,10916,O=C(c1c(O)cc(O)cc1O)[C@H](O)Cc1ccc(O)cc1,STP02012,成功（100条，已去重）,100,2.0,1.0,1.0,molecule_ID精确匹配,全量源表未提供可核验SMILES；仅保留Swiss原始SMILES供原始行号审计
679,10917,COc1cc2c(cc1O)C[C@H]1c3c(cc(O)c(OC)c3-2)CCN1C,STP00678,成功（100条，已去重）,100,2.0,1.0,1.0,molecule_ID精确匹配,全量源表未提供可核验SMILES；仅保留Swiss原始SMILES供原始行号审计
3584,10918,CC(C)CCCCCCCCCCC(=O)O,STP03578,成功（100条，已去重）,100,3.0,1.0,1.0,molecule_ID精确匹配,全量源表未提供可核验SMILES；仅保留Swiss原始SMILES供原始行号审计
788,10919,C[C@]12CC[C@@H]3c4ccc(O)cc4CC[C@H]3[C@@H]1CC[C@@H]2O,STP00787,成功（100条，已去重）,100,1.0,1.0,1.0,molecule_ID精确匹配,全量源表未提供可核验SMILES；仅保留Swiss原始SMILES供原始行号审计
207,10921,C[C@@]12CC[C@H]3c4ccc(O)cc4CC[C@H]3[C@@H]1CCC2=O,STP00206,成功（100条，已去重）,100,1.0,1.0,1.0,molecule_ID精确匹配,全量源表未提供可核验SMILES；仅保留Swiss原始SMILES供原始行号审计
3526,10925,CCCCCCC/C=C/CCCCCCCCC(=O)O,STP03520,成功（100条，已去重）,100,3.0,1.0,1.0,molecule_ID精确匹配,全量源表未提供可核验SMILES；仅保留Swiss原始SMILES供原始行号审计
3751,10929,CC/C=C\C/C=C\C/C=C\CCCCCCCC(=O)OC[C@H](O)CO,STP03745,成功（100条，已去重）,100,1.0,1.0,1.0,molecule_ID精确匹配,全量源表未提供可核验SMILES；仅保留Swiss原始SMILES供原始行号审计
453,10930,C=C1CCCC(=C)[C@H]2CC(C)(C)[C@H]2CC1,STP00452,成功（100条，已去重）,100,2.0,1.0,1.0,molecule_ID精确匹配,全量源表未提供可核验SMILES；仅保留Swiss原始SMILES供原始行号审计
3873,10931,CC1=CC(=O)CC(C)(C)[C@H]1/C=C/[C@@H](C)O[C@@H]1O[C@H](CO)[C@@H](O)[C@H](O)[C@H]1O,STP03867,成功（100条，已去重）,100,3.0,1.0,1.0,molecule_ID精确匹配,全量源表未提供可核验SMILES；仅保留Swiss原始SMILES供原始行号审计
3301,1094,CC(C)(O)[C@@H]1CC[C@](C)([C@@H]2CC[C@]3(C)[C@@H]2CC[C@@H]2[C@@]4(C)CC[C@@](C)(O)C(C)(C)[C@@H]4CC[C@]23C)O1,STP03295,成功（100条，已去重）,100,1.0,1.0,1.0,molecule_ID精确匹配,全量源表未提供可核验SMILES；仅保留Swiss原始SMILES供原始行号审计
1520,10945,O=C(OCc1ccccc1O)c1ccccc1,STP01517,成功（100条，已去重）,100,1.0,1.0,1.0,molecule_ID精确匹配,全量源表未提供可核验SMILES；仅保留Swiss原始SMILES供原始行号审计
3674,10946,CC(=O)Cc1ccccc1,STP03668,成功（100条，已去重）,100,2.0,1.0,1.0,molecule_ID精确匹配,全量源表未提供可核验SMILES；仅保留Swiss原始SMILES供原始行号审计
878,10948,C[C@H]1/C=C(\O)[C@H]2[C@H](CC2(C)C)[C@@H](C)CCC1,STP00877,成功（100条，已去重）,100,1.0,1.0,1.0,molecule_ID精确匹配,全量源表未提供可核验SMILES；仅保留Swiss原始SMILES供原始行号审计
3506,10951,COc1cccc(OC)c1OC,STP03500,成功（100条，已去重）,100,1.0,1.0,1.0,molecule_ID精确匹配,全量源表未提供可核验SMILES；仅保留Swiss原始SMILES供原始行号审计
1773,10955,CC1(C)C[C@@H]2[C@H](C1)[C@@]1(C)CCC[C@]2(C)[C@H]1O,STP01769,成功（100条，已去重）,100,1.0,1.0,1.0,molecule_ID精确匹配,全量源表未提供可核验SMILES；仅保留Swiss原始SMILES供原始行号审计
2619,10957,CCOC(=O)/C=C\c1ccccc1,STP02614,成功（100条，已去重）,100,2.0,1.0,1.0,molecule_ID精确匹配,全量源表未提供可核验SMILES；仅保留Swiss原始SMILES供原始行号审计
3295,10961,C[C@H]1O[C@H](Oc2c(-c3ccc(O)cc3)oc3cc(O)cc(O)c3c2=O)[C@H](O)[C@H](O)[C@@H]1O,STP03289,成功（100条，已去重）,100,2.0,1.0,1.0,molecule_ID精确匹配,全量源表未提供可核验SMILES；仅保留Swiss原始SMILES供原始行号审计
3372,10962,[H]Oc1c([H])c([H])c(-c2[o+]c3c([H])c(O[H])c([H])c(O[H])c3c(=O)c2O[C@@]2([H])O[C@]([H])(C([H])([H])[H])[C@@]([H])(O[H])[C@]([H])(O[H])[C@]2([H])O[H])c([H])c1[H],STP03366,成功（100条，已去重）,100,1.0,1.0,1.0,molecule_ID精确匹配,全量源表未提供可核验SMILES；仅保留Swiss原始SMILES供原始行号审计
4032,10964,CCCC/C=C\CCCCCCCCCC1=C(O)C(=O)C=C(OC)C1=O,STP04025,成功（100条，已去重）,100,1.0,1.0,1.0,molecule_ID精确匹配,全量源表未提供可核验SMILES；仅保留Swiss原始SMILES供原始行号审计
3543,10965,O=C1O[C@H]2[C@H](O)[C@@H](O)[C@H](CO)O[C@@H]2c2c1cc(O)c(O)c2O,STP03537,成功（100条，已去重）,100,2.0,1.0,1.0,molecule_ID精确匹配,全量源表未提供可核验SMILES；仅保留Swiss原始SMILES供原始行号审计
4020,10966,CCCCCCCCOC(=O)c1ccccc1C(=O)OCC(C)C,STP04013,成功（100条，已去重）,100,1.0,1.0,1.0,molecule_ID精确匹配,全量源表未提供可核验SMILES；仅保留Swiss原始SMILES供原始行号审计
3485,10974,COc1cc2c(c(OC)c1OC)[C@H]1O[C@@H](CO)[C@H](O)[C@@H](O)[C@@H]1OC2=O,STP03479,成功（100条，已去重）,100,1.0,1.0,1.0,molecule_ID精确匹配,全量源表未提供可核验SMILES；仅保留Swiss原始SMILES供原始行号审计
377,10979,CC(C)CC(C)(C)O,STP00376,成功（100条，已去重）,100,1.0,1.0,1.0,molecule_ID精确匹配,全量源表未提供可核验SMILES；仅保留Swiss原始SMILES供原始行号审计
3857,10986,CC1=CC(=O)CC(C)(C)[C@@H]1/C=C/[C@@H](C)O[C@@H]1O[C@H](CO)[C@@H](O)[C@H](O)[C@H]1O,STP03851,成功（100条，已去重）,100,1.0,1.0,1.0,molecule_ID精确匹配,全量源表未提供可核验SMILES；仅保留Swiss原始SMILES供原始行号审计
1649,10992,COc1cc(C=O)cc(OC)c1OC,STP01645,成功（100条，已去重）,100,1.0,1.0,1.0,molecule_ID精确匹配,全量源表未提供可核验SMILES；仅保留Swiss原始SMILES供原始行号审计
2874,10999,CC1=C(C(C)C)C(=O)CCC1,STP02869,成功（100条，已去重）,100,1.0,1.0,1.0,molecule_ID精确匹配,全量源表未提供可核验SMILES；仅保留Swiss原始SMILES供原始行号审计
2418,11,COc1cc([C@H]2Oc3c(OC)cc4ccc(=O)oc4c3O[C@@H]2CO)ccc1O,STP02413,成功（100条，已去重）,100,3.0,1.0,1.0,molecule_ID精确匹配,全量源表未提供可核验SMILES；仅保留Swiss原始SMILES供原始行号审计
4111,11003,CCCC/C=C\CCCCCCCC1=C(O)C(=O)C=C(OCC)C1=O,STP04104,成功（100条，已去重）,100,1.0,1.0,1.0,molecule_ID精确匹配,全量源表未提供可核验SMILES；仅保留Swiss原始SMILES供原始行号审计
2873,11019,CCCCC[C@@H](CC/C=C/CCC[C@@H](C)OC)C1=CC(=O)C=CC1=O,STP02868,成功（100条，已去重）,100,1.0,1.0,1.0,molecule_ID精确匹配,全量源表未提供可核验SMILES；仅保留Swiss原始SMILES供原始行号审计
2577,11020,CC/C=C/[C@@H](CC[C@@H](CCCCC)C1=C(O)C(=O)C=CC1=O)OC,STP02572,成功（100条，已去重）,100,1.0,1.0,1.0,molecule_ID精确匹配,全量源表未提供可核验SMILES；仅保留Swiss原始SMILES供原始行号审计
1777,1103,C=C[C@@](C)(CCC=C(C)C)OC(C)=O,STP01773,成功（100条，已去重）,100,11.0,1.0,1.0,molecule_ID精确匹配,全量源表未提供可核验SMILES；仅保留Swiss原始SMILES供原始行号审计
3527,11038,OC[C@H]1O[C@@H](Oc2cc(O)cc3c2C[C@H](O)[C@@H](c2ccc(O)c(O)c2)O3)[C@H](O)[C@@H](O)[C@@H]1O,STP03521,成功（100条，已去重）,100,2.0,1.0,1.0,molecule_ID精确匹配,全量源表未提供可核验SMILES；仅保留Swiss原始SMILES供原始行号审计
4170,11041,CCCO[C@]12C[C@H]3C4=CCO[C@@H]5CC(=O)N6c7ccccc7[C@@]1(CCN2C4)[C@@H]6[C@@H]53,STP04163,成功（100条，已去重）,100,1.0,1.0,1.0,molecule_ID精确匹配,全量源表未提供可核验SMILES；仅保留Swiss原始SMILES供原始行号审计
463,11045,COCc1c(CO)cnc(C)c1O,STP00462,成功（100条，已去重）,100,2.0,1.0,1.0,molecule_ID精确匹配,全量源表未提供可核验SMILES；仅保留Swiss原始SMILES供原始行号审计
4014,11056,C=C(CO)[C@H](O)C#N,STP04007,成功（100条，已去重）,100,1.0,1.0,1.0,molecule_ID精确匹配,全量源表未提供可核验SMILES；仅保留Swiss原始SMILES供原始行号审计
2246,1106,CC1=C2CC[C@H](C)[C@H]2[C@@H]2C[C@@H]2CC1,STP02241,成功（100条，已去重）,100,1.0,1.0,1.0,molecule_ID精确匹配,全量源表未提供可核验SMILES；仅保留Swiss原始SMILES供原始行号审计
3251,11070,CCCC/C=C/CCC/C=C/CCCC(=O)O,STP03245,成功（100条，已去重）,100,1.0,1.0,1.0,molecule_ID精确匹配,全量源表未提供可核验SMILES；仅保留Swiss原始SMILES供原始行号审计
4025,11071,CC1(C)O[C@@H]2C=C[C@H]1CC2,STP04018,成功（100条，已去重）,100,1.0,1.0,1.0,molecule_ID精确匹配,全量源表未提供可核验SMILES；仅保留Swiss原始SMILES供原始行号审计
874,11076,COc1ccc2c(c1)O[C@@H]1c3ccc(O)cc3OC[C@H]21,STP00873,成功（100条，已去重）,100,1.0,1.0,1.0,molecule_ID精确匹配,全量源表未提供可核验SMILES；仅保留Swiss原始SMILES供原始行号审计
1121,11077,COC(=O)/C=C\c1cc(OC)c(OC)c(OC)c1,STP01120,成功（100条，已去重）,100,1.0,1.0,1.0,molecule_ID精确匹配,全量源表未提供可核验SMILES；仅保留Swiss原始SMILES供原始行号审计
573,11078,COc1ccc([C@H]2COc3cc(O)ccc3C2=O)cc1O,STP00572,成功（100条，已去重）,100,1.0,1.0,1.0,molecule_ID精确匹配,全量源表未提供可核验SMILES；仅保留Swiss原始SMILES供原始行号审计
810,11079,COCc1ccc(CC(=O)O)cc1,STP00809,成功（100条，已去重）,100,1.0,1.0,1.0,molecule_ID精确匹配,全量源表未提供可核验SMILES；仅保留Swiss原始SMILES供原始行号审计
3821,11081,CC/C=C/C/C=C/C/C=C/CCCCCCCC(=O)OC,STP03815,成功（100条，已去重）,100,3.0,1.0,1.0,molecule_ID精确匹配,全量源表未提供可核验SMILES；仅保留Swiss原始SMILES供原始行号审计
290,11083,COc1oc2ccccc2c(=O)c1-c1ccccc1,STP00289,成功（100条，已去重）,100,1.0,1.0,1.0,molecule_ID精确匹配,全量源表未提供可核验SMILES；仅保留Swiss原始SMILES供原始行号审计
785,11087,C[C@H](O)[C@@H](C)O,STP00784,成功（100条，已去重）,100,2.0,1.0,1.0,molecule_ID精确匹配,全量源表未提供可核验SMILES；仅保留Swiss原始SMILES供原始行号审计
2591,11088,O=C(O)c1ccccc1[N+](=O)[O-],STP02586,成功（100条，已去重）,100,1.0,1.0,1.0,molecule_ID精确匹配,全量源表未提供可核验SMILES；仅保留Swiss原始SMILES供原始行号审计
3848,11089,COc1ccc(C)cc1OC,STP03842,成功（100条，已去重）,100,3.0,1.0,1.0,molecule_ID精确匹配,全量源表未提供可核验SMILES；仅保留Swiss原始SMILES供原始行号审计
610,11090,CCCOc1ccc(C=O)cc1OC,STP00609,成功（100条，已去重）,100,1.0,1.0,1.0,molecule_ID精确匹配,全量源表未提供可核验SMILES；仅保留Swiss原始SMILES供原始行号审计
2923,11091,CN1[C@@H]2C[C@H](OC(=O)[C@H](CO)c3ccccc3)C[C@H]1[C@@H](O)C2,STP02918,成功（100条，已去重）,100,1.0,1.0,1.0,molecule_ID精确匹配,全量源表未提供可核验SMILES；仅保留Swiss原始SMILES供原始行号审计
813,11092,C=C(C(=O)O[C@H]1C[C@@H]2[C@@H]3O[C@@H]3[C@H](C1)N2C)c1ccccc1,STP00812,成功（100条，已去重）,100,1.0,1.0,1.0,molecule_ID精确匹配,全量源表未提供可核验SMILES；仅保留Swiss原始SMILES供原始行号审计
833,11093,C=C(C(=O)O[C@H]1C[C@@H]2[C@H]3O[C@H]3[C@H](C1)N2C)c1ccccc1,STP00832,成功（100条，已去重）,100,2.0,1.0,1.0,molecule_ID精确匹配,全量源表未提供可核验SMILES；仅保留Swiss原始SMILES供原始行号审计
2514,11102,O=S(=O)(O)O/N=C(\S)CC1=C[NH+]=C2C=C[CH]C=C12,STP02509,成功（100条，已去重）,100,1.0,1.0,1.0,molecule_ID精确匹配,全量源表未提供可核验SMILES；仅保留Swiss原始SMILES供原始行号审计
2635,11105,[H]OC([H])([H])[C@@]1([H])O[C@@]([H])(Oc2c([H])[n+]([H])c3c([H])c([H])c([H])c([H])c23)[C@]([H])(O[H])[C@@]([H])(O[H])[C@]1([H])O[H],STP02630,成功（100条，已去重）,100,2.0,1.0,1.0,molecule_ID精确匹配,全量源表未提供可核验SMILES；仅保留Swiss原始SMILES供原始行号审计
866,11106,O[C]1C=[NH+]c2ccccc21,STP00865,成功（100条，已去重）,100,2.0,1.0,1.0,molecule_ID精确匹配,全量源表未提供可核验SMILES；仅保留Swiss原始SMILES供原始行号审计
2225,11107,O=C1[C@H](O)[C@@H](Oc2c[nH]c3ccccc23)O[C@H](CO)[C@H]1O,STP02220,成功（100条，已去重）,100,2.0,1.0,1.0,molecule_ID精确匹配,全量源表未提供可核验SMILES；仅保留Swiss原始SMILES供原始行号审计
2311,11113,CO[N+]1=C[C](C/C(S)=N/OS(=O)(=O)O)c2ccccc21,STP02306,成功（100条，已去重）,100,1.0,1.0,1.0,molecule_ID精确匹配,全量源表未提供可核验SMILES；仅保留Swiss原始SMILES供原始行号审计
4123,11115,O=C1[CH]C(c2ccc(O)cc2)=[O+]c2cc(O)c([C@@H]3O[C@H](O)[C@@H](O)[C@H](O)[C@H]3O)c(O)c21,STP04116,成功（100条，已去重）,100,1.0,1.0,1.0,molecule_ID精确匹配,全量源表未提供可核验SMILES；仅保留Swiss原始SMILES供原始行号审计
1106,11117,COc1cc2cc(Oc3ccc4ccc(=O)oc4c3)c(=O)oc2cc1O,STP01105,成功（100条，已去重）,100,1.0,1.0,1.0,molecule_ID精确匹配,全量源表未提供可核验SMILES；仅保留Swiss原始SMILES供原始行号审计
3261,11118,O=c1c(O[C@@H]2O[C@H](CO)[C@@H](O)[C@H](O)[C@H]2O)c(-c2ccc(O)cc2)oc2cccc(O)c12,STP03255,成功（100条，已去重）,100,1.0,1.0,1.0,molecule_ID精确匹配,全量源表未提供可核验SMILES；仅保留Swiss原始SMILES供原始行号审计
2426,11123,COc1cc(C[C@@H]2COC(=O)[C@]2(O)Cc2ccc(O)c(OC)c2)ccc1O,STP02421,成功（100条，已去重）,100,1.0,1.0,1.0,molecule_ID精确匹配,全量源表未提供可核验SMILES；仅保留Swiss原始SMILES供原始行号审计
1808,11124,O=c1ccc2cc(-c3c(O)ccc4ccc(=O)oc34)c(Oc3cc4ccc(O)cc4oc3=O)cc2o1,STP01803,成功（100条，已去重）,100,1.0,1.0,1.0,molecule_ID精确匹配,全量源表未提供可核验SMILES；仅保留Swiss原始SMILES供原始行号审计
3234,1113,C=C1C[C@]2(C(C)C)C[C@]2(C)[C@H]1C,STP03228,成功（100条，已去重）,100,1.0,1.0,1.0,molecule_ID精确匹配,全量源表未提供可核验SMILES；仅保留Swiss原始SMILES供原始行号审计
4091,11132,CC1(C)C[C@@]2(C)CC[C@@H]1CO2,STP04084,成功（100条，已去重）,100,1.0,1.0,1.0,molecule_ID精确匹配,全量源表未提供可核验SMILES；仅保留Swiss原始SMILES供原始行号审计
476,11149,C=C1CCC[C@@]1(C)[C@]1(C)CC=C(C)CC1,STP00475,成功（100条，已去重）,100,1.0,1.0,1.0,molecule_ID精确匹配,全量源表未提供可核验SMILES；仅保留Swiss原始SMILES供原始行号审计
1662,1115,CC1=C[C@@H](O)[C@@H]2C[C@H]1C2(C)C,STP01658,成功（100条，已去重）,100,3.0,1.0,1.0,molecule_ID精确匹配,全量源表未提供可核验SMILES；仅保留Swiss原始SMILES供原始行号审计
4015,11150,CC(=O)/C=C\C1=C(C)CC[C@@H](C)C1(C)C,STP04008,成功（100条，已去重）,100,1.0,1.0,1.0,molecule_ID精确匹配,全量源表未提供可核验SMILES；仅保留Swiss原始SMILES供原始行号审计
489,11155,CC1=C[C@@]2(C)CCC(C(C)C)=C2CC1,STP00488,成功（100条，已去重）,100,1.0,1.0,1.0,molecule_ID精确匹配,全量源表未提供可核验SMILES；仅保留Swiss原始SMILES供原始行号审计
3771,1117,CC1=CC[C@H](C(C)(C)C)C=C1,STP03765,成功（100条，已去重）,100,1.0,1.0,1.0,molecule_ID精确匹配,全量源表未提供可核验SMILES；仅保留Swiss原始SMILES供原始行号审计
1089,112,[H]Oc1c([H])c([H])c(-c2[o+]c3c([H])c(O[H])c([H])c(O[H])c3c(=O)c2O[C@@]2([H])O[C@]([H])(C([H])([H])O[H])[C@]([H])(O[H])[C@]([H])(O[H])[C@@]2([H])O[H])c([H])c1O[H],STP01088,成功（100条，已去重）,100,4.0,1.0,1.0,molecule_ID精确匹配,全量源表未提供可核验SMILES；仅保留Swiss原始SMILES供原始行号审计
1206,1123,CC1=C[C@@H]2[C@H](CC1)C(C)=CC[C@H]2C(C)C,STP01204,成功（100条，已去重）,100,29.0,1.0,1.0,molecule_ID精确匹配,全量源表未提供可核验SMILES；仅保留Swiss原始SMILES供原始行号审计
3496,1125,C=C(C)O[C@@]12C(=O)OC[C@@H]1Cc1cc(OC)c(OC)c(OC)c1[C@@H]2c1ccc2c(c1)OCO2,STP03490,成功（100条，已去重）,100,1.0,1.0,1.0,molecule_ID精确匹配,全量源表未提供可核验SMILES；仅保留Swiss原始SMILES供原始行号审计
1314,1126,COc1cc([C@@H]2c3cc4c(cc3C[C@H]3COC(=O)[C@]32OC(C)=O)OCO4)cc(OC)c1OC,STP01312,成功（100条，已去重）,100,1.0,1.0,1.0,molecule_ID精确匹配,全量源表未提供可核验SMILES；仅保留Swiss原始SMILES供原始行号审计
1430,11260,N[C@@H]1[C@@H](O)[C@H](O)[C@@H](CO)O[C@H]1O,STP01427,成功（100条，已去重）,100,2.0,1.0,1.0,molecule_ID精确匹配,全量源表未提供可核验SMILES；仅保留Swiss原始SMILES供原始行号审计
1607,1127,COc1cc([C@H]2c3cc4c(cc3C[C@@H]3COC(=O)[C@]32OC(C)=O)OCO4)cc(OC)c1OC,STP01604,成功（100条，已去重）,100,1.0,1.0,1.0,molecule_ID精确匹配,全量源表未提供可核验SMILES；仅保留Swiss原始SMILES供原始行号审计
2118,1128,COc1cc(C)c2c(=O)cc(CC(C)=O)oc2c1[C@H]1O[C@H](CO)[C@@H](O)[C@H](O)[C@H]1OC(=O)/C=C\c1ccc(O)cc1,STP02113,成功（100条，已去重）,100,1.0,1.0,1.0,molecule_ID精确匹配,全量源表未提供可核验SMILES；仅保留Swiss原始SMILES供原始行号审计
1929,1129,CC1=CC(=O)[C@H]2C[C@@H]1C2(C)C,STP01924,成功（100条，已去重）,100,16.0,1.0,1.0,molecule_ID精确匹配,全量源表未提供可核验SMILES；仅保留Swiss原始SMILES供原始行号审计
3867,1130,CC(C)=CCc1c(O[C@@H]2O[C@H](CO)[C@@H](O)[C@H](O)[C@H]2O)cc(O)c2c1O[C@H](c1ccc(O)cc1)[C@@H](O)C2=O,STP03861,成功（100条，已去重）,100,2.0,1.0,1.0,molecule_ID精确匹配,全量源表未提供可核验SMILES；仅保留Swiss原始SMILES供原始行号审计
2227,1131,CC(C)=CCc1c(O)cc(O)c2c1O[C@H](c1ccc(O)cc1)[C@@H](O)C2=O,STP02222,成功（100条，已去重）,100,3.0,1.0,1.0,molecule_ID精确匹配,全量源表未提供可核验SMILES；仅保留Swiss原始SMILES供原始行号审计
1923,11313,CC[C@H]1CC[C@@H]2[C@@H]3CC[C@@H]4CCCC[C@@]4(C)[C@H]3CC[C@]12C,STP01918,成功（100条，已去重）,100,1.0,1.0,1.0,molecule_ID精确匹配,全量源表未提供可核验SMILES；仅保留Swiss原始SMILES供原始行号审计
2502,11315,CCOC(=O)[C@@H](N)Cc1ccc(O)c(O)c1,STP02497,成功（100条，已去重）,100,1.0,1.0,1.0,molecule_ID精确匹配,全量源表未提供可核验SMILES；仅保留Swiss原始SMILES供原始行号审计
3453,11317,C[Si](C)(C)OC(=O)c1ccc(CO)o1,STP03447,成功（100条，已去重）,100,1.0,1.0,1.0,molecule_ID精确匹配,全量源表未提供可核验SMILES；仅保留Swiss原始SMILES供原始行号审计
4027,11319,CCCCCCCCOC(=O)c1ccccc1C(=O)OCCCC,STP04020,成功（100条，已去重）,100,4.0,1.0,1.0,molecule_ID精确匹配,全量源表未提供可核验SMILES；仅保留Swiss原始SMILES供原始行号审计
4016,1132,CC1=CC[C@H]2[C@H]3[C@@H]1[C@]2(C)CCCC3(C)C,STP04009,成功（100条，已去重）,100,5.0,1.0,1.0,molecule_ID精确匹配,全量源表未提供可核验SMILES；仅保留Swiss原始SMILES供原始行号审计
3594,11326,CC1(C)COC(=O)[C@H]1O,STP03588,成功（100条，已去重）,100,1.0,1.0,1.0,molecule_ID精确匹配,全量源表未提供可核验SMILES；仅保留Swiss原始SMILES供原始行号审计
1389,11331,COC1=C(O)CCC([C@H]2c3cc(O)c(OC)cc3C[C@@H](CO)[C@@H]2CO)=C1,STP01387,成功（100条，已去重）,100,1.0,1.0,1.0,molecule_ID精确匹配,全量源表未提供可核验SMILES；仅保留Swiss原始SMILES供原始行号审计
3015,11332,[H]c1c([H])c([H])c2c([H])c3c(nc2c1[H])c1c([H])c([H])c([H])c([H])c1[n+]3[H],STP03010,成功（100条，已去重）,100,1.0,1.0,1.0,molecule_ID精确匹配,全量源表未提供可核验SMILES；仅保留Swiss原始SMILES供原始行号审计
1236,11333,[H]c1c([H])c([H])c2c(=O)[n+]3c(nc2c1[H])C([H])([H])C([H])([H])C3([H])[H],STP01234,成功（100条，已去重）,100,1.0,1.0,1.0,molecule_ID精确匹配,全量源表未提供可核验SMILES；仅保留Swiss原始SMILES供原始行号审计
3462,11334,[H]c1c([H])c([H])c2c(=O)[n+]([H])c([H])nc2c1[H],STP03456,成功（100条，已去重）,100,1.0,1.0,1.0,molecule_ID精确匹配,全量源表未提供可核验SMILES；仅保留Swiss原始SMILES供原始行号审计
2993,11335,O=C1Nc2ccccc2/C1=C1\C(=O)Nc2ccccc21,STP02988,成功（100条，已去重）,100,1.0,1.0,1.0,molecule_ID精确匹配,全量源表未提供可核验SMILES；仅保留Swiss原始SMILES供原始行号审计
4094,11337,O=c1cc(-c2ccc(O)cc2)oc2cc(O[C@@H]3O[C@H](CO)[C@@H](O)[C@H](O)[C@H]3O)c([C@@H]3O[C@H](CO)[C@@H](O)[C@H](O)[C@H]3O)c(O)c12,STP04087,成功（100条，已去重）,100,2.0,1.0,1.0,molecule_ID精确匹配,全量源表未提供可核验SMILES；仅保留Swiss原始SMILES供原始行号审计
2262,11338,COc1cc([C@H]2OC[C@H]3[C@@H]2CO[C@H]3c2ccc(O)c(OC)c2)ccc1O,STP02257,成功（100条，已去重）,100,1.0,1.0,1.0,molecule_ID精确匹配,全量源表未提供可核验SMILES；仅保留Swiss原始SMILES供原始行号审计
3905,11340,CCCC[C@H](CC)COC(=O)[C@@H]1CCCC[C@H]1C(=O)OC[C@@H](CC)CCCC,STP03898,成功（100条，已去重）,100,1.0,1.0,1.0,molecule_ID精确匹配,全量源表未提供可核验SMILES；仅保留Swiss原始SMILES供原始行号审计
2127,11349,N#CCc1ccc(O)c(O)c1O,STP02122,成功（100条，已去重）,100,1.0,1.0,1.0,molecule_ID精确匹配,全量源表未提供可核验SMILES；仅保留Swiss原始SMILES供原始行号审计
3042,11356,O=C(/C=C/c1ccc(O)cc1)O[C@H]1CC[C@H](C(=O)O)CC1,STP03037,成功（100条，已去重）,100,1.0,1.0,1.0,molecule_ID精确匹配,全量源表未提供可核验SMILES；仅保留Swiss原始SMILES供原始行号审计
769,11357,CCOC(=O)c1ccc(O)c(OC)c1,STP00768,成功（100条，已去重）,100,1.0,1.0,1.0,molecule_ID精确匹配,全量源表未提供可核验SMILES；仅保留Swiss原始SMILES供原始行号审计
3808,1136,C=C1Cc2occ(C)c2C(=O)C[C@@H](C)C[C@H]2O[C@@H]12,STP03802,成功（100条，已去重）,100,1.0,1.0,1.0,molecule_ID精确匹配,全量源表未提供可核验SMILES；仅保留Swiss原始SMILES供原始行号审计
3854,11366,CCCCOC(=O)c1ccc(C(=O)OCCCC)cc1,STP03848,成功（100条，已去重）,100,1.0,1.0,1.0,molecule_ID精确匹配,全量源表未提供可核验SMILES；仅保留Swiss原始SMILES供原始行号审计
1555,11373,COC(=O)c1ccc(OC)c(O)c1,STP01552,成功（100条，已去重）,100,1.0,1.0,1.0,molecule_ID精确匹配,全量源表未提供可核验SMILES；仅保留Swiss原始SMILES供原始行号审计
2908,11375,CCCCO[C@@]1(CO)OC[C@@H](O)[C@@H](O)[C@@H]1O,STP02903,成功（100条，已去重）,100,2.0,1.0,1.0,molecule_ID精确匹配,全量源表未提供可核验SMILES；仅保留Swiss原始SMILES供原始行号审计
2492,11376,COc1cc2c(cc1O)CC[N+](C)(C)[C@H]2Cc1ccc(O)c(O)c1,STP02487,成功（100条，已去重）,100,1.0,1.0,1.0,molecule_ID精确匹配,全量源表未提供可核验SMILES；仅保留Swiss原始SMILES供原始行号审计
3615,11378,CC(C)c1cc2c(c(O)c1O)[C@@]1(C)CC[C@H](O)C(C)(C)[C@@H]1C(=O)C2,STP03609,成功（100条，已去重）,100,1.0,1.0,1.0,molecule_ID精确匹配,全量源表未提供可核验SMILES；仅保留Swiss原始SMILES供原始行号审计
1606,1138,CC(C)=CCC[C@](C)(O)[C@H]1CC[C@]2(C)[C@@H]1CC[C@@H]1[C@@]3(C)CC[C@@H](C)C(C)(C)[C@@H]3CC[C@]12C,STP01603,成功（100条，已去重）,100,1.0,1.0,1.0,molecule_ID精确匹配,全量源表未提供可核验SMILES；仅保留Swiss原始SMILES供原始行号审计
518,11388,COc1cc(-c2oc3cc(OC)c(OC)c(O)c3c(=O)c2OC)ccc1O,STP00517,成功（100条，已去重）,100,2.0,1.0,1.0,molecule_ID精确匹配,全量源表未提供可核验SMILES；仅保留Swiss原始SMILES供原始行号审计
3123,114,COc1cc(C(=O)O)ccc1O,STP03118,成功（100条，已去重）,100,84.0,1.0,1.0,molecule_ID精确匹配,全量源表未提供可核验SMILES；仅保留Swiss原始SMILES供原始行号审计
3578,1140,COc1cc(-c2[o+]c3cc(O)cc(O)c3cc2O[C@H]2O[C@@H](CO[C@@H]3O[C@H](C)[C@@H](O)[C@H](O)[C@H]3O)[C@H](O)[C@@H](O)[C@@H]2O)cc(O)c1O,STP03572,成功（100条，已去重）,100,1.0,1.0,1.0,molecule_ID精确匹配,全量源表未提供可核验SMILES；仅保留Swiss原始SMILES供原始行号审计
1764,1141,CC(=O)O[C@H]1CC[C@@]2(C)[C@H](CC[C@]3(C)[C@@H]2C[C@@H](O)[C@@H]2[C@@H]([C@@](C)(O)CCC=C(C)C)[C@@H](O)C[C@]23C)C1(C)C,STP01760,成功（100条，已去重）,100,1.0,1.0,1.0,molecule_ID精确匹配,全量源表未提供可核验SMILES；仅保留Swiss原始SMILES供原始行号审计
3980,11413,C=C[C@H](O)C#CC#C/C=C/[C@@H](O)CCCCCCC,STP03973,成功（100条，已去重）,100,1.0,1.0,1.0,molecule_ID精确匹配,全量源表未提供可核验SMILES；仅保留Swiss原始SMILES供原始行号审计
1667,11416,C=C1[C@H]2C[C@H]2[C@@]2(C)Cc3occ(C)c3C[C@H]12,STP01663,成功（100条，已去重）,100,1.0,1.0,1.0,molecule_ID精确匹配,全量源表未提供可核验SMILES；仅保留Swiss原始SMILES供原始行号审计
3061,11417,C=C1[C@H]2CC[C@@H]3[C@@H]2C(C)(C)CCC[C@]13C,STP03056,成功（100条，已去重）,100,1.0,1.0,1.0,molecule_ID精确匹配,全量源表未提供可核验SMILES；仅保留Swiss原始SMILES供原始行号审计
3440,11426,C=C[C@H](O)C#CC#CC[C@H](O)[C@@H](O)CCCCCCC,STP03434,成功（100条，已去重）,100,1.0,1.0,1.0,molecule_ID精确匹配,全量源表未提供可核验SMILES；仅保留Swiss原始SMILES供原始行号审计
1187,11429,Cc1cc2ncccc2c(C)c1O,STP01185,成功（100条，已去重）,100,1.0,1.0,1.0,molecule_ID精确匹配,全量源表未提供可核验SMILES；仅保留Swiss原始SMILES供原始行号审计
2806,11433,C=C[C@H](O)C#CC#CC[C@@H](O)[C@H](CCCCCCC)OC,STP02801,成功（100条，已去重）,100,1.0,1.0,1.0,molecule_ID精确匹配,全量源表未提供可核验SMILES；仅保留Swiss原始SMILES供原始行号审计
3226,11435,C=C[C@@H](O)C#CC#C[C@@H](O)[C@H](O)[C@H]1O[C@H]1CCCCCCC,STP03221,成功（100条，已去重）,100,1.0,1.0,1.0,molecule_ID精确匹配,全量源表未提供可核验SMILES；仅保留Swiss原始SMILES供原始行号审计
1001,11436,C/C=C\C[C@H]1[C@@H](OC(C)=O)c2c(ccc3ccc(=O)oc23)OC1(C)C,STP01000,成功（100条，已去重）,100,1.0,1.0,1.0,molecule_ID精确匹配,全量源表未提供可核验SMILES；仅保留Swiss原始SMILES供原始行号审计
1394,11440,Cc1ncc(CO)c(CO)c1O,STP01392,成功（100条，已去重）,100,2.0,1.0,1.0,molecule_ID精确匹配,全量源表未提供可核验SMILES；仅保留Swiss原始SMILES供原始行号审计
3416,11445,CC1=CC[C@@]23C[C@H]1C(C)(C)[C@@H]2CC[C@H]3C,STP03410,成功（100条，已去重）,100,1.0,1.0,1.0,molecule_ID精确匹配,全量源表未提供可核验SMILES；仅保留Swiss原始SMILES供原始行号审计
3049,11448,OCCOc1ccc(C2CCCCC2)cc1,STP03044,成功（100条，已去重）,100,1.0,1.0,1.0,molecule_ID精确匹配,全量源表未提供可核验SMILES；仅保留Swiss原始SMILES供原始行号审计
2182,11457,COc1c(-c2ccc(O)cc2)oc2c(O)c(O)cc(O)c2c1=O,STP02177,成功（100条，已去重）,100,1.0,1.0,1.0,molecule_ID精确匹配,全量源表未提供可核验SMILES；仅保留Swiss原始SMILES供原始行号审计
3469,11462,CCC[C@H](CC)c1ccccc1,STP03463,成功（100条，已去重）,100,1.0,1.0,1.0,molecule_ID精确匹配,全量源表未提供可核验SMILES；仅保留Swiss原始SMILES供原始行号审计
1820,11469,O=C(/C=C\c1ccc(O)cc1)OCCc1ccc(O)cc1,STP01815,成功（100条，已去重）,100,1.0,1.0,1.0,molecule_ID精确匹配,全量源表未提供可核验SMILES；仅保留Swiss原始SMILES供原始行号审计
2998,11478,CN1[C@@H]2C[C@@H](OC(=O)[C@H](CO)c3ccccc3)C[C@H]1[C@@H](O)C2,STP02993,成功（100条，已去重）,100,1.0,1.0,1.0,molecule_ID精确匹配,全量源表未提供可核验SMILES；仅保留Swiss原始SMILES供原始行号审计
1114,11491,COc1ccc(C(=O)O[C@H]2C[C@H]3CC[C@@H](C2)N3C)cc1,STP01113,成功（100条，已去重）,100,1.0,1.0,1.0,molecule_ID精确匹配,全量源表未提供可核验SMILES；仅保留Swiss原始SMILES供原始行号审计
3035,1150,CC(=O)O[C@H]1CC[C@@]2(C)[C@H](CC[C@]3(C)[C@@H]2C[C@@H](O)[C@@H]2[C@@H]([C@@](C)(O)C/C=C/C(C)(C)O)[C@@H](O)C[C@]23C)C1(C)C,STP03030,成功（100条，已去重）,100,1.0,1.0,1.0,molecule_ID精确匹配,全量源表未提供可核验SMILES；仅保留Swiss原始SMILES供原始行号审计
29,11524,COC(=O)[C@H](CO)c1ccccc1,STP00028,成功（100条，已去重）,100,1.0,1.0,1.0,molecule_ID精确匹配,全量源表未提供可核验SMILES；仅保留Swiss原始SMILES供原始行号审计
3438,11525,O=C(O[C@@H]1C[C@H]2CC[C@@H](C1)N2)[C@H](CO)c1ccccc1,STP03432,成功（100条，已去重）,100,1.0,1.0,1.0,molecule_ID精确匹配,全量源表未提供可核验SMILES；仅保留Swiss原始SMILES供原始行号审计
1620,11534,O=C(O)[C@H](CO)c1ccccc1,STP01617,成功（100条，已去重）,100,1.0,1.0,1.0,molecule_ID精确匹配,全量源表未提供可核验SMILES；仅保留Swiss原始SMILES供原始行号审计
1322,11545,N[C@H](c1ccccc1)[C@H](N)c1ccccc1,STP01320,成功（100条，已去重）,100,1.0,1.0,1.0,molecule_ID精确匹配,全量源表未提供可核验SMILES；仅保留Swiss原始SMILES供原始行号审计
1687,11549,C[C@@H]1CC(=O)c2c(O)cccc21,STP01683,成功（100条，已去重）,100,1.0,1.0,1.0,molecule_ID精确匹配,全量源表未提供可核验SMILES；仅保留Swiss原始SMILES供原始行号审计
1192,11554,CC(C)[C@]1(C)CC[C@H](C)CC1=O,STP01190,成功（100条，已去重）,100,1.0,1.0,1.0,molecule_ID精确匹配,全量源表未提供可核验SMILES；仅保留Swiss原始SMILES供原始行号审计
1363,11555,CC(C)(O)Cc1ccccc1,STP01361,成功（100条，已去重）,100,1.0,1.0,1.0,molecule_ID精确匹配,全量源表未提供可核验SMILES；仅保留Swiss原始SMILES供原始行号审计
4036,11557,CCCCCCCCCCCC[C@@H](C)c1ccccc1,STP04029,成功（100条，已去重）,100,1.0,1.0,1.0,molecule_ID精确匹配,全量源表未提供可核验SMILES；仅保留Swiss原始SMILES供原始行号审计
524,1156,CO[C@H]1C[C@@H]2C(C)=CC(=O)c3c(C)coc3[C@H]2[C@@H]1C,STP00523,成功（100条，已去重）,100,1.0,1.0,1.0,molecule_ID精确匹配,全量源表未提供可核验SMILES；仅保留Swiss原始SMILES供原始行号审计
3850,11560,CC1(C)C(=O)CC[C@]2(C)CCCC=C12,STP03844,成功（100条，已去重）,100,1.0,1.0,1.0,molecule_ID精确匹配,全量源表未提供可核验SMILES；仅保留Swiss原始SMILES供原始行号审计
2851,11562,CCCC(CC)CC,STP02846,成功（100条，已去重）,100,1.0,1.0,1.0,molecule_ID精确匹配,全量源表未提供可核验SMILES；仅保留Swiss原始SMILES供原始行号审计
1460,11564,CC(=O)[C@@H](C)O,STP01457,成功（100条，已去重）,100,3.0,1.0,1.0,molecule_ID精确匹配,全量源表未提供可核验SMILES；仅保留Swiss原始SMILES供原始行号审计
1042,11568,C[C@@H]1CC=C2[C@H](C)C(=O)O[C@@H]2C1,STP01041,成功（100条，已去重）,100,1.0,1.0,1.0,molecule_ID精确匹配,全量源表未提供可核验SMILES；仅保留Swiss原始SMILES供原始行号审计
882,1157,CO[C@H]1/C=C(\C)Cc2occ(C)c2C(=O)C[C@H](C)C1,STP00881,成功（100条，已去重）,100,1.0,1.0,1.0,molecule_ID精确匹配,全量源表未提供可核验SMILES；仅保留Swiss原始SMILES供原始行号审计
2431,11573,O=C(O)c1cc(=O)c2cc(O)ccc2[nH]1,STP02426,成功（100条，已去重）,100,2.0,1.0,1.0,molecule_ID精确匹配,全量源表未提供可核验SMILES；仅保留Swiss原始SMILES供原始行号审计
1728,1158,C=C1/C=C\[C@@H](OC)[C@H](C)CC(=O)c2c(C)coc2C1,STP01724,成功（100条，已去重）,100,1.0,1.0,1.0,molecule_ID精确匹配,全量源表未提供可核验SMILES；仅保留Swiss原始SMILES供原始行号审计
4,11582,C[C@@H]1CC=C2C(C)(C)CC=C[C@]2(C)O1,STP00003,成功（100条，已去重）,100,1.0,1.0,1.0,molecule_ID精确匹配,全量源表未提供可核验SMILES；仅保留Swiss原始SMILES供原始行号审计
899,1159,CC(=O)O[C@@H]1/C=C(\C)Cc2occ(C)c2C/C=C(\C)C1,STP00898,成功（100条，已去重）,100,1.0,1.0,1.0,molecule_ID精确匹配,全量源表未提供可核验SMILES；仅保留Swiss原始SMILES供原始行号审计
1478,11593,O=c1c(-c2ccccc2)coc2ccccc12,STP01475,成功（100条，已去重）,100,3.0,1.0,1.0,molecule_ID精确匹配,全量源表未提供可核验SMILES；仅保留Swiss原始SMILES供原始行号审计
1006,11594,COc1cc2oc(=O)c3c4ccc(O)cc4oc3c2c2c1CCC(C)(C)O2,STP01005,成功（100条，已去重）,100,1.0,1.0,1.0,molecule_ID精确匹配,全量源表未提供可核验SMILES；仅保留Swiss原始SMILES供原始行号审计
1612,11595,CC[C@@H](C)[C@H](N)C(=O)O,STP01609,成功（100条，已去重）,100,1.0,1.0,1.0,molecule_ID精确匹配,全量源表未提供可核验SMILES；仅保留Swiss原始SMILES供原始行号审计
1009,1160,CO[C@@H]1/C=C(\C)Cc2occ(C)c2C/C=C(\C)C1,STP01008,成功（100条，已去重）,100,2.0,1.0,1.0,molecule_ID精确匹配,全量源表未提供可核验SMILES；仅保留Swiss原始SMILES供原始行号审计
3043,11600,Cc1cccc2ccc3ccccc3c12,STP03038,成功（100条，已去重）,100,3.0,1.0,1.0,molecule_ID精确匹配,全量源表未提供可核验SMILES；仅保留Swiss原始SMILES供原始行号审计
498,11604,COc1cc(-c2oc3cc(O)cc(O)c3c(=O)c2O)cc(OC)c1O,STP00497,成功（100条，已去重）,100,2.0,1.0,1.0,molecule_ID精确匹配,全量源表未提供可核验SMILES；仅保留Swiss原始SMILES供原始行号审计
988,1161,C=C1CC=C[C@]2(C)Cc3occ(C)c3C[C@H]12,STP00987,成功（100条，已去重）,100,1.0,1.0,1.0,molecule_ID精确匹配,全量源表未提供可核验SMILES；仅保留Swiss原始SMILES供原始行号审计
1896,11611,CC(C)(C)c1ccc(O)cc1,STP01891,成功（100条，已去重）,100,1.0,1.0,1.0,molecule_ID精确匹配,全量源表未提供可核验SMILES；仅保留Swiss原始SMILES供原始行号审计
223,11613,CC(=O)OC(C)(C)[C@H]1CC=C(C)C(=O)C1,STP00222,成功（100条，已去重）,100,1.0,1.0,1.0,molecule_ID精确匹配,全量源表未提供可核验SMILES；仅保留Swiss原始SMILES供原始行号审计
1795,1162,C=C1C[C@@H](O)C[C@]2(C)C[C@@H]3OC(=O)C(C)=C3C[C@H]12,STP01791,成功（100条，已去重）,100,1.0,1.0,1.0,molecule_ID精确匹配,全量源表未提供可核验SMILES；仅保留Swiss原始SMILES供原始行号审计
3931,11631,CCCCCCCCCCC[C@@H](C)OC(=O)COC,STP03924,成功（100条，已去重）,100,1.0,1.0,1.0,molecule_ID精确匹配,全量源表未提供可核验SMILES；仅保留Swiss原始SMILES供原始行号审计
3429,11633,CCCC/C(CC)=N/C,STP03423,成功（100条，已去重）,100,1.0,1.0,1.0,molecule_ID精确匹配,全量源表未提供可核验SMILES；仅保留Swiss原始SMILES供原始行号审计
3627,11634,c1ccc(CCNCc2ccccc2)cc1,STP03621,成功（100条，已去重）,100,2.0,1.0,1.0,molecule_ID精确匹配,全量源表未提供可核验SMILES；仅保留Swiss原始SMILES供原始行号审计
3292,11643,O=C(O)[C@H]1O[C@@H](O)[C@H](O)[C@@H](O)[C@H]1O,STP03286,成功（100条，已去重）,100,2.0,1.0,1.0,molecule_ID精确匹配,全量源表未提供可核验SMILES；仅保留Swiss原始SMILES供原始行号审计
3992,11647,CC(C)CC(C)(C)CO,STP03985,成功（100条，已去重）,100,1.0,1.0,1.0,molecule_ID精确匹配,全量源表未提供可核验SMILES；仅保留Swiss原始SMILES供原始行号审计
3865,11649,CC(=O)OCCCCCCCCCC[C@@H](C)C=C(C)C,STP03859,成功（100条，已去重）,100,1.0,1.0,1.0,molecule_ID精确匹配,全量源表未提供可核验SMILES；仅保留Swiss原始SMILES供原始行号审计
2612,11656,CC(C)=CC(C)C,STP02607,成功（53条，已去重）,53,1.0,1.0,1.0,molecule_ID精确匹配,全量源表未提供可核验SMILES；仅保留Swiss原始SMILES供原始行号审计
1804,1166,C/C1=C\CC[C@@H](C)CC(=O)c2c(C)coc2C1,STP01800,成功（100条，已去重）,100,1.0,1.0,1.0,molecule_ID精确匹配,全量源表未提供可核验SMILES；仅保留Swiss原始SMILES供原始行号审计
670,11661,CC[C@@](C)(O)C(C)C,STP00669,成功（100条，已去重）,100,1.0,1.0,1.0,molecule_ID精确匹配,全量源表未提供可核验SMILES；仅保留Swiss原始SMILES供原始行号审计
1147,11662,Nc1ccc(C[C@@H](N)C(=O)O)cc1,STP01146,成功（100条，已去重）,100,1.0,1.0,1.0,molecule_ID精确匹配,全量源表未提供可核验SMILES；仅保留Swiss原始SMILES供原始行号审计
3721,11666,CC(C)=NNc1nc(=O)cc(C)[nH]1,STP03715,成功（100条，已去重）,100,1.0,1.0,1.0,molecule_ID精确匹配,全量源表未提供可核验SMILES；仅保留Swiss原始SMILES供原始行号审计
3119,11669,C=CC1(O)CCCCC1,STP03114,成功（100条，已去重）,100,2.0,1.0,1.0,molecule_ID精确匹配,全量源表未提供可核验SMILES；仅保留Swiss原始SMILES供原始行号审计
295,1167,C=C(C)[C@@H]1CC[C@@]2(C)CCCC(=C)[C@]2(C)C1,STP00294,成功（100条，已去重）,100,2.0,1.0,1.0,molecule_ID精确匹配,全量源表未提供可核验SMILES；仅保留Swiss原始SMILES供原始行号审计
662,1168,C=C[C@]1(C)CCC(=C(C)C)C[C@H]1C(=C)C,STP00661,成功（100条，已去重）,100,13.0,1.0,1.0,molecule_ID精确匹配,全量源表未提供可核验SMILES；仅保留Swiss原始SMILES供原始行号审计
2971,11680,CC(=O)N/C=C/c1ccc2c(c1)O[C@H](c1ccc(O)c(O)c1)[C@@H](NC(C)=O)O2,STP02966,成功（100条，已去重）,100,1.0,1.0,1.0,molecule_ID精确匹配,全量源表未提供可核验SMILES；仅保留Swiss原始SMILES供原始行号审计
3958,11684,Nc1nc(=O)c2c([nH]1)N/C(=C\C(=O)C(=O)O)C(=O)N2,STP03951,成功（100条，已去重）,100,1.0,1.0,1.0,molecule_ID精确匹配,全量源表未提供可核验SMILES；仅保留Swiss原始SMILES供原始行号审计
56,11693,Cc1ccc([C@]2(CO)COC(C)(C)O2)c(O)c1,STP00055,成功（100条，已去重）,100,1.0,1.0,1.0,molecule_ID精确匹配,全量源表未提供可核验SMILES；仅保留Swiss原始SMILES供原始行号审计
3779,11703,C/C=C(\C)C(=O)O[C@@H]1[C@@H]2[C@H](C[C@@H](C)[C@@H]3[C@H](O)CC(=O)[C@]31C)OC(=O)[C@H]2C,STP03773,成功（100条，已去重）,100,1.0,1.0,1.0,molecule_ID精确匹配,全量源表未提供可核验SMILES；仅保留Swiss原始SMILES供原始行号审计
563,11704,COc1cc(/C=C\c2cc(OC)cc(OC)c2)cc(OC)c1,STP00562,成功（100条，已去重）,100,1.0,1.0,1.0,molecule_ID精确匹配,全量源表未提供可核验SMILES；仅保留Swiss原始SMILES供原始行号审计
2615,11714,Cc1ccc([C@](O)(CO)COC(=O)C(C)C)c(O)c1,STP02610,成功（100条，已去重）,100,1.0,1.0,1.0,molecule_ID精确匹配,全量源表未提供可核验SMILES；仅保留Swiss原始SMILES供原始行号审计
2122,11715,Cc1ccc(C(O)(CO)CO)c(O)c1,STP02117,成功（100条，已去重）,100,1.0,1.0,1.0,molecule_ID精确匹配,全量源表未提供可核验SMILES；仅保留Swiss原始SMILES供原始行号审计
3041,11716,Cc1ccc(C(O)(COC(=O)C(C)C)COC(=O)C(C)C)c(O)c1,STP03036,成功（100条，已去重）,100,1.0,1.0,1.0,molecule_ID精确匹配,全量源表未提供可核验SMILES；仅保留Swiss原始SMILES供原始行号审计
658,11717,Cc1ccc([C@H](C)CO)c(O)c1,STP00657,成功（100条，已去重）,100,1.0,1.0,1.0,molecule_ID精确匹配,全量源表未提供可核验SMILES；仅保留Swiss原始SMILES供原始行号审计
3968,11718,C=C(C)C(=O)O[C@H]1[C@@H]2[C@H](C)C(=O)O[C@@H]2C[C@@H](C)[C@@H]2C=CC(=O)[C@]21C,STP03961,成功（100条，已去重）,100,1.0,1.0,1.0,molecule_ID精确匹配,全量源表未提供可核验SMILES；仅保留Swiss原始SMILES供原始行号审计
1526,11719,CC1=C[C@@H]2CC[C@@]1(C)C(C)=C2C,STP01523,成功（100条，已去重）,100,1.0,1.0,1.0,molecule_ID精确匹配,全量源表未提供可核验SMILES；仅保留Swiss原始SMILES供原始行号审计
282,1172,C/C1=C/C(=O)c2c(C)coc2C/C(C)=C\CC1,STP00281,成功（100条，已去重）,100,2.0,1.0,1.0,molecule_ID精确匹配,全量源表未提供可核验SMILES；仅保留Swiss原始SMILES供原始行号审计
4056,11721,C=C1C(=O)O[C@@H]2[C@H]1CC[C@H](C)[C@]1(O)C=CC(=O)[C@@]21C,STP04049,成功（100条，已去重）,100,1.0,1.0,1.0,molecule_ID精确匹配,全量源表未提供可核验SMILES；仅保留Swiss原始SMILES供原始行号审计
1619,1173,C=C1/C=C/[C@H](OC)[C@@H](C)CC(=O)c2c(C)coc2C1,STP01616,成功（100条，已去重）,100,1.0,1.0,1.0,molecule_ID精确匹配,全量源表未提供可核验SMILES；仅保留Swiss原始SMILES供原始行号审计
2650,11730,CC1(C)Oc2cc3oc(CO)cc(=O)c3c(O)c2C[C@H]1O,STP02645,成功（100条，已去重）,100,1.0,1.0,1.0,molecule_ID精确匹配,全量源表未提供可核验SMILES；仅保留Swiss原始SMILES供原始行号审计
999,11731,CC(=O)O[C@H]1Cc2c(cc3oc(C)cc(=O)c3c2O)OC1(C)C,STP00998,成功（100条，已去重）,100,1.0,1.0,1.0,molecule_ID精确匹配,全量源表未提供可核验SMILES；仅保留Swiss原始SMILES供原始行号审计
2887,11732,C/C=C(\C)C(=O)O[C@@H]1c2c(ccc3ccc(=O)oc23)OC(C)(C)[C@H]1OC(=O)/C(C)=C/C,STP02882,成功（100条，已去重）,100,1.0,1.0,1.0,molecule_ID精确匹配,全量源表未提供可核验SMILES；仅保留Swiss原始SMILES供原始行号审计
1286,11735,[H]C(=C(C(=O)OC(C([H])([H])[H])(C([H])([H])[H])[C@@]1([H])Oc2c(c([H])c3c([H])c([H])c(=O)[o+]c3c2[H])C1([H])[H])C([H])([H])[H])C([H])([H])[H],STP01284,成功（100条，已去重）,100,1.0,1.0,1.0,molecule_ID精确匹配,全量源表未提供可核验SMILES；仅保留Swiss原始SMILES供原始行号审计
817,11736,C/C=C(/C)C(=O)O[C@H]1Cc2c(cc3oc(C)cc(=O)c3c2O)OC1(C)C,STP00816,成功（100条，已去重）,100,1.0,1.0,1.0,molecule_ID精确匹配,全量源表未提供可核验SMILES；仅保留Swiss原始SMILES供原始行号审计
2755,11737,COc1c2c(cc3oc(C(=O)O)cc(=O)c13)O[C@H](C(C)(C)O)C2,STP02750,成功（100条，已去重）,100,1.0,1.0,1.0,molecule_ID精确匹配,全量源表未提供可核验SMILES；仅保留Swiss原始SMILES供原始行号审计
1261,11739,C=C1C=C(C(=O)OCC)Oc2cc3c(c(OC)c21)C[C@@H](C(C)(C)O)O3,STP01259,成功（100条，已去重）,100,1.0,1.0,1.0,molecule_ID精确匹配,全量源表未提供可核验SMILES；仅保留Swiss原始SMILES供原始行号审计
97,1174,C=C1Cc2occ(C)c2C(=O)C[C@H](C)C[C@@H]2O[C@@H]12,STP00096,成功（100条，已去重）,100,1.0,1.0,1.0,molecule_ID精确匹配,全量源表未提供可核验SMILES；仅保留Swiss原始SMILES供原始行号审计
991,11740,CC(=O)O[C@@H]1Cc2c(cc3oc(CO)cc(=O)c3c2O)OC1(C)C,STP00990,成功（100条，已去重）,100,1.0,1.0,1.0,molecule_ID精确匹配,全量源表未提供可核验SMILES；仅保留Swiss原始SMILES供原始行号审计
1635,11747,C/C=C(/C)C(=O)O[C@@H]1Cc2c(cc3oc(CO)cc(=O)c3c2O)OC1(C)C,STP01632,成功（100条，已去重）,100,1.0,1.0,1.0,molecule_ID精确匹配,全量源表未提供可核验SMILES；仅保留Swiss原始SMILES供原始行号审计
787,11748,[H]c1c([H])c2c([H])c3c(c([H])c2[o+]c1=O)O[C@@]([H])(C([H])(C([H])([H])[H])C([H])([H])[H])C3([H])[H],STP00786,成功（100条，已去重）,100,2.0,1.0,1.0,molecule_ID精确匹配,全量源表未提供可核验SMILES；仅保留Swiss原始SMILES供原始行号审计
2628,11749,[H]C(=C(C([H])([H])[H])C([H])([H])[H])C([H])([H])Oc1c2oc([H])c([H])c2c(OC([H])([H])[H])c2c([H])c([H])c(=O)[o+]c12,STP02623,成功（100条，已去重）,100,1.0,1.0,1.0,molecule_ID精确匹配,全量源表未提供可核验SMILES；仅保留Swiss原始SMILES供原始行号审计
83,11753,COc1c2c(cc3oc(C)cc(=O)c13)O[C@H](C(C)(C)O)C2,STP00082,成功（100条，已去重）,100,1.0,1.0,1.0,molecule_ID精确匹配,全量源表未提供可核验SMILES；仅保留Swiss原始SMILES供原始行号审计
3720,11758,CC/C=C\C=C/[C@H](O)C/C=C/CCCCCC(=O)O,STP03714,成功（100条，已去重）,100,1.0,1.0,1.0,molecule_ID精确匹配,全量源表未提供可核验SMILES；仅保留Swiss原始SMILES供原始行号审计
1597,1176,CC1=CC[C@H]2[C@@H]3[C@@H](C(C)C)CC[C@@]2(C)[C@H]13,STP01594,成功（100条，已去重）,100,1.0,1.0,1.0,molecule_ID精确匹配,全量源表未提供可核验SMILES；仅保留Swiss原始SMILES供原始行号审计
4090,11767,C=C[C@@](C)(O)[C@@H](O)CC[C@H](C)CCC[C@@H](C)CCCC(C)C,STP04083,成功（100条，已去重）,100,1.0,1.0,1.0,molecule_ID精确匹配,全量源表未提供可核验SMILES；仅保留Swiss原始SMILES供原始行号审计
2132,11769,CCC/C=C1/OC(=O)C2=C1CC[C@H](O)[C@H]2O,STP02127,成功（100条，已去重）,100,1.0,1.0,1.0,molecule_ID精确匹配,全量源表未提供可核验SMILES；仅保留Swiss原始SMILES供原始行号审计
2198,11770,CCCC[C@@H]1OC(=O)C2=C1CC[C@@H](O)[C@@H]2O,STP02193,成功（100条，已去重）,100,1.0,1.0,1.0,molecule_ID精确匹配,全量源表未提供可核验SMILES；仅保留Swiss原始SMILES供原始行号审计
3458,11774,C=C1CC[C@H]2C[C@@H]3[C@@H](C)CC[C@@]13C2(C)C,STP03452,成功（100条，已去重）,100,1.0,1.0,1.0,molecule_ID精确匹配,全量源表未提供可核验SMILES；仅保留Swiss原始SMILES供原始行号审计
538,11777,C/C=C/c1cc(OC)c2c(c1)OCO2,STP00537,成功（100条，已去重）,100,3.0,1.0,1.0,molecule_ID精确匹配,全量源表未提供可核验SMILES；仅保留Swiss原始SMILES供原始行号审计
1707,1178,CC1=C2[C@@H]3C[C@@H]3CC[C@@H](C)[C@]2(C)CC1,STP01703,成功（100条，已去重）,100,1.0,1.0,1.0,molecule_ID精确匹配,全量源表未提供可核验SMILES；仅保留Swiss原始SMILES供原始行号审计
2706,11782,CCC/C=C1\OC(=O)C2=C1CCC=C2,STP02701,成功（100条，已去重）,100,3.0,1.0,1.0,molecule_ID精确匹配,全量源表未提供可核验SMILES；仅保留Swiss原始SMILES供原始行号审计
888,11784,CCC/C=C1/OC(=O)c2cccc(O)c21,STP00887,成功（100条，已去重）,100,1.0,1.0,1.0,molecule_ID精确匹配,全量源表未提供可核验SMILES；仅保留Swiss原始SMILES供原始行号审计
2639,11785,CCCC(=O)[C@@]1(O)OC(=O)C2=C1CCC=C2,STP02634,成功（100条，已去重）,100,1.0,1.0,1.0,molecule_ID精确匹配,全量源表未提供可核验SMILES；仅保留Swiss原始SMILES供原始行号审计
755,11786,CC[C@@H](O)/C=C1/OC(=O)c2ccccc21,STP00754,成功（100条，已去重）,100,1.0,1.0,1.0,molecule_ID精确匹配,全量源表未提供可核验SMILES；仅保留Swiss原始SMILES供原始行号审计
3726,11787,COc1cc2c(=O)c(-c3ccc(O)cc3)coc2cc1O[C@@H]1O[C@H](CO)[C@@H](O)[C@H](O)[C@H]1O,STP03720,成功（100条，已去重）,100,3.0,1.0,1.0,molecule_ID精确匹配,全量源表未提供可核验SMILES；仅保留Swiss原始SMILES供原始行号审计
856,1179,C=C1CC[C@@H]2[C@H]([C@@H]3[C@H](C)CC[C@H]13)C2(C)C,STP00855,成功（100条，已去重）,100,15.0,1.0,1.0,molecule_ID精确匹配,全量源表未提供可核验SMILES；仅保留Swiss原始SMILES供原始行号审计
527,11793,COc1cc2c(cc1O)[C@H](O)C(c1ccc(O)cc1)=CO2,STP00526,成功（100条，已去重）,100,1.0,1.0,1.0,molecule_ID精确匹配,全量源表未提供可核验SMILES；仅保留Swiss原始SMILES供原始行号审计
2792,11794,COC(=O)CC(C)C,STP02787,成功（100条，已去重）,100,2.0,1.0,1.0,molecule_ID精确匹配,全量源表未提供可核验SMILES；仅保留Swiss原始SMILES供原始行号审计
142,118,CC1=CC[C@@H](C(C)(C)O)CC1,STP00141,成功（100条，已去重）,100,82.0,1.0,1.0,molecule_ID精确匹配,全量源表未提供可核验SMILES；仅保留Swiss原始SMILES供原始行号审计
1390,1180,C=C1CC[C@@H](C(C)C)[C@@H]2C=C(C)CC[C@H]12,STP01388,成功（100条，已去重）,100,7.0,1.0,1.0,molecule_ID精确匹配,全量源表未提供可核验SMILES；仅保留Swiss原始SMILES供原始行号审计
3260,11815,C=C(C)[C@@H]1CC/C(C)=C\C[C@@H](O)C(=C)[C@@H](O)C1,STP03254,成功（100条，已去重）,100,1.0,1.0,1.0,molecule_ID精确匹配,全量源表未提供可核验SMILES；仅保留Swiss原始SMILES供原始行号审计
2411,11816,C=C(C)[C@H]1CCC(=C)[C@@H](OC(C)=O)CCC(=C)[C@@H](OC(C)=O)C1,STP02406,成功（100条，已去重）,100,1.0,1.0,1.0,molecule_ID精确匹配,全量源表未提供可核验SMILES；仅保留Swiss原始SMILES供原始行号审计
2443,11817,C=C(C)[C@H]1CCC(=C)[C@H](OC(C)=O)CCC(=C)[C@@H](OC(C)=O)C1,STP02438,成功（100条，已去重）,100,1.0,1.0,1.0,molecule_ID精确匹配,全量源表未提供可核验SMILES；仅保留Swiss原始SMILES供原始行号审计
330,1182,CC1=CC=C[C@@]2(C)Cc3occ(C)c3C[C@]12C,STP00329,成功（100条，已去重）,100,1.0,1.0,1.0,molecule_ID精确匹配,全量源表未提供可核验SMILES；仅保留Swiss原始SMILES供原始行号审计
1547,11831,C=C(C)[C@H]1CC[C@@](C)(O)[C@H](O)C1,STP01544,成功（100条，已去重）,100,1.0,1.0,1.0,molecule_ID精确匹配,全量源表未提供可核验SMILES；仅保留Swiss原始SMILES供原始行号审计
3279,11837,Cc1c(C=O)c(O)c(C=O)c(O)c1C(=O)O,STP03273,成功（100条，已去重）,100,2.0,1.0,1.0,molecule_ID精确匹配,全量源表未提供可核验SMILES；仅保留Swiss原始SMILES供原始行号审计
3434,11839,C[C@H]1CC[C@@H](O)[C@@H]1O,STP03428,成功（100条，已去重）,100,1.0,1.0,1.0,molecule_ID精确匹配,全量源表未提供可核验SMILES；仅保留Swiss原始SMILES供原始行号审计
1408,1184,C/C1=C\[C@H]2[C@@H](CC/C(C)=C/CC1)C2(C)C,STP01406,成功（100条，已去重）,100,4.0,1.0,1.0,molecule_ID精确匹配,全量源表未提供可核验SMILES；仅保留Swiss原始SMILES供原始行号审计
324,11843,CC1=C2CC[C@H](C)C[C@]2(O)CC1=O,STP00323,成功（100条，已去重）,100,2.0,1.0,1.0,molecule_ID精确匹配,全量源表未提供可核验SMILES；仅保留Swiss原始SMILES供原始行号审计
823,11848,CC1=CC(=O)[C@H](C(C)C)CC1,STP00822,成功（100条，已去重）,100,9.0,1.0,1.0,molecule_ID精确匹配,全量源表未提供可核验SMILES；仅保留Swiss原始SMILES供原始行号审计
3906,11849,C[C@H]1CC[C@H]([C@]2(C)CO[C@@H]3O[C@H](CO)[C@@H](O)[C@H](O)[C@@H]3O2)C(=O)C1,STP03899,成功（100条，已去重）,100,2.0,1.0,1.0,molecule_ID精确匹配,全量源表未提供可核验SMILES；仅保留Swiss原始SMILES供原始行号审计
1868,11851,C/C(CO)=C1/CC[C@@H](C)CC1=O,STP01863,成功（100条，已去重）,100,1.0,1.0,1.0,molecule_ID精确匹配,全量源表未提供可核验SMILES；仅保留Swiss原始SMILES供原始行号审计
3619,11852,C=C(CO[C@@H]1O[C@H](CO)[C@@H](O)[C@@H](O)[C@H]1O)[C@@H]1CC[C@H](C)CC1=O,STP03613,成功（100条，已去重）,100,1.0,1.0,1.0,molecule_ID精确匹配,全量源表未提供可核验SMILES；仅保留Swiss原始SMILES供原始行号审计
3516,11853,C=C(CO)[C@@H]1CC[C@H](C)CC1=O,STP03510,成功（100条，已去重）,100,1.0,1.0,1.0,molecule_ID精确匹配,全量源表未提供可核验SMILES；仅保留Swiss原始SMILES供原始行号审计
1000,11854,C[C@@H]1CC(=O)C(C(C)(C)O)=C[C@H]1O,STP00999,成功（100条，已去重）,100,2.0,1.0,1.0,molecule_ID精确匹配,全量源表未提供可核验SMILES；仅保留Swiss原始SMILES供原始行号审计
666,11855,C[C@H]1CC=C(C(C)(C)O)C(=O)C1,STP00665,成功（100条，已去重）,100,2.0,1.0,1.0,molecule_ID精确匹配,全量源表未提供可核验SMILES；仅保留Swiss原始SMILES供原始行号审计
3105,11856,C=C1C(=O)O[C@H]2/C=C(/C)[C@@H](OC(C)=O)C/C=C(\C)C[C@@H](OC(=O)/C(=C/CO)CO)[C@@H]12,STP03100,成功（100条，已去重）,100,1.0,1.0,1.0,molecule_ID精确匹配,全量源表未提供可核验SMILES；仅保留Swiss原始SMILES供原始行号审计
3209,11861,C=C(C)[C@H]1CC[C@@H](C)CC1=O,STP03204,成功（100条，已去重）,100,1.0,1.0,1.0,molecule_ID精确匹配,全量源表未提供可核验SMILES；仅保留Swiss原始SMILES供原始行号审计
3359,11865,O=C(/C=C/c1ccc(O)c(O)c1)O[C@H](Cc1ccc(O)c(O)c1)C(=O)O,STP03353,成功（100条，已去重）,100,5.0,1.0,1.0,molecule_ID精确匹配,全量源表未提供可核验SMILES；仅保留Swiss原始SMILES供原始行号审计
3244,11866,C/C(=C\O[C@@H]1O[C@H](CO)[C@@H](O)[C@H](O)[C@H]1O)[C@H]1CC[C@H](C)CC1=O,STP03238,成功（100条，已去重）,100,1.0,1.0,1.0,molecule_ID精确匹配,全量源表未提供可核验SMILES；仅保留Swiss原始SMILES供原始行号审计
1738,11868,C[C@H]1CC[C@H]([C@](C)(O)CO)C(=O)C1,STP01734,成功（100条，已去重）,100,1.0,1.0,1.0,molecule_ID精确匹配,全量源表未提供可核验SMILES；仅保留Swiss原始SMILES供原始行号审计
4039,11871,C[C@H]1CC[C@@H]2[C@H]1[C@H]1[C@@H](CC[C@@]23CO3)C1(C)C,STP04032,成功（100条，已去重）,100,1.0,1.0,1.0,molecule_ID精确匹配,全量源表未提供可核验SMILES；仅保留Swiss原始SMILES供原始行号审计
174,11872,CC(C)[C@H]1CC[C@H](C)CC1=O,STP00173,成功（100条，已去重）,100,4.0,1.0,1.0,molecule_ID精确匹配,全量源表未提供可核验SMILES；仅保留Swiss原始SMILES供原始行号审计
1402,11874,C=C(C)[C@@H]1CC=C[C@H](OC(=O)CC)C1,STP01400,成功（100条，已去重）,100,1.0,1.0,1.0,molecule_ID精确匹配,全量源表未提供可核验SMILES；仅保留Swiss原始SMILES供原始行号审计
1590,11876,C=C(C)[C@@H]1CC[C@@H](C)CC1=O,STP01587,成功（100条，已去重）,100,4.0,1.0,1.0,molecule_ID精确匹配,全量源表未提供可核验SMILES；仅保留Swiss原始SMILES供原始行号审计
990,11877,CC1=C2CC[C@H](C)C[C@@H]2OC1=O,STP00989,成功（100条，已去重）,100,1.0,1.0,1.0,molecule_ID精确匹配,全量源表未提供可核验SMILES；仅保留Swiss原始SMILES供原始行号审计
789,1188,CC1=CC[C@@H]2[C@H]([C@@H]3[C@H](C)CC[C@@H]13)C2(C)C,STP00788,成功（100条，已去重）,100,1.0,1.0,1.0,molecule_ID精确匹配,全量源表未提供可核验SMILES；仅保留Swiss原始SMILES供原始行号审计
185,11880,Cc1cc(C)c2c(c1)CCC[C@@H]2C,STP00184,成功（100条，已去重）,100,1.0,1.0,1.0,molecule_ID精确匹配,全量源表未提供可核验SMILES；仅保留Swiss原始SMILES供原始行号审计
2946,11883,C[C@H]1CC[C@H](C)[C@@H](O)C1,STP02941,成功（100条，已去重）,100,1.0,1.0,1.0,molecule_ID精确匹配,全量源表未提供可核验SMILES；仅保留Swiss原始SMILES供原始行号审计
3907,11884,C=C[C@](C)(O)C/C=C/C(=C)C,STP03900,成功（100条，已去重）,100,4.0,1.0,1.0,molecule_ID精确匹配,全量源表未提供可核验SMILES；仅保留Swiss原始SMILES供原始行号审计
911,11898,CC1=C[C@H]2[C@@H](CC1)[C@](C)(O)CC[C@H]2C(C)C,STP00910,成功（100条，已去重）,100,1.0,1.0,1.0,molecule_ID精确匹配,全量源表未提供可核验SMILES；仅保留Swiss原始SMILES供原始行号审计
655,11899,C=C(C)[C@@H]1CCC2=CCC[C@H](C)[C@@]2(C)C1,STP00654,成功（100条，已去重）,100,5.0,1.0,1.0,molecule_ID精确匹配,全量源表未提供可核验SMILES；仅保留Swiss原始SMILES供原始行号审计
4040,119,C=C[C@](C)(O)CC/C=C(\C)CCC=C(C)C,STP04033,成功（100条，已去重）,100,33.0,1.0,1.0,molecule_ID精确匹配,全量源表未提供可核验SMILES；仅保留Swiss原始SMILES供原始行号审计
3325,11901,C[C@@H]1CC[C@H]2C(C)(C)CCC[C@]2(C)[C@@]12CC/C(=C\C=O)O2,STP03319,成功（100条，已去重）,100,1.0,1.0,1.0,molecule_ID精确匹配,全量源表未提供可核验SMILES；仅保留Swiss原始SMILES供原始行号审计
3972,11903,CC1=CC[C@@H]2C(C)(C)CCC[C@@]2(C)[C@@H]1C[C@H](O)C1=CC(=O)O[C@@H]1O,STP03965,成功（100条，已去重）,100,1.0,1.0,1.0,molecule_ID精确匹配,全量源表未提供可核验SMILES；仅保留Swiss原始SMILES供原始行号审计
4024,11904,CCc1cccc(CC)n1,STP04017,成功（100条，已去重）,100,1.0,1.0,1.0,molecule_ID精确匹配,全量源表未提供可核验SMILES；仅保留Swiss原始SMILES供原始行号审计
171,11907,CC(C)c1ccc2c(c1)CC[C@H]1C(C)(C)[C@@H](O)CC[C@]21C,STP00170,成功（100条，已去重）,100,1.0,1.0,1.0,molecule_ID精确匹配,全量源表未提供可核验SMILES；仅保留Swiss原始SMILES供原始行号审计
154,11912,C=C1[C@@H]2CCc3cc(C(C)C)ccc3[C@@]2(C)CC[C@@]1(C)O,STP00153,成功（100条，已去重）,100,1.0,1.0,1.0,molecule_ID精确匹配,全量源表未提供可核验SMILES；仅保留Swiss原始SMILES供原始行号审计
1715,11913,CC(=O)O[C@H]1C[C@@H](C)[C@]2(CCC(=O)O2)[C@@]2(C)CCCC(C)(C)[C@H]12,STP01711,成功（100条，已去重）,100,1.0,1.0,1.0,molecule_ID精确匹配,全量源表未提供可核验SMILES；仅保留Swiss原始SMILES供原始行号审计
1870,11914,CC(=O)O[C@@H]1C[C@@H](C)[C@]2(CCCC(=O)O2)[C@@]2(C)CCCC(C)(C)[C@H]12,STP01865,成功（100条，已去重）,100,1.0,1.0,1.0,molecule_ID精确匹配,全量源表未提供可核验SMILES；仅保留Swiss原始SMILES供原始行号审计
241,11916,CC(C)c1ccc2c(c1)CC[C@@H]1C(C)(C)CCC[C@@]21C,STP00240,成功（100条，已去重）,100,1.0,1.0,1.0,molecule_ID精确匹配,全量源表未提供可核验SMILES；仅保留Swiss原始SMILES供原始行号审计
3091,1192,CC1(C)C[C@@H]2[C@@H]1CC[C@]1(C)CCC[C@@]2(C)C1,STP03086,成功（100条，已去重）,100,1.0,1.0,1.0,molecule_ID精确匹配,全量源表未提供可核验SMILES；仅保留Swiss原始SMILES供原始行号审计
4141,11923,CC(=O)O[C@@H]1C[C@@H](C)[C@]2(CC[C@@]3(COC(=O)C3)O2)[C@@]2(C)CCCC(C)(C)[C@H]12,STP04134,成功（100条，已去重）,100,1.0,1.0,1.0,molecule_ID精确匹配,全量源表未提供可核验SMILES；仅保留Swiss原始SMILES供原始行号审计
615,1193,C=C1CC[C@H]2O[C@]2(C)CC[C@H]2C(C)(C)C[C@]12[O-],STP00614,成功（100条，已去重）,100,1.0,1.0,1.0,molecule_ID精确匹配,全量源表未提供可核验SMILES；仅保留Swiss原始SMILES供原始行号审计
3482,11931,C=C[C@](C)(O)CC[C@@]1(C)C2=C([C@H](OC(C)=O)[C@H](O)[C@H]1C)C(C)(C)CCC2,STP03476,成功（100条，已去重）,100,1.0,1.0,1.0,molecule_ID精确匹配,全量源表未提供可核验SMILES；仅保留Swiss原始SMILES供原始行号审计
3110,11933,C=C[C@](C)(O)CC[C@@]1(C)C2=CCCC(C)(C)C2=C[C@H](O)[C@H]1C,STP03105,成功（100条，已去重）,100,1.0,1.0,1.0,molecule_ID精确匹配,全量源表未提供可核验SMILES；仅保留Swiss原始SMILES供原始行号审计
427,11938,COc1ccc(-c2cc(C=O)cc3ccc(O)c(OC)c23)cc1OC,STP00426,成功（100条，已去重）,100,1.0,1.0,1.0,molecule_ID精确匹配,全量源表未提供可核验SMILES；仅保留Swiss原始SMILES供原始行号审计
2637,11940,COc1cc2c(cc1OC)[C@@H](O)c1c(C=O)cc3ccc(O)c(OC)c3c1-2,STP02632,成功（100条，已去重）,100,1.0,1.0,1.0,molecule_ID精确匹配,全量源表未提供可核验SMILES；仅保留Swiss原始SMILES供原始行号审计
3333,11942,COc1cccc2ccccc12,STP03327,成功（100条，已去重）,100,1.0,1.0,1.0,molecule_ID精确匹配,全量源表未提供可核验SMILES；仅保留Swiss原始SMILES供原始行号审计
3851,11943,CC1=CCCO1,STP03845,成功（100条，已去重）,100,1.0,1.0,1.0,molecule_ID精确匹配,全量源表未提供可核验SMILES；仅保留Swiss原始SMILES供原始行号审计
4132,11944,COc1nccnc1C(C)C,STP04125,成功（100条，已去重）,100,2.0,1.0,1.0,molecule_ID精确匹配,全量源表未提供可核验SMILES；仅保留Swiss原始SMILES供原始行号审计
2382,11946,CCCC(C)(C)CC,STP02377,成功（100条，已去重）,100,1.0,1.0,1.0,molecule_ID精确匹配,全量源表未提供可核验SMILES；仅保留Swiss原始SMILES供原始行号审计
279,11949,COC(=O)[C@H]1[C@H]2CC[C@@H](C[C@H]1OC(=O)c1ccccc1)N2C,STP00278,成功（100条，已去重）,100,1.0,1.0,1.0,molecule_ID精确匹配,全量源表未提供可核验SMILES；仅保留Swiss原始SMILES供原始行号审计
1994,11958,COc1cccc(/C=C\C(=O)O)c1,STP01989,成功（100条，已去重）,100,1.0,1.0,1.0,molecule_ID精确匹配,全量源表未提供可核验SMILES；仅保留Swiss原始SMILES供原始行号审计
3870,11960,CC[C@@H](C)CCCC/C=C\CCCCCCC(=O)OC,STP03864,成功（100条，已去重）,100,1.0,1.0,1.0,molecule_ID精确匹配,全量源表未提供可核验SMILES；仅保留Swiss原始SMILES供原始行号审计
3691,11963,[H]C(=C(C([H])([H])[H])C([H])([H])C([H])([H])C([H])=C(C([H])([H])[H])C([H])([H])[H])C([H])([H])Oc1c2oc([H])c([H])c2c(OC([H])([H])[H])c2c([H])c([H])c(=O)[o+]c12,STP03685,成功（100条，已去重）,100,1.0,1.0,1.0,molecule_ID精确匹配,全量源表未提供可核验SMILES；仅保留Swiss原始SMILES供原始行号审计
4171,11969,C=CC(C)(C)c1c2occc2c(O)c2ccc(=O)oc12,STP04164,成功（100条，已去重）,100,2.0,1.0,1.0,molecule_ID精确匹配,全量源表未提供可核验SMILES；仅保留Swiss原始SMILES供原始行号审计
564,1197,C/C1=C\[C@@H](C)C/C(C)=C/CC2=C(CC=C2)C1,STP00563,成功（100条，已去重）,100,1.0,1.0,1.0,molecule_ID精确匹配,全量源表未提供可核验SMILES；仅保留Swiss原始SMILES供原始行号审计
3760,11974,[H]C(=C(C([H])([H])[H])C([H])([H])[C@@]([H])(C([H])=C(C([H])([H])[H])C([H])([H])[H])C([H])([H])[H])C([H])([H])Oc1c2c([H])c([H])oc2c([H])c2[o+]c(=O)c([H])c([H])c12,STP03754,成功（100条，已去重）,100,1.0,1.0,1.0,molecule_ID精确匹配,全量源表未提供可核验SMILES；仅保留Swiss原始SMILES供原始行号审计
1588,11980,COc1cc(/C=C/c2ccc(O)cc2)cc(OC)c1,STP01585,成功（100条，已去重）,100,1.0,1.0,1.0,molecule_ID精确匹配,全量源表未提供可核验SMILES；仅保留Swiss原始SMILES供原始行号审计
191,11981,CC(=O)O[C@@H]1C=C(C)[C@@H]2C[C@H]1C2(C)C,STP00190,成功（100条，已去重）,100,1.0,1.0,1.0,molecule_ID精确匹配,全量源表未提供可核验SMILES；仅保留Swiss原始SMILES供原始行号审计
1517,11982,C=C1CC[C@@]23C[C@@H]1C(C)(C)[C@@H]2CC[C@H]3C,STP01514,成功（100条，已去重）,100,4.0,1.0,1.0,molecule_ID精确匹配,全量源表未提供可核验SMILES；仅保留Swiss原始SMILES供原始行号审计
2285,11983,COc1cc([C@H]2Oc3c(OC)cc(/C=C\C=O)cc3[C@@H]2CO)ccc1O,STP02280,成功（100条，已去重）,100,1.0,1.0,1.0,molecule_ID精确匹配,全量源表未提供可核验SMILES；仅保留Swiss原始SMILES供原始行号审计
2050,12,CCCCCCCCCCCCCCCCCCCC(=O)O,STP02045,成功（100条，已去重）,100,62.0,1.0,1.0,molecule_ID精确匹配,全量源表未提供可核验SMILES；仅保留Swiss原始SMILES供原始行号审计
877,1201,CC(C)=CCC[C@@]1(C)[C@@H]2CC=C(C)[C@H]1C2,STP00876,成功（100条，已去重）,100,20.0,1.0,1.0,molecule_ID精确匹配,全量源表未提供可核验SMILES；仅保留Swiss原始SMILES供原始行号审计
2217,12019,CC(=O)Oc1ccc(/C=C/C(=O)O)cc1O,STP02212,成功（100条，已去重）,100,1.0,1.0,1.0,molecule_ID精确匹配,全量源表未提供可核验SMILES；仅保留Swiss原始SMILES供原始行号审计
3100,1202,CC(=O)[C@H]1CC=C(C)CC1,STP03095,成功（100条，已去重）,100,2.0,1.0,1.0,molecule_ID精确匹配,全量源表未提供可核验SMILES；仅保留Swiss原始SMILES供原始行号审计
3702,12027,COc1ccc(/C=C\C(=O)O[C@@H]2O[C@@H](CO)[C@H](O)[C@@H](O)[C@@H]2O)cc1O,STP03696,成功（100条，已去重）,100,1.0,1.0,1.0,molecule_ID精确匹配,全量源表未提供可核验SMILES；仅保留Swiss原始SMILES供原始行号审计
2983,12052,COc1cc(/C=C\C(=O)NCCc2ccc(O)c(OC)c2)ccc1O,STP02978,成功（100条，已去重）,100,1.0,1.0,1.0,molecule_ID精确匹配,全量源表未提供可核验SMILES；仅保留Swiss原始SMILES供原始行号审计
2454,12053,COc1cc(O)cc([C@H]2Oc3c(OC)cc(/C=C/C(=O)O)cc3[C@@H]2CO)c1,STP02449,成功（100条，已去重）,100,1.0,1.0,1.0,molecule_ID精确匹配,全量源表未提供可核验SMILES；仅保留Swiss原始SMILES供原始行号审计
2987,12076,Cc1cc(=O)c2c(O)c3ccoc3cc2o1,STP02982,成功（100条，已去重）,100,1.0,1.0,1.0,molecule_ID精确匹配,全量源表未提供可核验SMILES；仅保留Swiss原始SMILES供原始行号审计
2472,12077,O=C(O)[C@@H](O)[C@](O)(Cc1ccc(O)cc1)C(=O)O,STP02467,成功（100条，已去重）,100,1.0,1.0,1.0,molecule_ID精确匹配,全量源表未提供可核验SMILES；仅保留Swiss原始SMILES供原始行号审计
919,12078,Cc1cc(=O)c2c(O)c3c(cc2o1)O[C@@H](C(C)(C)O)C3,STP00918,成功（100条，已去重）,100,1.0,1.0,1.0,molecule_ID精确匹配,全量源表未提供可核验SMILES；仅保留Swiss原始SMILES供原始行号审计
502,12082,CC(C)=C/C=C1\C(=O)Nc2ccccc21,STP00501,成功（100条，已去重）,100,1.0,1.0,1.0,molecule_ID精确匹配,全量源表未提供可核验SMILES；仅保留Swiss原始SMILES供原始行号审计
2192,12087,COc1ccc(/C=C/C(=O)O)c(O)c1,STP02187,成功（100条，已去重）,100,1.0,1.0,1.0,molecule_ID精确匹配,全量源表未提供可核验SMILES；仅保留Swiss原始SMILES供原始行号审计
3038,12089,Cc1cc2ccccc2c2ccccc12,STP03033,成功（100条，已去重）,100,1.0,1.0,1.0,molecule_ID精确匹配,全量源表未提供可核验SMILES；仅保留Swiss原始SMILES供原始行号审计
3632,12090,CCCCC/C=C/CCCCCCCC(=O)O,STP03626,成功（100条，已去重）,100,1.0,1.0,1.0,molecule_ID精确匹配,全量源表未提供可核验SMILES；仅保留Swiss原始SMILES供原始行号审计
3919,12093,C[C@@H]([O-])CCCC/C=C/CCCCCCCCO,STP03912,成功（100条，已去重）,100,1.0,1.0,1.0,molecule_ID精确匹配,全量源表未提供可核验SMILES；仅保留Swiss原始SMILES供原始行号审计
1438,12094,CC1=CC[C@H](C(C)C)c2cc(C)ccc21,STP01435,成功（100条，已去重）,100,1.0,1.0,1.0,molecule_ID精确匹配,全量源表未提供可核验SMILES；仅保留Swiss原始SMILES供原始行号审计
3012,12098,Cc1cc(C)c2c(C)cccc2c1,STP03007,成功（100条，已去重）,100,1.0,1.0,1.0,molecule_ID精确匹配,全量源表未提供可核验SMILES；仅保留Swiss原始SMILES供原始行号审计
3166,1210,CC(C)[C@@H]1CC=C(C=O)CC1,STP03161,成功（100条，已去重）,100,9.0,1.0,1.0,molecule_ID精确匹配,全量源表未提供可核验SMILES；仅保留Swiss原始SMILES供原始行号审计
1224,12101,COc1cc2oc(-c3ccccc3)cc(=O)c2c(O)c1OC,STP01222,成功（100条，已去重）,100,2.0,1.0,1.0,molecule_ID精确匹配,全量源表未提供可核验SMILES；仅保留Swiss原始SMILES供原始行号审计
657,12106,CC(=O)Oc1cc(C(C)C)ccc1C,STP00656,成功（100条，已去重）,100,3.0,1.0,1.0,molecule_ID精确匹配,全量源表未提供可核验SMILES；仅保留Swiss原始SMILES供原始行号审计
2499,12107,CC1=C2C=C(C(C)C)CC[C@@]2(C)CCC1,STP02494,成功（100条，已去重）,100,2.0,1.0,1.0,molecule_ID精确匹配,全量源表未提供可核验SMILES；仅保留Swiss原始SMILES供原始行号审计
2078,12108,COc1cc2oc(-c3ccccc3)cc(=O)c2c(O)c1O,STP02073,成功（100条，已去重）,100,2.0,1.0,1.0,molecule_ID精确匹配,全量源表未提供可核验SMILES；仅保留Swiss原始SMILES供原始行号审计
2624,12112,COc1ccc([C@H]2OC[C@H]3[C@@H]2CO[C@@H]3c2ccc3c(c2)OCO3)cc1OC,STP02619,成功（100条，已去重）,100,1.0,1.0,1.0,molecule_ID精确匹配,全量源表未提供可核验SMILES；仅保留Swiss原始SMILES供原始行号审计
3436,12114,CCC/C=C/C=C/C=C/C=C/C(=O)NCC(C)C,STP03430,成功（100条，已去重）,100,2.0,1.0,1.0,molecule_ID精确匹配,全量源表未提供可核验SMILES；仅保留Swiss原始SMILES供原始行号审计
613,12116,C=CCc1cc2c(cc1OC)OCO2,STP00612,成功（100条，已去重）,100,2.0,1.0,1.0,molecule_ID精确匹配,全量源表未提供可核验SMILES；仅保留Swiss原始SMILES供原始行号审计
2725,12119,C=CCC1=C[C@@]2(OC)C(=O)[C@@H](C1=O)[C@H](c1ccc(OC)c(OC)c1)[C@H]2C,STP02720,成功（100条，已去重）,100,1.0,1.0,1.0,molecule_ID精确匹配,全量源表未提供可核验SMILES；仅保留Swiss原始SMILES供原始行号审计
1399,12120,C=CCC1=C[C@@]2(OC)C(=O)[C@@H](C1=O)[C@H](c1ccc3c(c1)OCO3)[C@H]2C,STP01397,成功（100条，已去重）,100,1.0,1.0,1.0,molecule_ID精确匹配,全量源表未提供可核验SMILES；仅保留Swiss原始SMILES供原始行号审计
1634,12123,C=CCC1=C[C@@]2(OC)OC(=O)[C@@H](C1=C)[C@H](c1ccc3c(c1)OCO3)[C@H]2C,STP01631,成功（100条，已去重）,100,1.0,1.0,1.0,molecule_ID精确匹配,全量源表未提供可核验SMILES；仅保留Swiss原始SMILES供原始行号审计
1807,12124,C=CCC1=C[C@@]2(OC)OC(=O)[C@@H](C1=C)[C@H](c1ccc(O)c(OC)c1)[C@H]2C,STP01802,成功（100条，已去重）,100,1.0,1.0,1.0,molecule_ID精确匹配,全量源表未提供可核验SMILES；仅保留Swiss原始SMILES供原始行号审计
1060,12125,C=CCC1=C[C@@]2(OC)OC(=O)[C@@H](C1=C)[C@H](c1ccc(OC)c(OC)c1)[C@H]2C,STP01059,成功（100条，已去重）,100,1.0,1.0,1.0,molecule_ID精确匹配,全量源表未提供可核验SMILES；仅保留Swiss原始SMILES供原始行号审计
1878,12126,C=CCC1=C[C@@]2(OC)OC(=O)[C@@H](C1=C)[C@H](c1cc(OC)c(OC)c(OC)c1)[C@H]2C,STP01873,成功（100条，已去重）,100,1.0,1.0,1.0,molecule_ID精确匹配,全量源表未提供可核验SMILES；仅保留Swiss原始SMILES供原始行号审计
2563,12127,COC(=O)Cc1cc(O)cc(C/C=C(\C)CCC=C(C)C)c1O,STP02558,成功（100条，已去重）,100,1.0,1.0,1.0,molecule_ID精确匹配,全量源表未提供可核验SMILES；仅保留Swiss原始SMILES供原始行号审计
2392,12130,C=CC[C@H]1C(=O)C=C(OC)[C@@]2(OC)[C@H](C)[C@@H](c3ccc4c(c3)OCO4)O[C@@H]12,STP02387,成功（100条，已去重）,100,1.0,1.0,1.0,molecule_ID精确匹配,全量源表未提供可核验SMILES；仅保留Swiss原始SMILES供原始行号审计
671,12131,C=CCC1=C[C@](OC)([C@H](C)Cc2ccc3c(c2)OCO3)C(OC)=CC1=O,STP00670,成功（100条，已去重）,100,1.0,1.0,1.0,molecule_ID精确匹配,全量源表未提供可核验SMILES；仅保留Swiss原始SMILES供原始行号审计
700,12135,C=CCc1cc(OC)c2c(c1)[C@H](C)[C@@H](c1ccc3c(c1)OCO3)O2,STP00699,成功（100条，已去重）,100,1.0,1.0,1.0,molecule_ID精确匹配,全量源表未提供可核验SMILES；仅保留Swiss原始SMILES供原始行号审计
2772,12137,COc1ccc([C@@H](O)[C@H]2CO[C@H](c3ccc4c(c3)OCO4)[C@H]2CO)cc1OC,STP02767,成功（100条，已去重）,100,1.0,1.0,1.0,molecule_ID精确匹配,全量源表未提供可核验SMILES；仅保留Swiss原始SMILES供原始行号审计
1765,1214,CC(=O)Nc1cccc(O)c1,STP01761,成功（100条，已去重）,100,1.0,1.0,1.0,molecule_ID精确匹配,全量源表未提供可核验SMILES；仅保留Swiss原始SMILES供原始行号审计
2144,12140,C=Cc1ncc(OC)c2c3ccccc3n(OC)c12,STP02139,成功（100条，已去重）,100,1.0,1.0,1.0,molecule_ID精确匹配,全量源表未提供可核验SMILES；仅保留Swiss原始SMILES供原始行号审计
1585,12141,O[C@H]1CN2Cc3cc4c(cc3[C@@H]3[C@H]5NCCC[C@H]5C=C1[C@H]32)OCO4,STP01582,成功（100条，已去重）,100,1.0,1.0,1.0,molecule_ID精确匹配,全量源表未提供可核验SMILES；仅保留Swiss原始SMILES供原始行号审计
1782,12142,C[C@]12CC[C@@H]3c4ccc(O)cc4CC[C@H]3[C@H]1C[C@@H](O)[C@@H]2O,STP01778,成功（100条，已去重）,100,2.0,1.0,1.0,molecule_ID精确匹配,全量源表未提供可核验SMILES；仅保留Swiss原始SMILES供原始行号审计
2064,12145,O=C1C=CC(=O)c2c(O)ccc(O)c21,STP02059,成功（100条，已去重）,100,1.0,1.0,1.0,molecule_ID精确匹配,全量源表未提供可核验SMILES；仅保留Swiss原始SMILES供原始行号审计
2448,12147,CCC[C@@H](O)CC,STP02443,成功（100条，已去重）,100,1.0,1.0,1.0,molecule_ID精确匹配,全量源表未提供可核验SMILES；仅保留Swiss原始SMILES供原始行号审计
3191,1215,CC(C)=CCC[C@H](C)[C@H]1CC[C@@]2(C)C3=C(CC[C@@]12C)[C@@]1(C)CC[C@@H](O)C(C)(C)[C@H]1CC3,STP03186,成功（100条，已去重）,100,1.0,1.0,1.0,molecule_ID精确匹配,全量源表未提供可核验SMILES；仅保留Swiss原始SMILES供原始行号审计
716,12151,C=C[C@H]1CC[C@@H](O)C(C)(C)O1,STP00715,成功（100条，已去重）,100,1.0,1.0,1.0,molecule_ID精确匹配,全量源表未提供可核验SMILES；仅保留Swiss原始SMILES供原始行号审计
733,12153,COc1cc2c(c3c1C[C@H](C(C)(C)O)O3)C(=O)O[C@@H](C)C2,STP00732,成功（100条，已去重）,100,1.0,1.0,1.0,molecule_ID精确匹配,全量源表未提供可核验SMILES；仅保留Swiss原始SMILES供原始行号审计
136,12155,C=C[C@]1(C)CCC[C@@H](C(=C)C)O1,STP00135,成功（100条，已去重）,100,1.0,1.0,1.0,molecule_ID精确匹配,全量源表未提供可核验SMILES；仅保留Swiss原始SMILES供原始行号审计
2342,12158,COc1ccccc1COC(=O)c1c(OC)ccc(OC)c1OC,STP02337,成功（100条，已去重）,100,1.0,1.0,1.0,molecule_ID精确匹配,全量源表未提供可核验SMILES；仅保留Swiss原始SMILES供原始行号审计
2321,12159,COc1cccc(O)c1C(=O)O,STP02316,成功（100条，已去重）,100,1.0,1.0,1.0,molecule_ID精确匹配,全量源表未提供可核验SMILES；仅保留Swiss原始SMILES供原始行号审计
1288,12160,COc1ccccc1C(=O)OCc1c(O)cccc1OC,STP01286,成功（100条，已去重）,100,1.0,1.0,1.0,molecule_ID精确匹配,全量源表未提供可核验SMILES；仅保留Swiss原始SMILES供原始行号审计
1145,12161,COc1ccccc1COC(=O)c1c(OC)cccc1OC,STP01144,成功（100条，已去重）,100,1.0,1.0,1.0,molecule_ID精确匹配,全量源表未提供可核验SMILES；仅保留Swiss原始SMILES供原始行号审计
2977,12162,C/C=C(/C)C(=O)OC/C=C/c1cc(OC)c(OC(C)=O)c(OC)c1,STP02972,成功（100条，已去重）,100,1.0,1.0,1.0,molecule_ID精确匹配,全量源表未提供可核验SMILES；仅保留Swiss原始SMILES供原始行号审计
503,12163,C/C=C(/C)C(=O)OC/C=C\c1ccc(OC(C)=O)c(OC)c1,STP00502,成功（100条，已去重）,100,1.0,1.0,1.0,molecule_ID精确匹配,全量源表未提供可核验SMILES；仅保留Swiss原始SMILES供原始行号审计
148,12165,COC(=O)[C@]1(C)CCC[C@]2(C)c3ccc(C(C)(C)O)cc3CC[C@@H]12,STP00147,成功（100条，已去重）,100,1.0,1.0,1.0,molecule_ID精确匹配,全量源表未提供可核验SMILES；仅保留Swiss原始SMILES供原始行号审计
1256,12169,COc1cccc(OC)c1C(=O)OCc1ccccc1,STP01254,成功（100条，已去重）,100,1.0,1.0,1.0,molecule_ID精确匹配,全量源表未提供可核验SMILES；仅保留Swiss原始SMILES供原始行号审计
654,1217,CC(=O)O[C@H]1C[C@H]2CC[C@]1(C)C2(C)C,STP00653,成功（100条，已去重）,100,7.0,1.0,1.0,molecule_ID精确匹配,全量源表未提供可核验SMILES；仅保留Swiss原始SMILES供原始行号审计
1302,12170,COc1cccc(O)c1C(=O)OCc1ccccc1,STP01300,成功（100条，已去重）,100,1.0,1.0,1.0,molecule_ID精确匹配,全量源表未提供可核验SMILES；仅保留Swiss原始SMILES供原始行号审计
2605,12173,COc1c(O)ccc(C(=O)OCc2ccccc2O)c1O,STP02600,成功（100条，已去重）,100,1.0,1.0,1.0,molecule_ID精确匹配,全量源表未提供可核验SMILES；仅保留Swiss原始SMILES供原始行号审计
944,12177,CCOC/C=C/c1ccc(O)c(OC)c1,STP00943,成功（100条，已去重）,100,1.0,1.0,1.0,molecule_ID精确匹配,全量源表未提供可核验SMILES；仅保留Swiss原始SMILES供原始行号审计
2488,12181,C=CCOC(=O)/C=C/c1ccccc1,STP02483,成功（100条，已去重）,100,1.0,1.0,1.0,molecule_ID精确匹配,全量源表未提供可核验SMILES；仅保留Swiss原始SMILES供原始行号审计
3826,12182,CCCCCOC(=O)/C=C/c1ccccc1,STP03820,成功（100条，已去重）,100,1.0,1.0,1.0,molecule_ID精确匹配,全量源表未提供可核验SMILES；仅保留Swiss原始SMILES供原始行号审计
1537,12183,C=CCOC(=O)c1ccccc1,STP01534,成功（100条，已去重）,100,1.0,1.0,1.0,molecule_ID精确匹配,全量源表未提供可核验SMILES；仅保留Swiss原始SMILES供原始行号审计
425,12184,C=C[C@]1(C)CCC2=C(C)C(C)(C)CC[C@H]21,STP00424,成功（100条，已去重）,100,1.0,1.0,1.0,molecule_ID精确匹配,全量源表未提供可核验SMILES；仅保留Swiss原始SMILES供原始行号审计
1702,12187,COc1cc(/C=C/COC(=O)c2ccccc2)ccc1O,STP01698,成功（100条，已去重）,100,1.0,1.0,1.0,molecule_ID精确匹配,全量源表未提供可核验SMILES；仅保留Swiss原始SMILES供原始行号审计
3163,12188,COc1cc(/C=C/COC(=O)/C=C/c2ccccc2)ccc1O,STP03158,成功（100条，已去重）,100,1.0,1.0,1.0,molecule_ID精确匹配,全量源表未提供可核验SMILES；仅保留Swiss原始SMILES供原始行号审计
2406,12189,C/C=C(/C)C(=O)OC/C=C/c1ccc(OC(=O)/C(C)=C\C)c(OC)c1,STP02401,成功（100条，已去重）,100,1.0,1.0,1.0,molecule_ID精确匹配,全量源表未提供可核验SMILES；仅保留Swiss原始SMILES供原始行号审计
3003,12191,COc1cc(CC(=O)COC(=O)c2ccccc2)ccc1O,STP02998,成功（100条，已去重）,100,1.0,1.0,1.0,molecule_ID精确匹配,全量源表未提供可核验SMILES；仅保留Swiss原始SMILES供原始行号审计
3921,12192,CC(C)COC(=O)/C=C/c1ccccc1,STP03914,成功（100条，已去重）,100,2.0,1.0,1.0,molecule_ID精确匹配,全量源表未提供可核验SMILES；仅保留Swiss原始SMILES供原始行号审计
1184,12194,O=C(O)C(=O)Cc1ccccc1,STP01182,成功（100条，已去重）,100,1.0,1.0,1.0,molecule_ID精确匹配,全量源表未提供可核验SMILES；仅保留Swiss原始SMILES供原始行号审计
4140,12199,CC(C)[C@@H]1CCC2=C(CC[C@H]3[C@](C)(C(O)=[OH+])CCC[C@]23C)[C@H]1O,STP04133,成功（100条，已去重）,100,1.0,1.0,1.0,molecule_ID精确匹配,全量源表未提供可核验SMILES；仅保留Swiss原始SMILES供原始行号审计
1446,122,CC1(C)O[C@]2(C)CC[C@H]1CC2,STP01443,成功（100条，已去重）,100,69.0,1.0,1.0,molecule_ID精确匹配,全量源表未提供可核验SMILES；仅保留Swiss原始SMILES供原始行号审计
1339,12200,C=C(C)[C@H]1Cc2c(cc(O)c3c2O[C@@H]2COc4cc(OC)c(OC)cc4[C@@H]2C3=O)O1,STP01337,成功（100条，已去重）,100,1.0,1.0,1.0,molecule_ID精确匹配,全量源表未提供可核验SMILES；仅保留Swiss原始SMILES供原始行号审计
2378,12201,COc1cc([C@@H]2OC(=O)C[C@H]2COC(=O)c2ccccc2)ccc1O,STP02373,成功（100条，已去重）,100,1.0,1.0,1.0,molecule_ID精确匹配,全量源表未提供可核验SMILES；仅保留Swiss原始SMILES供原始行号审计
3997,12205,CCOC(=O)[C@@H](Cc1ccc(O)c(O)c1)OC(=O)/C=C/c1ccc(O)c(O)c1,STP03990,成功（100条，已去重）,100,1.0,1.0,1.0,molecule_ID精确匹配,全量源表未提供可核验SMILES；仅保留Swiss原始SMILES供原始行号审计
2965,12207,CN1[C@@H](C[C@@H](O)c2ccccc2)CCC[C@H]1C[C@@H](O)c1ccccc1,STP02960,成功（100条，已去重）,100,1.0,1.0,1.0,molecule_ID精确匹配,全量源表未提供可核验SMILES；仅保留Swiss原始SMILES供原始行号审计
2843,12208,CN1[C@@H](CC(=O)c2ccccc2)CCC[C@H]1CC(=O)c1ccccc1,STP02838,成功（100条，已去重）,100,1.0,1.0,1.0,molecule_ID精确匹配,全量源表未提供可核验SMILES；仅保留Swiss原始SMILES供原始行号审计
3834,12210,C/C=C/C#CC#CC[C@H](/C=C/CCCO)O[C@@H]1O[C@H](CO)[C@@H](O)[C@H](O)[C@H]1O,STP03828,成功（100条，已去重）,100,1.0,1.0,1.0,molecule_ID精确匹配,全量源表未提供可核验SMILES；仅保留Swiss原始SMILES供原始行号审计
395,12213,COc1ccc(-c2cc(=O)c3c(O)cc(O)cc3o2)cc1OC,STP00394,成功（100条，已去重）,100,1.0,1.0,1.0,molecule_ID精确匹配,全量源表未提供可核验SMILES；仅保留Swiss原始SMILES供原始行号审计
2767,12214,CCCO[C@]1(CO)OC[C@@H](O)[C@@H](O)[C@@H]1O,STP02762,成功（100条，已去重）,100,1.0,1.0,1.0,molecule_ID精确匹配,全量源表未提供可核验SMILES；仅保留Swiss原始SMILES供原始行号审计
1375,12216,O=C(C[C@@H]1CCC[C@@H](CC(=O)c2ccccc2)N1)c1ccccc1,STP01373,成功（100条，已去重）,100,1.0,1.0,1.0,molecule_ID精确匹配,全量源表未提供可核验SMILES；仅保留Swiss原始SMILES供原始行号审计
3099,12219,OCc1ccccc1O[C@@H]1O[C@H](CO)[C@@H](O)[C@H](O)[C@H]1O,STP03094,成功（100条，已去重）,100,1.0,1.0,1.0,molecule_ID精确匹配,全量源表未提供可核验SMILES；仅保留Swiss原始SMILES供原始行号审计
4066,12222,CCC(=O)C[C@H]1CCC[C@H](C[C@@H](C)O)N1C,STP04059,成功（100条，已去重）,100,1.0,1.0,1.0,molecule_ID精确匹配,全量源表未提供可核验SMILES；仅保留Swiss原始SMILES供原始行号审计
1566,12224,CCCC(=O)CCc1cc(OC)c2c(c1)[C@H](CO)[C@@H](c1ccc(O)c(OC)c1)O2,STP01563,成功（100条，已去重）,100,1.0,1.0,1.0,molecule_ID精确匹配,全量源表未提供可核验SMILES；仅保留Swiss原始SMILES供原始行号审计
2835,12225,COc1cc([C@H]2Oc3c(OC)cc(CCCOC(C)=O)cc3[C@@H]2CO)ccc1O,STP02830,成功（100条，已去重）,100,1.0,1.0,1.0,molecule_ID精确匹配,全量源表未提供可核验SMILES；仅保留Swiss原始SMILES供原始行号审计
1636,12226,CCCC(=O)CCc1cc(OC)c2c(c1)[C@@H](CO)[C@H](c1ccc(O)c(OC)c1)O2,STP01633,成功（100条，已去重）,100,1.0,1.0,1.0,molecule_ID精确匹配,全量源表未提供可核验SMILES；仅保留Swiss原始SMILES供原始行号审计
2860,12227,COc1cc([C@@H]2Oc3c(OC)cc(CCCOC(C)=O)cc3[C@H]2CO)ccc1O,STP02855,成功（100条，已去重）,100,1.0,1.0,1.0,molecule_ID精确匹配,全量源表未提供可核验SMILES；仅保留Swiss原始SMILES供原始行号审计
2367,12231,COc1cc(OC)c2ccc(=O)oc2c1O,STP02362,成功（100条，已去重）,100,1.0,1.0,1.0,molecule_ID精确匹配,全量源表未提供可核验SMILES；仅保留Swiss原始SMILES供原始行号审计
3839,12235,CC[C@@H](O)C[C@@H]1CCC[C@H](C[C@]2(C)OC[C@@H](CO)O2)N1C,STP03833,成功（100条，已去重）,100,1.0,1.0,1.0,molecule_ID精确匹配,全量源表未提供可核验SMILES；仅保留Swiss原始SMILES供原始行号审计
2607,12238,CCOC(=O)/C=C/c1ccc(O)cc1,STP02602,成功（100条，已去重）,100,2.0,1.0,1.0,molecule_ID精确匹配,全量源表未提供可核验SMILES；仅保留Swiss原始SMILES供原始行号审计
2052,12240,O=c1cc(-c2cccc(O)c2O)oc2cc(O)cc(O)c12,STP02047,成功（100条，已去重）,100,2.0,1.0,1.0,molecule_ID精确匹配,全量源表未提供可核验SMILES；仅保留Swiss原始SMILES供原始行号审计
1325,12242,COc1cc(-c2cc(=O)c3c(O)c(OC)c(OC)cc3o2)cc(OC)c1O,STP01323,成功（100条，已去重）,100,1.0,1.0,1.0,molecule_ID精确匹配,全量源表未提供可核验SMILES；仅保留Swiss原始SMILES供原始行号审计
2171,12243,COc1c(O)c(O)c2c(=O)cc(-c3ccccc3O)oc2c1OC,STP02166,成功（100条，已去重）,100,1.0,1.0,1.0,molecule_ID精确匹配,全量源表未提供可核验SMILES；仅保留Swiss原始SMILES供原始行号审计
354,12244,CC1=C2CC[C@@H](C)C[C@@H]2OC1=O,STP00353,成功（100条，已去重）,100,1.0,1.0,1.0,molecule_ID精确匹配,全量源表未提供可核验SMILES；仅保留Swiss原始SMILES供原始行号审计
2281,12245,COc1c(O)cc2c(c1O)C(=O)C[C@H](c1ccc(O)cc1)O2,STP02276,成功（100条，已去重）,100,2.0,1.0,1.0,molecule_ID精确匹配,全量源表未提供可核验SMILES；仅保留Swiss原始SMILES供原始行号审计
2183,12246,COc1c(O)cc(O)c2c1O[C@@H](c1ccc(O)cc1)CC2=O,STP02178,成功（100条，已去重）,100,2.0,1.0,1.0,molecule_ID精确匹配,全量源表未提供可核验SMILES；仅保留Swiss原始SMILES供原始行号审计
1963,12247,COc1ccccc1-c1cc(=O)c2c(O)cc(O)c(OC)c2o1,STP01958,成功（100条，已去重）,100,1.0,1.0,1.0,molecule_ID精确匹配,全量源表未提供可核验SMILES；仅保留Swiss原始SMILES供原始行号审计
1096,12248,COc1ccc(-c2cc(=O)c3c(O)cc(OC)c(OC)c3o2)cc1,STP01095,成功（100条，已去重）,100,1.0,1.0,1.0,molecule_ID精确匹配,全量源表未提供可核验SMILES；仅保留Swiss原始SMILES供原始行号审计
2021,12249,COc1c(O)cc(OC)c2c(=O)cc(-c3ccccc3O)oc12,STP02016,成功（100条，已去重）,100,1.0,1.0,1.0,molecule_ID精确匹配,全量源表未提供可核验SMILES；仅保留Swiss原始SMILES供原始行号审计
383,12250,COc1c(O)cc(OC)c2c(=O)cc(-c3ccccc3)oc12,STP00382,成功（100条，已去重）,100,1.0,1.0,1.0,molecule_ID精确匹配,全量源表未提供可核验SMILES；仅保留Swiss原始SMILES供原始行号审计
1436,12251,COc1cc(O)cc2oc(-c3ccccc3)cc(=O)c12,STP01433,成功（100条，已去重）,100,1.0,1.0,1.0,molecule_ID精确匹配,全量源表未提供可核验SMILES；仅保留Swiss原始SMILES供原始行号审计
3385,1226,CC1=CC[C@@H](C(C)(C)C)CC1,STP03379,成功（100条，已去重）,100,1.0,1.0,1.0,molecule_ID精确匹配,全量源表未提供可核验SMILES；仅保留Swiss原始SMILES供原始行号审计
2369,12263,CC(=O)Oc1ccc(/C=C/C(=O)O)cc1,STP02364,成功（100条，已去重）,100,1.0,1.0,1.0,molecule_ID精确匹配,全量源表未提供可核验SMILES；仅保留Swiss原始SMILES供原始行号审计
1965,12266,COc1cccc(O)c1-c1cc(=O)c2c(O)cc(OC)c(OC)c2o1,STP01960,成功（100条，已去重）,100,2.0,1.0,1.0,molecule_ID精确匹配,全量源表未提供可核验SMILES；仅保留Swiss原始SMILES供原始行号审计
396,12267,COc1c(O)cc(O)c2c(=O)cc(-c3ccccc3O)oc12,STP00395,成功（100条，已去重）,100,3.0,1.0,1.0,molecule_ID精确匹配,全量源表未提供可核验SMILES；仅保留Swiss原始SMILES供原始行号审计
1915,1228,Cc1cc(=O)oc2cc(O)ccc12,STP01910,成功（100条，已去重）,100,1.0,1.0,1.0,molecule_ID精确匹配,全量源表未提供可核验SMILES；仅保留Swiss原始SMILES供原始行号审计
627,12284,CCO[C@H](CO)c1ccc(O)cc1,STP00626,成功（100条，已去重）,100,1.0,1.0,1.0,molecule_ID精确匹配,全量源表未提供可核验SMILES；仅保留Swiss原始SMILES供原始行号审计
380,12286,COc1c2c(cc3occ(-c4ccccc4O)c(=O)c13)OCO2,STP00379,成功（100条，已去重）,100,1.0,1.0,1.0,molecule_ID精确匹配,全量源表未提供可核验SMILES；仅保留Swiss原始SMILES供原始行号审计
2794,12289,C/[N+]([O-])=N\CO[C@@H]1O[C@H](CO)[C@@H](O)[C@H](O)[C@H]1O,STP02789,成功（100条，已去重）,100,1.0,1.0,1.0,molecule_ID精确匹配,全量源表未提供可核验SMILES；仅保留Swiss原始SMILES供原始行号审计
2070,1229,Oc1ccc(/C=C\c2cc(O)cc(O)c2)cc1,STP02065,成功（100条，已去重）,100,7.0,1.0,1.0,molecule_ID精确匹配,全量源表未提供可核验SMILES；仅保留Swiss原始SMILES供原始行号审计
3690,12290,C/[N+]([O-])=N\CO,STP03684,成功（100条，已去重）,100,1.0,1.0,1.0,molecule_ID精确匹配,全量源表未提供可核验SMILES；仅保留Swiss原始SMILES供原始行号审计
3531,12294,OC[C@H]1O[C@@H](Oc2ccccc2)[C@H](O)[C@@H](O)[C@@H]1O,STP03525,成功（100条，已去重）,100,1.0,1.0,1.0,molecule_ID精确匹配,全量源表未提供可核验SMILES；仅保留Swiss原始SMILES供原始行号审计
1690,12297,O=c1c(-c2ccc(O)cc2)coc2c([C@@H]3O[C@H](CO)[C@@H](O)[C@H](O)[C@H]3O)c(O)ccc12,STP01686,成功（100条，已去重）,100,5.0,1.0,1.0,molecule_ID精确匹配,全量源表未提供可核验SMILES；仅保留Swiss原始SMILES供原始行号审计
3755,12301,OCC1=C[C@@H](O)[C@@H]2C=CO[C@@H](O[C@H]3O[C@H](CO)[C@@H](O)[C@H](O)[C@H]3O)[C@H]12,STP03749,成功（100条，已去重）,100,1.0,1.0,1.0,molecule_ID精确匹配,全量源表未提供可核验SMILES；仅保留Swiss原始SMILES供原始行号审计
156,12303,C/C=C\C=C1/C(C)(C)[C@H]2CC[C@]1(C)O2,STP00155,成功（100条，已去重）,100,1.0,1.0,1.0,molecule_ID精确匹配,全量源表未提供可核验SMILES；仅保留Swiss原始SMILES供原始行号审计
3981,12305,OCC[C@H]1CCC(CO)=C1CO,STP03974,成功（100条，已去重）,100,2.0,1.0,1.0,molecule_ID精确匹配,全量源表未提供可核验SMILES；仅保留Swiss原始SMILES供原始行号审计
2283,12306,CC(C)C(C)C(C)C,STP02278,成功（61条，已去重）,61,1.0,1.0,1.0,molecule_ID精确匹配,全量源表未提供可核验SMILES；仅保留Swiss原始SMILES供原始行号审计
2704,12307,CC[C@@H](C)CC(C)C,STP02699,成功（100条，已去重）,100,3.0,1.0,1.0,molecule_ID精确匹配,全量源表未提供可核验SMILES；仅保留Swiss原始SMILES供原始行号审计
3282,12308,CC1(C)[C@@H]2CC[C@@]1(C)C(=C1CC1)C2,STP03276,成功（100条，已去重）,100,1.0,1.0,1.0,molecule_ID精确匹配,全量源表未提供可核验SMILES；仅保留Swiss原始SMILES供原始行号审计
3891,12309,CC1(C)C(=O)CC[C@@]2(C)CCCC=C12,STP03885,成功（100条，已去重）,100,1.0,1.0,1.0,molecule_ID精确匹配,全量源表未提供可核验SMILES；仅保留Swiss原始SMILES供原始行号审计
3200,12318,CCO[C@H]1O[C@H](CO)[C@@H](O)[C@H](O)[C@H]1O,STP03195,成功（100条，已去重）,100,1.0,1.0,1.0,molecule_ID精确匹配,全量源表未提供可核验SMILES；仅保留Swiss原始SMILES供原始行号审计
3695,12321,CC(=O)O[C@@]1(C)C[C@@H](O)[C@]2(O)C=COC[C@@H]21,STP03689,成功（100条，已去重）,100,1.0,1.0,1.0,molecule_ID精确匹配,全量源表未提供可核验SMILES；仅保留Swiss原始SMILES供原始行号审计
3370,12327,CCc1cc(Cc2cc(CC)cc(C(C)(C)C)c2O)c(O)c(C(C)(C)C)c1,STP03364,成功（100条，已去重）,100,1.0,1.0,1.0,molecule_ID精确匹配,全量源表未提供可核验SMILES；仅保留Swiss原始SMILES供原始行号审计
3781,12342,COc1ccc(C(C)(C)C)cc1,STP03775,成功（100条，已去重）,100,1.0,1.0,1.0,molecule_ID精确匹配,全量源表未提供可核验SMILES；仅保留Swiss原始SMILES供原始行号审计
2955,12349,C=C(C)[C@H]1CC=C(COC(C)=O)CC1,STP02950,成功（100条，已去重）,100,1.0,1.0,1.0,molecule_ID精确匹配,全量源表未提供可核验SMILES；仅保留Swiss原始SMILES供原始行号审计
269,12350,CC1=C(C)[C@@]2(CCC[C@@H](C)O2)OC1=O,STP00268,成功（100条，已去重）,100,1.0,1.0,1.0,molecule_ID精确匹配,全量源表未提供可核验SMILES；仅保留Swiss原始SMILES供原始行号审计
4034,12356,C/C=C(/C=O)c1ccccc1,STP04027,成功（100条，已去重）,100,1.0,1.0,1.0,molecule_ID精确匹配,全量源表未提供可核验SMILES；仅保留Swiss原始SMILES供原始行号审计
1017,12364,C=C[C@]1(C)CC[C@H](C(C)(C)O)C[C@@H]1C(=C)C,STP01016,成功（100条，已去重）,100,1.0,1.0,1.0,molecule_ID精确匹配,全量源表未提供可核验SMILES；仅保留Swiss原始SMILES供原始行号审计
1886,12375,Cc1cc2c(c(C)c1CCO)C(=O)/C(=C\c1cc3c(c(C)c1CCO)C(=O)CC3)C2,STP01881,成功（100条，已去重）,100,1.0,1.0,1.0,molecule_ID精确匹配,全量源表未提供可核验SMILES；仅保留Swiss原始SMILES供原始行号审计
3208,12378,CCCC/C=C/C=C\C=C/CCCCCCCC(=O)O,STP03203,成功（100条，已去重）,100,1.0,1.0,1.0,molecule_ID精确匹配,全量源表未提供可核验SMILES；仅保留Swiss原始SMILES供原始行号审计
1760,12379,Cc1c(C)n(C)c2c(C)cccc12,STP01756,成功（100条，已去重）,100,1.0,1.0,1.0,molecule_ID精确匹配,全量源表未提供可核验SMILES；仅保留Swiss原始SMILES供原始行号审计
1824,1238,C=C(C)[C@@H]1CC[C@]2(C)CC[C@]3(C)[C@H](CC[C@@H]4[C@@]5(C)CC[C@@H](O)C(C)(C)[C@@H]5CC[C@]43C)[C@@H]12,STP01819,成功（100条，已去重）,100,2.0,1.0,1.0,molecule_ID精确匹配,全量源表未提供可核验SMILES；仅保留Swiss原始SMILES供原始行号审计
3548,12380,C=C[C@H](C)[C@@H](O)C/C=C(\C)CCC=C(C)C,STP03542,成功（100条，已去重）,100,1.0,1.0,1.0,molecule_ID精确匹配,全量源表未提供可核验SMILES；仅保留Swiss原始SMILES供原始行号审计
1964,12382,COn1c(=O)[nH]c2ccccc2c1=O,STP01959,成功（100条，已去重）,100,1.0,1.0,1.0,molecule_ID精确匹配,全量源表未提供可核验SMILES；仅保留Swiss原始SMILES供原始行号审计
1699,12385,C=C1[C@H](O)CC[C@]2(C)Cc3occ(C)c3C[C@@H]12,STP01695,成功（100条，已去重）,100,1.0,1.0,1.0,molecule_ID精确匹配,全量源表未提供可核验SMILES；仅保留Swiss原始SMILES供原始行号审计
2314,12387,O=C1Nc2cc3c(OO)cccc3c3c4c(cc1c23)OCO4,STP02309,成功（100条，已去重）,100,1.0,1.0,1.0,molecule_ID精确匹配,全量源表未提供可核验SMILES；仅保留Swiss原始SMILES供原始行号审计
2151,12389,COOc1cccc2c1cc1c3c(cc4c(c32)OCO4)C(=O)N1,STP02146,成功（100条，已去重）,100,1.0,1.0,1.0,molecule_ID精确匹配,全量源表未提供可核验SMILES；仅保留Swiss原始SMILES供原始行号审计
2191,12390,COc1ccc2cc([N+](=O)[O-])c3c(C(=O)O)cc4c(c3c2c1)OCO4,STP02186,成功（100条，已去重）,100,1.0,1.0,1.0,molecule_ID精确匹配,全量源表未提供可核验SMILES；仅保留Swiss原始SMILES供原始行号审计
2687,12391,O=C(O)c1cc2c(c3c1c([N+](=O)[O-])cc1ccc(O)cc13)OCO2,STP02682,成功（100条，已去重）,100,1.0,1.0,1.0,molecule_ID精确匹配,全量源表未提供可核验SMILES；仅保留Swiss原始SMILES供原始行号审计
2439,12392,COc1cc(OC)c2cc([N+](=O)[O-])c3c(C(=O)O)cc4c(c3c2c1)OCO4,STP02434,成功（100条，已去重）,100,1.0,1.0,1.0,molecule_ID精确匹配,全量源表未提供可核验SMILES；仅保留Swiss原始SMILES供原始行号审计
2365,12393,COc1ccc2c(cc([N+](=O)[O-])c3c(C(=O)O)cc4c(c32)OCO4)c1OC,STP02360,成功（100条，已去重）,100,1.0,1.0,1.0,molecule_ID精确匹配,全量源表未提供可核验SMILES；仅保留Swiss原始SMILES供原始行号审计
2506,12394,COc1c(O)ccc2c1cc([N+](=O)[O-])c1c(C(=O)O)cc3c(c12)OCO3,STP02501,成功（100条，已去重）,100,1.0,1.0,1.0,molecule_ID精确匹配,全量源表未提供可核验SMILES；仅保留Swiss原始SMILES供原始行号审计
2522,12395,COc1ccc2c(cc([N+](=O)[O-])c3c(C(=O)O)cc4c(c32)OCO4)c1O,STP02517,成功（100条，已去重）,100,1.0,1.0,1.0,molecule_ID精确匹配,全量源表未提供可核验SMILES；仅保留Swiss原始SMILES供原始行号审计
2844,12396,O=C1Nc2cc3ccc(O)cc3c3c4c(cc1c23)OCO4,STP02839,成功（100条，已去重）,100,1.0,1.0,1.0,molecule_ID精确匹配,全量源表未提供可核验SMILES；仅保留Swiss原始SMILES供原始行号审计
3967,12399,CC(C)(C)c1ccc(S)cc1,STP03960,成功（100条，已去重）,100,1.0,1.0,1.0,molecule_ID精确匹配,全量源表未提供可核验SMILES；仅保留Swiss原始SMILES供原始行号审计
1629,12400,CC1=C[C@H](O)[C@H]2C[C@@H]1C2(C)C,STP01626,成功（100条，已去重）,100,7.0,1.0,1.0,molecule_ID精确匹配,全量源表未提供可核验SMILES；仅保留Swiss原始SMILES供原始行号审计
1757,12402,C[C@@H]1CC[C@H]2[C@H]1[C@@H]1[C@H](C[C@H]3O[C@]32C)C1(C)C,STP01753,成功（100条，已去重）,100,1.0,1.0,1.0,molecule_ID精确匹配,全量源表未提供可核验SMILES；仅保留Swiss原始SMILES供原始行号审计
1548,12403,CCC(=O)O[C@H]1C[C@@H]2CC[C@@]1(C)C2(C)C,STP01545,成功（100条，已去重）,100,1.0,1.0,1.0,molecule_ID精确匹配,全量源表未提供可核验SMILES；仅保留Swiss原始SMILES供原始行号审计
3349,12411,CC1=C(C)[C@@]2(C)CC[C@@H]1C[C@@H]2C,STP03343,成功（100条，已去重）,100,1.0,1.0,1.0,molecule_ID精确匹配,全量源表未提供可核验SMILES；仅保留Swiss原始SMILES供原始行号审计
1553,12413,C=C[C@]1(C)CC12C[C@H](C)[C@@H](C)C2,STP01550,成功（100条，已去重）,100,1.0,1.0,1.0,molecule_ID精确匹配,全量源表未提供可核验SMILES；仅保留Swiss原始SMILES供原始行号审计
2008,12421,Cc1cc(O)cc2oc(-c3ccc(O)cc3)c(O)c(=O)c12,STP02003,成功（100条，已去重）,100,1.0,1.0,1.0,molecule_ID精确匹配,全量源表未提供可核验SMILES；仅保留Swiss原始SMILES供原始行号审计
462,12426,C=C(C)[C@H]1CCC[C@H]2C=C(C)CC[C@@H]21,STP00461,成功（100条，已去重）,100,1.0,1.0,1.0,molecule_ID精确匹配,全量源表未提供可核验SMILES；仅保留Swiss原始SMILES供原始行号审计
2195,12427,Cc1c(O)cc2c(c1O)C(=O)C[C@H](c1ccc(O)cc1)O2,STP02190,成功（100条，已去重）,100,1.0,1.0,1.0,molecule_ID精确匹配,全量源表未提供可核验SMILES；仅保留Swiss原始SMILES供原始行号审计
3855,12430,C[C@@H]1O[C@@H](Oc2cc(O)c3c(c2)O[C@@H](c2ccc(O)c(O)c2)CC3=O)[C@H](O)[C@@H](O)[C@H]1O,STP03849,成功（100条，已去重）,100,1.0,1.0,1.0,molecule_ID精确匹配,全量源表未提供可核验SMILES；仅保留Swiss原始SMILES供原始行号审计
2115,12432,Cc1c(O)c(C)c2c(c1O)C(=O)C[C@@H](c1ccc(O)cc1)O2,STP02110,成功（100条，已去重）,100,1.0,1.0,1.0,molecule_ID精确匹配,全量源表未提供可核验SMILES；仅保留Swiss原始SMILES供原始行号审计
3587,12433,CC(C)=CC(=O)O[C@H]1[C@H]2[C@H](OC(=O)[C@H]2C)[C@H](O)[C@@H](C)[C@@H]2C=CC(=O)[C@]21C,STP03581,成功（100条，已去重）,100,1.0,1.0,1.0,molecule_ID精确匹配,全量源表未提供可核验SMILES；仅保留Swiss原始SMILES供原始行号审计
349,12441,CC(C)=C1CC[C@]2(C)CCC[C@](C)(O)[C@H]2C1,STP00348,成功（100条，已去重）,100,1.0,1.0,1.0,molecule_ID精确匹配,全量源表未提供可核验SMILES；仅保留Swiss原始SMILES供原始行号审计
2223,12444,Cc1c(O)cc2c(c1O)C(=O)C[C@@H](c1ccc(O)cc1)O2,STP02218,成功（100条，已去重）,100,1.0,1.0,1.0,molecule_ID精确匹配,全量源表未提供可核验SMILES；仅保留Swiss原始SMILES供原始行号审计
3215,12445,C[C@@H](O)CCc1ccc(O)cc1,STP03210,成功（100条，已去重）,100,2.0,1.0,1.0,molecule_ID精确匹配,全量源表未提供可核验SMILES；仅保留Swiss原始SMILES供原始行号审计
863,12449,Cc1ccc2c(c1)CCC(C)(C)C2,STP00862,成功（100条，已去重）,100,1.0,1.0,1.0,molecule_ID精确匹配,全量源表未提供可核验SMILES；仅保留Swiss原始SMILES供原始行号审计
4097,1247,CC1(C)[C@@H]2CC=C(C(=O)O)[C@H]1C2,STP04090,成功（100条，已去重）,100,1.0,1.0,1.0,molecule_ID精确匹配,全量源表未提供可核验SMILES；仅保留Swiss原始SMILES供原始行号审计
4148,1252,CC(C)[C@@H]1C=CC(=O)CC1,STP04141,成功（100条，已去重）,100,5.0,1.0,1.0,molecule_ID精确匹配,全量源表未提供可核验SMILES；仅保留Swiss原始SMILES供原始行号审计
3491,1253,C[C@H]1[C@H](C)CC[C@]2(C)CC[C@@]3(C)C(=CC(=O)[C@@H]4[C@]5(C)CCC(=O)C(C)(C)[C@@H]5CC[C@]43C)[C@H]12,STP03485,成功（100条，已去重）,100,1.0,1.0,1.0,molecule_ID精确匹配,全量源表未提供可核验SMILES；仅保留Swiss原始SMILES供原始行号审计
3077,12536,COc1cc2c(c(OC)c1OC)-c1c(cc3c(c1OC)OCO3)C[C@H](C)[C@@H](C)[C@H]2OC(C)=O,STP03072,成功（100条，已去重）,100,1.0,1.0,1.0,molecule_ID精确匹配,全量源表未提供可核验SMILES；仅保留Swiss原始SMILES供原始行号审计
1377,1254,C=C(C)[C@@H]1CC=C(C=O)CC1,STP01375,成功（100条，已去重）,100,7.0,1.0,1.0,molecule_ID精确匹配,全量源表未提供可核验SMILES；仅保留Swiss原始SMILES供原始行号审计
3474,12546,O=C1C[C@@H](c2ccc(O)cc2)Oc2c1c(O)cc(O)c2[C@@H]1O[C@H](CO)[C@@H](O)[C@H](O)[C@H]1O,STP03468,成功（100条，已去重）,100,1.0,1.0,1.0,molecule_ID精确匹配,全量源表未提供可核验SMILES；仅保留Swiss原始SMILES供原始行号审计
4004,12548,CC1=CC(=O)CC(C)(C)[C@]1(O)/C=C/[C@@H](C)O,STP03997,成功（100条，已去重）,100,1.0,1.0,1.0,molecule_ID精确匹配,全量源表未提供可核验SMILES；仅保留Swiss原始SMILES供原始行号审计
1425,12551,COc1ccc(OC)c(C)c1C,STP01422,成功（100条，已去重）,100,1.0,1.0,1.0,molecule_ID精确匹配,全量源表未提供可核验SMILES；仅保留Swiss原始SMILES供原始行号审计
3654,12553,CCCC(C)(C)C(C)(C)C,STP03648,成功（100条，已去重）,100,1.0,1.0,1.0,molecule_ID精确匹配,全量源表未提供可核验SMILES；仅保留Swiss原始SMILES供原始行号审计
3777,12578,O=C1C[C@H](c2ccc(O)c(O)c2)c2c(cc(O)c3c2O[C@H](c2ccc(O)c(O)c2)[C@H](O)C3)O1,STP03771,成功（100条，已去重）,100,1.0,1.0,1.0,molecule_ID精确匹配,全量源表未提供可核验SMILES；仅保留Swiss原始SMILES供原始行号审计
3869,12579,O=C1C[C@H](c2ccc(O)c(O)c2)c2c(O)cc3c(c2O1)C[C@@H](O)[C@@H](c1ccc(O)c(O)c1)O3,STP03863,成功（100条，已去重）,100,1.0,1.0,1.0,molecule_ID精确匹配,全量源表未提供可核验SMILES；仅保留Swiss原始SMILES供原始行号审计
920,12582,CC1=C[C@H]2[C@@H](C(C)C)CC[C@@](C)(O)[C@H]2CC1,STP00919,成功（100条，已去重）,100,1.0,1.0,1.0,molecule_ID精确匹配,全量源表未提供可核验SMILES；仅保留Swiss原始SMILES供原始行号审计
3750,12583,Oc1cc(O)c([C@H]2c3c(O)cc(O)cc3O[C@H](c3ccc(O)c(O)c3)[C@@H]2O)c(O)c1,STP03744,成功（100条，已去重）,100,1.0,1.0,1.0,molecule_ID精确匹配,全量源表未提供可核验SMILES；仅保留Swiss原始SMILES供原始行号审计
2989,12584,COc1cc2c(oc3ccccc32)c(OC)c1O,STP02984,成功（100条，已去重）,100,1.0,1.0,1.0,molecule_ID精确匹配,全量源表未提供可核验SMILES；仅保留Swiss原始SMILES供原始行号审计
2397,12589,CC(=O)OC/C=C(\C)CC/C=C(/C)CCC=C(C)C,STP02392,成功（100条，已去重）,100,1.0,1.0,1.0,molecule_ID精确匹配,全量源表未提供可核验SMILES；仅保留Swiss原始SMILES供原始行号审计
3090,12591,O=C1CCc2ccccc2O1,STP03085,成功（100条，已去重）,100,1.0,1.0,1.0,molecule_ID精确匹配,全量源表未提供可核验SMILES；仅保留Swiss原始SMILES供原始行号审计
3079,12594,C=C[C@@](C)(C[C@@H]1C=C(C)CCC1=C(C)C)OO,STP03074,成功（100条，已去重）,100,1.0,1.0,1.0,molecule_ID精确匹配,全量源表未提供可核验SMILES；仅保留Swiss原始SMILES供原始行号审计
210,126,C=C1CC[C@H]2C[C@@H]1C2(C)C,STP00209,成功（100条，已去重）,100,70.0,1.0,1.0,molecule_ID精确匹配,全量源表未提供可核验SMILES；仅保留Swiss原始SMILES供原始行号审计
1016,1260,CC1=C[C@@H](O)[C@H](C(C)C)C[C@H]1O,STP01015,成功（100条，已去重）,100,1.0,1.0,1.0,molecule_ID精确匹配,全量源表未提供可核验SMILES；仅保留Swiss原始SMILES供原始行号审计
542,12607,CO[Si](C)(C)C1CCCCC1,STP00541,成功（100条，已去重）,100,1.0,1.0,1.0,molecule_ID精确匹配,全量源表未提供可核验SMILES；仅保留Swiss原始SMILES供原始行号审计
3776,12609,C=C[C@](C)(O)CC/C=C(/C)CCC=C(C)C,STP03770,成功（100条，已去重）,100,3.0,1.0,1.0,molecule_ID精确匹配,全量源表未提供可核验SMILES；仅保留Swiss原始SMILES供原始行号审计
206,12618,C=C[C@@]1(C)CC[C@H](OC(C)=O)C(C)(C)O1,STP00205,成功（100条，已去重）,100,2.0,1.0,1.0,molecule_ID精确匹配,全量源表未提供可核验SMILES；仅保留Swiss原始SMILES供原始行号审计
3656,12623,CC[C@@H]1CCC(=O)O1,STP03650,成功（100条，已去重）,100,1.0,1.0,1.0,molecule_ID精确匹配,全量源表未提供可核验SMILES；仅保留Swiss原始SMILES供原始行号审计
1271,12627,CC(C)C(=O)Oc1ccccc1,STP01269,成功（100条，已去重）,100,1.0,1.0,1.0,molecule_ID精确匹配,全量源表未提供可核验SMILES；仅保留Swiss原始SMILES供原始行号审计
818,12629,CO[C@H](C)C(C)(C)OC,STP00817,成功（100条，已去重）,100,1.0,1.0,1.0,molecule_ID精确匹配,全量源表未提供可核验SMILES；仅保留Swiss原始SMILES供原始行号审计
1083,12638,CC(C)CC[C@H]1C(=O)C[C@H](C)C1=O,STP01082,成功（100条，已去重）,100,1.0,1.0,1.0,molecule_ID精确匹配,全量源表未提供可核验SMILES；仅保留Swiss原始SMILES供原始行号审计
2817,12643,CC[C@H](C)O,STP02812,成功（100条，已去重）,100,1.0,1.0,1.0,molecule_ID精确匹配,全量源表未提供可核验SMILES；仅保留Swiss原始SMILES供原始行号审计
523,12644,C=C1CC/C=C(/C)CC[C@H]2[C@@H]1CC2(C)C,STP00522,成功（100条，已去重）,100,5.0,1.0,1.0,molecule_ID精确匹配,全量源表未提供可核验SMILES；仅保留Swiss原始SMILES供原始行号审计
2743,12681,COC(=O)Nc1ccc(Cc2ccc(NC(=O)OC)cc2)cc1,STP02738,成功（100条，已去重）,100,2.0,1.0,1.0,molecule_ID精确匹配,全量源表未提供可核验SMILES；仅保留Swiss原始SMILES供原始行号审计
2252,12682,O=c1ccc2c(O)cc(O)cc2o1,STP02247,成功（100条，已去重）,100,3.0,1.0,1.0,molecule_ID精确匹配,全量源表未提供可核验SMILES；仅保留Swiss原始SMILES供原始行号审计
3680,12683,O=c1ccc2cc(O)c(O[C@@H]3O[C@H](CO)[C@@H](O)[C@H](O)[C@@H]3O)cc2o1,STP03674,成功（100条，已去重）,100,2.0,1.0,1.0,molecule_ID精确匹配,全量源表未提供可核验SMILES；仅保留Swiss原始SMILES供原始行号审计
2149,12686,COc1cc(O)c2c(c1)O[C@@](O)(c1ccc(O)cc1)CC2=O,STP02144,成功（100条，已去重）,100,2.0,1.0,1.0,molecule_ID精确匹配,全量源表未提供可核验SMILES；仅保留Swiss原始SMILES供原始行号审计
2552,12688,Oc1cc(O)cc(/C=C/c2ccc(O)cc2O)c1,STP02547,成功（100条，已去重）,100,4.0,1.0,1.0,molecule_ID精确匹配,全量源表未提供可核验SMILES；仅保留Swiss原始SMILES供原始行号审计
3151,12689,CC(C)=C[C@H]1Oc2cc(O)ccc2-c2oc3c4c(cc(O)c3c(=O)c21)OC(C)(C)C=C4,STP03146,成功（100条，已去重）,100,2.0,1.0,1.0,molecule_ID精确匹配,全量源表未提供可核验SMILES；仅保留Swiss原始SMILES供原始行号审计
2886,12690,CC(C)=CCc1c(-c2ccc(O)c3c2OC(C)(C)C=C3)oc2cc(O)cc(O)c2c1=O,STP02881,成功（100条，已去重）,100,2.0,1.0,1.0,molecule_ID精确匹配,全量源表未提供可核验SMILES；仅保留Swiss原始SMILES供原始行号审计
3022,12691,CC(C)=CCc1c(-c2ccc3c(c2O)C=CC(C)(C)O3)oc2cc(O)cc(O)c2c1=O,STP03017,成功（100条，已去重）,100,2.0,1.0,1.0,molecule_ID精确匹配,全量源表未提供可核验SMILES；仅保留Swiss原始SMILES供原始行号审计
3063,12693,CC(C)=CCC/C(C)=C/Cc1cc([C@@H]2CC(=O)c3c(O)cc(O)cc3O2)c(O)cc1O,STP03058,成功（100条，已去重）,100,2.0,1.0,1.0,molecule_ID精确匹配,全量源表未提供可核验SMILES；仅保留Swiss原始SMILES供原始行号审计
3407,12694,CC(C)=CCC[C@@]1(C)C=Cc2cc([C@H]3CC(=O)c4c(O)cc(O)cc4O3)c(O)cc2O1,STP03401,成功（100条，已去重）,100,2.0,1.0,1.0,molecule_ID精确匹配,全量源表未提供可核验SMILES；仅保留Swiss原始SMILES供原始行号审计
2445,12705,CC(C)=CCC/C(C)=C/Cc1cc(-c2cc(=O)c3c(O)cc(O)cc3o2)ccc1O,STP02440,成功（100条，已去重）,100,2.0,1.0,1.0,molecule_ID精确匹配,全量源表未提供可核验SMILES；仅保留Swiss原始SMILES供原始行号审计
2872,12706,CC(C)=CCc1c(O)ccc(-c2oc3cc(O)cc(O)c3c(=O)c2CC=C(C)C)c1O,STP02867,成功（100条，已去重）,100,2.0,1.0,1.0,molecule_ID精确匹配,全量源表未提供可核验SMILES；仅保留Swiss原始SMILES供原始行号审计
3264,12707,COc1cc(O)c([C@@H]2CC(=O)c3c(O)cc(O)cc3O2)cc1C/C=C(\C)CCC=C(C)C,STP03258,成功（100条，已去重）,100,2.0,1.0,1.0,molecule_ID精确匹配,全量源表未提供可核验SMILES；仅保留Swiss原始SMILES供原始行号审计
2352,12710,CC1(C)C=Cc2c(cc(O)c3c(=O)cc(-c4ccc(O)cc4)oc23)O1,STP02347,成功（100条，已去重）,100,2.0,1.0,1.0,molecule_ID精确匹配,全量源表未提供可核验SMILES；仅保留Swiss原始SMILES供原始行号审计
3240,12714,COc1cc(OC)c2cc(-c3cc(O)cc(O)c3)oc2c1,STP03234,成功（100条，已去重）,100,2.0,1.0,1.0,molecule_ID精确匹配,全量源表未提供可核验SMILES；仅保留Swiss原始SMILES供原始行号审计
2795,12724,COc1ccc2cc(-c3cc(O)cc(O)c3)oc2c1C/C=C(\C)CCC=C(C)C,STP02790,成功（100条，已去重）,100,2.0,1.0,1.0,molecule_ID精确匹配,全量源表未提供可核验SMILES；仅保留Swiss原始SMILES供原始行号审计
912,12729,COc1cc(O)c(CC=C(C)C)c(-c2cc3ccc(O)cc3o2)c1CC=C(C)C,STP00911,成功（100条，已去重）,100,2.0,1.0,1.0,molecule_ID精确匹配,全量源表未提供可核验SMILES；仅保留Swiss原始SMILES供原始行号审计
4166,1273,CC1=CC(=O)[C@@H]2C[C@H]1C2(C)C,STP04159,成功（100条，已去重）,100,9.0,1.0,1.0,molecule_ID精确匹配,全量源表未提供可核验SMILES；仅保留Swiss原始SMILES供原始行号审计
3182,12737,OC[C@@H]1O[C@@H](Oc2cc(O)ccc2/C=C/c2cc(O)cc(O)c2)[C@@H](O)[C@H](O)[C@H]1O,STP03177,成功（100条，已去重）,100,2.0,1.0,1.0,molecule_ID精确匹配,全量源表未提供可核验SMILES；仅保留Swiss原始SMILES供原始行号审计
2537,12739,Oc1ccc(/C=C/c2ccc(O)cc2O)c(O)c1,STP02532,成功（100条，已去重）,100,2.0,1.0,1.0,molecule_ID精确匹配,全量源表未提供可核验SMILES；仅保留Swiss原始SMILES供原始行号审计
3934,1274,CC(=O)O[C@H]1CC/C(C)=C/CC/C(C)=C/C[C@]2(C(C)C)CC[C@]1(C)O2,STP03927,成功（100条，已去重）,100,1.0,1.0,1.0,molecule_ID精确匹配,全量源表未提供可核验SMILES；仅保留Swiss原始SMILES供原始行号审计
3670,12740,OC[C@H]1O[C@H](Oc2cc(O)cc(/C=C/c3ccc(O)cc3O)c2)[C@@H](O)[C@@H](O)[C@@H]1O,STP03664,成功（100条，已去重）,100,2.0,1.0,1.0,molecule_ID精确匹配,全量源表未提供可核验SMILES；仅保留Swiss原始SMILES供原始行号审计
1088,12744,Oc1ccc(/C=C/c2cc(O)cc(O)c2)cc1,STP01087,成功（100条，已去重）,100,4.0,1.0,1.0,molecule_ID精确匹配,全量源表未提供可核验SMILES；仅保留Swiss原始SMILES供原始行号审计
3058,12745,CC(C)=CCC/C(C)=C/Cc1c(O)ccc([C@@H]2CC(=O)c3c(O)cc(O)cc3O2)c1O,STP03053,成功（100条，已去重）,100,2.0,1.0,1.0,molecule_ID精确匹配,全量源表未提供可核验SMILES；仅保留Swiss原始SMILES供原始行号审计
3195,12746,CC(C)=CCC[C@@]1(C)C=Cc2c(cc(O)c3c2O[C@H](c2ccc(O)cc2O)CC3=O)O1,STP03190,成功（100条，已去重）,100,2.0,1.0,1.0,molecule_ID精确匹配,全量源表未提供可核验SMILES；仅保留Swiss原始SMILES供原始行号审计
3179,12747,CC(C)=CCc1cc([C@@H]2CC(=O)c3c(O)cc(O)cc3O2)c(O)c2c1OC(C)(C)C=C2,STP03174,成功（100条，已去重）,100,2.0,1.0,1.0,molecule_ID精确匹配,全量源表未提供可核验SMILES；仅保留Swiss原始SMILES供原始行号审计
2567,12753,CC1(C)C=Cc2c(ccc([C@@H]3CC(=O)c4c(O)cc(O)cc4O3)c2O)O1,STP02562,成功（100条，已去重）,100,2.0,1.0,1.0,molecule_ID精确匹配,全量源表未提供可核验SMILES；仅保留Swiss原始SMILES供原始行号审计
2444,12755,CC1(C)C=Cc2c(O)ccc([C@@H]3CC(=O)c4c(O)cc(O)cc4O3)c2O1,STP02439,成功（100条，已去重）,100,2.0,1.0,1.0,molecule_ID精确匹配,全量源表未提供可核验SMILES；仅保留Swiss原始SMILES供原始行号审计
3084,12756,CC(C)=CCC[C@]1(C)C=Cc2c(O)ccc([C@H]3CC(=O)c4c(O)cc(O)cc4O3)c2O1,STP03079,成功（100条，已去重）,100,2.0,1.0,1.0,molecule_ID精确匹配,全量源表未提供可核验SMILES；仅保留Swiss原始SMILES供原始行号审计
3698,12758,CC(C)=CCC[C@]1(C)C=Cc2c(O)ccc(-c3oc4cc(O)cc(O)c4c(=O)c3CC=C(C)C)c2O1,STP03692,成功（100条，已去重）,100,2.0,1.0,1.0,molecule_ID精确匹配,全量源表未提供可核验SMILES；仅保留Swiss原始SMILES供原始行号审计
3437,12760,CC(C)=CC[C@]12Oc3c4c(cc(O)c3C(=O)[C@]1(O)Oc1cc(O)ccc12)OC(C)(C)C=C4,STP03431,成功（100条，已去重）,100,2.0,1.0,1.0,molecule_ID精确匹配,全量源表未提供可核验SMILES；仅保留Swiss原始SMILES供原始行号审计
3990,12761,CC(C)=CCC[C@@]1(C)CC(=O)c2c(ccc([C@H]3CC(=O)c4c(O)cc(O)cc4O3)c2O)O1,STP03983,成功（100条，已去重）,100,2.0,1.0,1.0,molecule_ID精确匹配,全量源表未提供可核验SMILES；仅保留Swiss原始SMILES供原始行号审计
452,12765,CC1=C([C@@H]2C[C@H]2C)C(C)(C)CCC1,STP00451,成功（100条，已去重）,100,1.0,1.0,1.0,molecule_ID精确匹配,全量源表未提供可核验SMILES；仅保留Swiss原始SMILES供原始行号审计
892,12766,CC1=CC[C@H]2C(C)(C)CCC[C@]2(C)[C@@H]1CO,STP00891,成功（100条，已去重）,100,1.0,1.0,1.0,molecule_ID精确匹配,全量源表未提供可核验SMILES；仅保留Swiss原始SMILES供原始行号审计
2399,12773,O=c1c(O)coc2cc(O)cc(O)c12,STP02394,成功（100条，已去重）,100,1.0,1.0,1.0,molecule_ID精确匹配,全量源表未提供可核验SMILES；仅保留Swiss原始SMILES供原始行号审计
3441,12777,C[C@@H]1O[C@@H](O[C@H]2C(=O)c3c(O)cc(O)cc3O[C@@H]2c2cccc(O)c2)[C@H](O)[C@@H](O)[C@H]1O,STP03435,成功（100条，已去重）,100,1.0,1.0,1.0,molecule_ID精确匹配,全量源表未提供可核验SMILES；仅保留Swiss原始SMILES供原始行号审计
1959,12778,O=C1c2c(O)cc(O)cc2O[C@H](c2cccc(O)c2)[C@H]1O,STP01954,成功（100条，已去重）,100,1.0,1.0,1.0,molecule_ID精确匹配,全量源表未提供可核验SMILES；仅保留Swiss原始SMILES供原始行号审计
3817,12781,O=c1c(O[C@H]2OC[C@@H](O)[C@@H](O)[C@@H]2O)c(-c2ccc(O)c(O)c2)oc2cc(O)cc(O)c12,STP03811,成功（100条，已去重）,100,2.0,1.0,1.0,molecule_ID精确匹配,全量源表未提供可核验SMILES；仅保留Swiss原始SMILES供原始行号审计
2420,1279,C/C1=C/C[C@@]2(C(C)C)CC[C@](C)(O2)[C@H]2CC[C@](C)(O2)[C@@H](O)CC1,STP02415,成功（100条，已去重）,100,1.0,1.0,1.0,molecule_ID精确匹配,全量源表未提供可核验SMILES；仅保留Swiss原始SMILES供原始行号审计
3134,12794,O=c1c(O[C@@H]2O[C@@H](CO)[C@H](O)[C@H]2O)c(-c2ccc(O)cc2)oc2cc(O)cc(O)c12,STP03129,成功（100条，已去重）,100,4.0,1.0,1.0,molecule_ID精确匹配,全量源表未提供可核验SMILES；仅保留Swiss原始SMILES供原始行号审计
3388,12799,C[C@@H]1O[C@@H](Oc2c(-c3cccc(O)c3)oc3cc(O)cc(O)c3c2=O)[C@H](O)[C@H](O)[C@H]1O,STP03382,成功（100条，已去重）,100,2.0,1.0,1.0,molecule_ID精确匹配,全量源表未提供可核验SMILES；仅保留Swiss原始SMILES供原始行号审计
1953,12800,O=c1c(O)c(-c2cccc(O)c2)oc2cc(O)cc(O)c12,STP01948,成功（100条，已去重）,100,2.0,1.0,1.0,molecule_ID精确匹配,全量源表未提供可核验SMILES；仅保留Swiss原始SMILES供原始行号审计
4172,12801,COC(=O)CCC(=O)O,STP04165,成功（100条，已去重）,100,2.0,1.0,1.0,molecule_ID精确匹配,全量源表未提供可核验SMILES；仅保留Swiss原始SMILES供原始行号审计
3296,12804,COc1cc(CO[C@@H]2O[C@H](CO)[C@@H](O)[C@H](O)[C@H]2O)ccc1O,STP03290,成功（100条，已去重）,100,1.0,1.0,1.0,molecule_ID精确匹配,全量源表未提供可核验SMILES；仅保留Swiss原始SMILES供原始行号审计
1026,12806,COc1ccc(CO)c(OC)c1,STP01025,成功（100条，已去重）,100,1.0,1.0,1.0,molecule_ID精确匹配,全量源表未提供可核验SMILES；仅保留Swiss原始SMILES供原始行号审计
1542,12807,COc1ccc(OC)c(CO)c1,STP01539,成功（100条，已去重）,100,1.0,1.0,1.0,molecule_ID精确匹配,全量源表未提供可核验SMILES；仅保留Swiss原始SMILES供原始行号审计
2651,12810,Nc1ncnc2c1ncn2[C@H]1O[C@H](COP(=O)(O)O)[C@@H](O)[C@@H]1O,STP02646,成功（100条，已去重）,100,1.0,1.0,1.0,molecule_ID精确匹配,全量源表未提供可核验SMILES；仅保留Swiss原始SMILES供原始行号审计
3689,12822,CC#Cc1ccc(C#C[C@H](O)CO)s1,STP03683,成功（100条，已去重）,100,1.0,1.0,1.0,molecule_ID精确匹配,全量源表未提供可核验SMILES；仅保留Swiss原始SMILES供原始行号审计
3993,1283,C=C[C@@](C)(O)CC/C=C(\C)CCC=C(C)C,STP03986,成功（100条，已去重）,100,10.0,1.0,1.0,molecule_ID精确匹配,全量源表未提供可核验SMILES；仅保留Swiss原始SMILES供原始行号审计
2410,12832,ClC1=CC=C(C2=CC=C(C3=CC=C(Cl)C3)C2)C1,STP02405,成功（100条，已去重）,100,1.0,1.0,1.0,molecule_ID精确匹配,全量源表未提供可核验SMILES；仅保留Swiss原始SMILES供原始行号审计
2504,12835,ClC1=CC=C(C2=CC=C(C3=CC=CC3)C2)C1,STP02499,成功（100条，已去重）,100,1.0,1.0,1.0,molecule_ID精确匹配,全量源表未提供可核验SMILES；仅保留Swiss原始SMILES供原始行号审计
3174,12850,CC(C)[C@@H](C)O[C@H](C)C(C)C,STP03169,成功（100条，已去重）,100,1.0,1.0,1.0,molecule_ID精确匹配,全量源表未提供可核验SMILES；仅保留Swiss原始SMILES供原始行号审计
2084,1286,CC(C)[C@@H]1C[C@@H](O)[C@@](C)(O)[C@H]2O[C@@H]12,STP02079,成功（100条，已去重）,100,1.0,1.0,1.0,molecule_ID精确匹配,全量源表未提供可核验SMILES；仅保留Swiss原始SMILES供原始行号审计
3212,12863,CC1(C)CCC[C@]2(C)[C@@H]3CC[C@@]2(C)[C@@H](O)[C@@H]31,STP03207,成功（100条，已去重）,100,1.0,1.0,1.0,molecule_ID精确匹配,全量源表未提供可核验SMILES；仅保留Swiss原始SMILES供原始行号审计
1369,12865,CC[C@]1(C)C=C[C@@](C)(CC)C=C1,STP01367,成功（100条，已去重）,100,1.0,1.0,1.0,molecule_ID精确匹配,全量源表未提供可核验SMILES；仅保留Swiss原始SMILES供原始行号审计
1810,12866,C=C[C@](C)(CCC=C(C)C)OC(=O)c1ccccc1N,STP01805,成功（100条，已去重）,100,2.0,1.0,1.0,molecule_ID精确匹配,全量源表未提供可核验SMILES；仅保留Swiss原始SMILES供原始行号审计
2751,12875,CC[C@H]1CCCC[C@@H]1O,STP02746,成功（100条，已去重）,100,1.0,1.0,1.0,molecule_ID精确匹配,全量源表未提供可核验SMILES；仅保留Swiss原始SMILES供原始行号审计
170,12880,C=C(C)[C@H]1CC[C@H](C)C[C@@H]1O,STP00169,成功（100条，已去重）,100,1.0,1.0,1.0,molecule_ID精确匹配,全量源表未提供可核验SMILES；仅保留Swiss原始SMILES供原始行号审计
3196,12883,C[C@@H]1CCC2=C1C[C@@H]1CC[C@@]2(C)C1(C)C,STP03191,成功（100条，已去重）,100,1.0,1.0,1.0,molecule_ID精确匹配,全量源表未提供可核验SMILES；仅保留Swiss原始SMILES供原始行号审计
2876,12889,C=C[C@]1(C)CC[C@H](C(=C)C)C[C@@H]1C(=C)C,STP02871,成功（100条，已去重）,100,1.0,1.0,1.0,molecule_ID精确匹配,全量源表未提供可核验SMILES；仅保留Swiss原始SMILES供原始行号审计
3321,12893,Cc1ccc(/C=N/n2cc(-c3ccccc3)nn2)cc1,STP03315,成功（100条，已去重）,100,1.0,1.0,1.0,molecule_ID精确匹配,全量源表未提供可核验SMILES；仅保留Swiss原始SMILES供原始行号审计
1751,12896,CCCCOC(=O)c1ccccc1C(=O)OCCCC(C)C,STP01747,成功（100条，已去重）,100,1.0,1.0,1.0,molecule_ID精确匹配,全量源表未提供可核验SMILES；仅保留Swiss原始SMILES供原始行号审计
1233,12900,CP(C)(C)=O,STP01231,成功（100条，已去重）,100,1.0,1.0,1.0,molecule_ID精确匹配,全量源表未提供可核验SMILES；仅保留Swiss原始SMILES供原始行号审计
3162,12901,O=C(O)[C@H]1CCCCN1,STP03157,成功（100条，已去重）,100,1.0,1.0,1.0,molecule_ID精确匹配,全量源表未提供可核验SMILES；仅保留Swiss原始SMILES供原始行号审计
1952,1291,C[C@H](CC[C@H](O)C(C)(C)O)[C@H]1CC[C@]2(C)C1=CC[C@@H]1[C@@]3(C)CC[C@H](O)C(C)(C)[C@H]3CC[C@]12C,STP01947,成功（100条，已去重）,100,1.0,1.0,1.0,molecule_ID精确匹配,全量源表未提供可核验SMILES；仅保留Swiss原始SMILES供原始行号审计
391,12910,COc1ccc2c(c1)C(=O)c1cc(OC)cc3ccnc-2c13,STP00390,成功（100条，已去重）,100,1.0,1.0,1.0,molecule_ID精确匹配,全量源表未提供可核验SMILES；仅保留Swiss原始SMILES供原始行号审计
2074,12911,COc1ccc2c(c1)C(=O)c1c3c(cc4ccnc-2c14)OCO3,STP02069,成功（100条，已去重）,100,1.0,1.0,1.0,molecule_ID精确匹配,全量源表未提供可核验SMILES；仅保留Swiss原始SMILES供原始行号审计
600,12912,COc1ccc2c(c1)C(=O)c1c(OC)c(OC)c(OC)c3ccnc-2c13,STP00599,成功（100条，已去重）,100,1.0,1.0,1.0,molecule_ID精确匹配,全量源表未提供可核验SMILES；仅保留Swiss原始SMILES供原始行号审计
196,12913,COc1cc2c(cc1O)CN(C)CC2,STP00195,成功（100条，已去重）,100,1.0,1.0,1.0,molecule_ID精确匹配,全量源表未提供可核验SMILES；仅保留Swiss原始SMILES供原始行号审计
510,12918,COc1ccc2c(c1)C(=O)c1c(O)c(OC)c(OC)c3ccnc-2c13,STP00509,成功（100条，已去重）,100,1.0,1.0,1.0,molecule_ID精确匹配,全量源表未提供可核验SMILES；仅保留Swiss原始SMILES供原始行号审计
194,12920,COC1=C[C@@H]2[C@@H]3Cc4ccc(OC)c(O)c4[C@]2(CCN3C)CC1=O,STP00193,成功（100条，已去重）,100,1.0,1.0,1.0,molecule_ID精确匹配,全量源表未提供可核验SMILES；仅保留Swiss原始SMILES供原始行号审计
165,12921,COc1cc2c3c(c1OC)C1(C=CC(=O)C=C1)C[C@@H]3NCC2,STP00164,成功（100条，已去重）,100,2.0,1.0,1.0,molecule_ID精确匹配,全量源表未提供可核验SMILES；仅保留Swiss原始SMILES供原始行号审计
436,12922,COc1cc2c(cc1O)[C@@H]1Cc3ccc(O)c(OC)c3CN1CC2,STP00435,成功（100条，已去重）,100,2.0,1.0,1.0,molecule_ID精确匹配,全量源表未提供可核验SMILES；仅保留Swiss原始SMILES供原始行号审计
2450,12924,O=C1NC(=O)[C@@H](Cc2ccccc2)N1,STP02445,成功（100条，已去重）,100,1.0,1.0,1.0,molecule_ID精确匹配,全量源表未提供可核验SMILES；仅保留Swiss原始SMILES供原始行号审计
2177,12926,O=C1NC(=O)[C@H](Cc2ccc(O)cc2)N1,STP02172,成功（100条，已去重）,100,1.0,1.0,1.0,molecule_ID精确匹配,全量源表未提供可核验SMILES；仅保留Swiss原始SMILES供原始行号审计
1481,12927,Cc1ccc2nc(-c3ccccc3)ccc2c1,STP01478,成功（100条，已去重）,100,1.0,1.0,1.0,molecule_ID精确匹配,全量源表未提供可核验SMILES；仅保留Swiss原始SMILES供原始行号审计
4068,12932,C[C@]12OC=C3CC[C@H]4[C@H](CC=C5C[C@@H](O)[C@H](O)C[C@@]54C)C(=O)O[C@H](CO1)[C@@H]32,STP04061,成功（100条，已去重）,100,1.0,1.0,1.0,molecule_ID精确匹配,全量源表未提供可核验SMILES；仅保留Swiss原始SMILES供原始行号审计
3549,12941,C=C(C)[C@@H]1C=C(C)CCC1,STP03543,成功（100条，已去重）,100,1.0,1.0,1.0,molecule_ID精确匹配,全量源表未提供可核验SMILES；仅保留Swiss原始SMILES供原始行号审计
3940,12949,CC1=CC(=O)CC(C)(C)[C@@]1(O)/C=C/[C@H](C)O,STP03933,成功（100条，已去重）,100,2.0,1.0,1.0,molecule_ID精确匹配,全量源表未提供可核验SMILES；仅保留Swiss原始SMILES供原始行号审计
3131,12950,Nc1ncnc2c1ncn2[C@@H]1O[C@@H]2CO[P@](=O)(O)O[C@H]2[C@H]1O,STP03126,成功（100条，已去重）,100,1.0,1.0,1.0,molecule_ID精确匹配,全量源表未提供可核验SMILES；仅保留Swiss原始SMILES供原始行号审计
2975,12953,COc1ccc2cc1/C=C\NC(=O)[C@H](CC(C)C)NC(=O)[C@H]1[N-]CC[C@@H]1C2,STP02970,成功（100条，已去重）,100,1.0,1.0,1.0,molecule_ID精确匹配,全量源表未提供可核验SMILES；仅保留Swiss原始SMILES供原始行号审计
3181,12957,O=C(O)[C@H]1O[C@H](O)[C@H](O)[C@@H](O)[C@H]1O,STP03176,成功（100条，已去重）,100,1.0,1.0,1.0,molecule_ID精确匹配,全量源表未提供可核验SMILES；仅保留Swiss原始SMILES供原始行号审计
1063,1297,CCCCCCCC/C=C/CCCCCCCCCC(=O)O,STP01062,成功（100条，已去重）,100,4.0,1.0,1.0,molecule_ID精确匹配,全量源表未提供可核验SMILES；仅保留Swiss原始SMILES供原始行号审计
937,12974,COc1c(O)cc2c3c1-c1ccccc1C[C@H]3NCC2,STP00936,成功（100条，已去重）,100,1.0,1.0,1.0,molecule_ID精确匹配,全量源表未提供可核验SMILES；仅保留Swiss原始SMILES供原始行号审计
2909,12976,O=c1oc2cc(O)ccc2c2oc3cc(O)ccc3c12,STP02904,成功（100条，已去重）,100,2.0,1.0,1.0,molecule_ID精确匹配,全量源表未提供可核验SMILES；仅保留Swiss原始SMILES供原始行号审计
1048,1298,C=C1CC[C@H]2C(=C)CC[C@H]3C(=C)C(=O)O[C@@H]3[C@@H]12,STP01047,成功（100条，已去重）,100,3.0,1.0,1.0,molecule_ID精确匹配,全量源表未提供可核验SMILES；仅保留Swiss原始SMILES供原始行号审计
3160,12992,CC(C)C[C@@H]1NC(=O)[C@H]2[N-]CC[C@@H]2Oc2ccc(cc2)/C=C\NC1=O,STP03155,成功（100条，已去重）,100,1.0,1.0,1.0,molecule_ID精确匹配,全量源表未提供可核验SMILES；仅保留Swiss原始SMILES供原始行号审计
2819,12997,CC(C)=CCn1cnc(N)c2ncnc1-2,STP02814,成功（100条，已去重）,100,1.0,1.0,1.0,molecule_ID精确匹配,全量源表未提供可核验SMILES；仅保留Swiss原始SMILES供原始行号审计
1854,130,CC1(C)[C@@H]2CC[C@@]1(C)C(=O)C2,STP01849,成功（100条，已去重）,100,69.0,1.0,1.0,molecule_ID精确匹配,全量源表未提供可核验SMILES；仅保留Swiss原始SMILES供原始行号审计
1503,13000,C=C[C@H](C)c1ccc(C(C)=O)cc1,STP01500,成功（100条，已去重）,100,1.0,1.0,1.0,molecule_ID精确匹配,全量源表未提供可核验SMILES；仅保留Swiss原始SMILES供原始行号审计
2695,13004,COc1cc([C@@H]2OC[C@H]3[C@@H]2CO[C@H]3c2cc(OC)c(O)c(OC)c2)cc(OC)c1O,STP02690,成功（100条，已去重）,100,1.0,1.0,1.0,molecule_ID精确匹配,全量源表未提供可核验SMILES；仅保留Swiss原始SMILES供原始行号审计
201,13005,CC(C)c1ccc2c(c1)CC[C@H]1[C@@H](C)CCC[C@@]21C,STP00200,成功（100条，已去重）,100,1.0,1.0,1.0,molecule_ID精确匹配,全量源表未提供可核验SMILES；仅保留Swiss原始SMILES供原始行号审计
3210,13009,C[C@H]1C[C@H]2CCCC[C@H]2C[C@@H]1C,STP03205,成功（100条，已去重）,100,2.0,1.0,1.0,molecule_ID精确匹配,全量源表未提供可核验SMILES；仅保留Swiss原始SMILES供原始行号审计
1653,13014,C=C1C(=O)O[C@@H]2C[C@H](C)C(CCC(C)=O)=CC[C@H]12,STP01649,成功（100条，已去重）,100,1.0,1.0,1.0,molecule_ID精确匹配,全量源表未提供可核验SMILES；仅保留Swiss原始SMILES供原始行号审计
1901,13023,Cc1cc(O)ccc1C(C)C,STP01896,成功（100条，已去重）,100,2.0,1.0,1.0,molecule_ID精确匹配,全量源表未提供可核验SMILES；仅保留Swiss原始SMILES供原始行号审计
2875,13034,CC/C=C\C[C@@H]1C(=O)CC[C@H]1CC(=O)OC,STP02870,成功（100条，已去重）,100,1.0,1.0,1.0,molecule_ID精确匹配,全量源表未提供可核验SMILES；仅保留Swiss原始SMILES供原始行号审计
1525,13036,C=C[C@@H](O)CC,STP01522,成功（100条，已去重）,100,4.0,1.0,1.0,molecule_ID精确匹配,全量源表未提供可核验SMILES；仅保留Swiss原始SMILES供原始行号审计
1298,13038,C1=CN(c2ccccc2)Cc2ccccc21,STP01296,成功（100条，已去重）,100,1.0,1.0,1.0,molecule_ID精确匹配,全量源表未提供可核验SMILES；仅保留Swiss原始SMILES供原始行号审计
1745,13042,C[C@H]1C(=O)C2=C(C[C@@](C)(CO)C2)[C@@](C)(O)C12CC2,STP01741,成功（100条，已去重）,100,1.0,1.0,1.0,molecule_ID精确匹配,全量源表未提供可核验SMILES；仅保留Swiss原始SMILES供原始行号审计
698,13043,CN[C@@H](Cc1ccccc1)C(=O)O,STP00697,成功（100条，已去重）,100,1.0,1.0,1.0,molecule_ID精确匹配,全量源表未提供可核验SMILES；仅保留Swiss原始SMILES供原始行号审计
139,13044,CN(C)[C@@H](Cc1ccccc1)C(=O)O,STP00138,成功（100条，已去重）,100,1.0,1.0,1.0,molecule_ID精确匹配,全量源表未提供可核验SMILES；仅保留Swiss原始SMILES供原始行号审计
2303,13050,N#C/N=[N+](\[O-])c1ccc(C(=O)O)cc1,STP02298,成功（100条，已去重）,100,1.0,1.0,1.0,molecule_ID精确匹配,全量源表未提供可核验SMILES；仅保留Swiss原始SMILES供原始行号审计
2307,13052,CC(=O)OCCc1ccc(O)cc1,STP02302,成功（100条，已去重）,100,1.0,1.0,1.0,molecule_ID精确匹配,全量源表未提供可核验SMILES；仅保留Swiss原始SMILES供原始行号审计
3492,13053,Cc1c(=O)c(=O)c2c3c[nH]c4c(C)c(=O)c(=O)c(c5c[nH]c1c52)c43,STP03486,成功（100条，已去重）,100,1.0,1.0,1.0,molecule_ID精确匹配,全量源表未提供可核验SMILES；仅保留Swiss原始SMILES供原始行号审计
2181,13054,COC(=O)c1ccc(/[N+]([O-])=N/C#N)cc1,STP02176,成功（100条，已去重）,100,1.0,1.0,1.0,molecule_ID精确匹配,全量源表未提供可核验SMILES；仅保留Swiss原始SMILES供原始行号审计
3920,13055,CSC1=CC(=O)C=C([S@](C)=O)/C1=N\NC(N)=O,STP03913,成功（100条，已去重）,100,1.0,1.0,1.0,molecule_ID精确匹配,全量源表未提供可核验SMILES；仅保留Swiss原始SMILES供原始行号审计
2049,13058,COc1cc2c(c(O)c1OC)C(=O)C[C@](O)(c1ccccc1)O2,STP02044,成功（100条，已去重）,100,1.0,1.0,1.0,molecule_ID精确匹配,全量源表未提供可核验SMILES；仅保留Swiss原始SMILES供原始行号审计
1327,13059,COc1ccc2c(c1)O[C@@](O)(c1cc(OC)c(O)c(OC)c1)[C@@H](OC)C2=O,STP01325,成功（100条，已去重）,100,1.0,1.0,1.0,molecule_ID精确匹配,全量源表未提供可核验SMILES；仅保留Swiss原始SMILES供原始行号审计
2991,1306,CC(=O)c1cc(C)ccc1O,STP02986,成功（100条，已去重）,100,7.0,1.0,1.0,molecule_ID精确匹配,全量源表未提供可核验SMILES；仅保留Swiss原始SMILES供原始行号审计
3842,13060,CCCCCCC/C=C/C/C=C/CCCCCC(=O)O,STP03836,成功（100条，已去重）,100,1.0,1.0,1.0,molecule_ID精确匹配,全量源表未提供可核验SMILES；仅保留Swiss原始SMILES供原始行号审计
2302,13062,O=C(c1ccccc1)c1ccccc1,STP02297,成功（100条，已去重）,100,3.0,1.0,1.0,molecule_ID精确匹配,全量源表未提供可核验SMILES；仅保留Swiss原始SMILES供原始行号审计
3762,13063,O=C(O)[C@@H]1O[C@H](Oc2cc(O)c3c(=O)cc(-c4ccccc4)oc3c2)C[C@H](O)[C@H]1O,STP03756,成功（100条，已去重）,100,1.0,1.0,1.0,molecule_ID精确匹配,全量源表未提供可核验SMILES；仅保留Swiss原始SMILES供原始行号审计
1038,13065,C[C@H]1C[C@@H]2OC(=O)C3=C2[C@H](CCC3)[C@@]12C[C@H](c1ccoc1)OC2=O,STP01037,成功（100条，已去重）,100,1.0,1.0,1.0,molecule_ID精确匹配,全量源表未提供可核验SMILES；仅保留Swiss原始SMILES供原始行号审计
865,13066,O=c1cc(-c2ccccc2)oc2cc(O[C@H]3O[C@H](CO)[C@@H](O)[C@H](O)[C@H]3O)cc(O)c12,STP00864,成功（100条，已去重）,100,1.0,1.0,1.0,molecule_ID精确匹配,全量源表未提供可核验SMILES；仅保留Swiss原始SMILES供原始行号审计
1181,13067,CC(C)=CCC1=C(O)c2ccccc2C(=O)C1=O,STP01179,成功（100条，已去重）,100,1.0,1.0,1.0,molecule_ID精确匹配,全量源表未提供可核验SMILES；仅保留Swiss原始SMILES供原始行号审计
3552,13069,O=c1c(O[C@H]2CC[C@H](O)[C@@H](O)[C@H]2O)c(-c2ccc(O)c(O)c2)oc2cc(O)cc(O)c12,STP03546,成功（100条，已去重）,100,1.0,1.0,1.0,molecule_ID精确匹配,全量源表未提供可核验SMILES；仅保留Swiss原始SMILES供原始行号审计
3693,13070,O=c1c(O[C@H]2OC[C@@H](O)[C@@H](O)[C@H]2O)c(-c2ccc(O)c(O)c2)oc2cc(O)cc(O)c12,STP03687,成功（100条，已去重）,100,1.0,1.0,1.0,molecule_ID精确匹配,全量源表未提供可核验SMILES；仅保留Swiss原始SMILES供原始行号审计
3120,13074,COc1cc2ccc(=O)oc2cc1O[C@@H]1O[C@H](CO)[C@@H](O)[C@H](O)[C@H]1O,STP03115,成功（100条，已去重）,100,5.0,1.0,1.0,molecule_ID精确匹配,全量源表未提供可核验SMILES；仅保留Swiss原始SMILES供原始行号审计
3764,13075,CC(C)(O[C@@H]1O[C@H](CO)[C@@H](O)[C@H](O)[C@H]1O)[C@H]1Oc2ccc3ccc(=O)oc3c2[C@H]1O,STP03758,成功（100条，已去重）,100,1.0,1.0,1.0,molecule_ID精确匹配,全量源表未提供可核验SMILES；仅保留Swiss原始SMILES供原始行号审计
2179,13076,CC(C)(O)[C@H]1Oc2ccc3ccc(=O)oc3c2[C@H]1O,STP02174,成功（100条，已去重）,100,1.0,1.0,1.0,molecule_ID精确匹配,全量源表未提供可核验SMILES；仅保留Swiss原始SMILES供原始行号审计
917,13077,CC(C)=CC(=O)O[C@H]1Cc2cc3ccc(=O)oc3cc2OC1(C)C,STP00916,成功（100条，已去重）,100,3.0,1.0,1.0,molecule_ID精确匹配,全量源表未提供可核验SMILES；仅保留Swiss原始SMILES供原始行号审计
2865,13078,C/C=C(/C)C(=O)O[C@H]1[C@H](OC(=O)CC(C)C)c2c(ccc3ccc(=O)oc23)OC1(C)C,STP02860,成功（100条，已去重）,100,1.0,1.0,1.0,molecule_ID精确匹配,全量源表未提供可核验SMILES；仅保留Swiss原始SMILES供原始行号审计
2569,13079,C/C=C(/C)C(=O)O[C@@H]1[C@@H](OC(C)=O)c2c(ccc3ccc(=O)oc23)OC1(C)C,STP02564,成功（100条，已去重）,100,1.0,1.0,1.0,molecule_ID精确匹配,全量源表未提供可核验SMILES；仅保留Swiss原始SMILES供原始行号审计
1545,1308,CCCCCCCC/C=C/CCCCCCCC(=O)O,STP01542,成功（100条，已去重）,100,18.0,1.0,1.0,molecule_ID精确匹配,全量源表未提供可核验SMILES；仅保留Swiss原始SMILES供原始行号审计
2732,13080,C/C=C(/C)C(=O)O[C@@H]1c2c(ccc3ccc(=O)oc23)OC(C)(C)[C@H]1OC(=O)/C(C)=C\C,STP02727,成功（100条，已去重）,100,1.0,1.0,1.0,molecule_ID精确匹配,全量源表未提供可核验SMILES；仅保留Swiss原始SMILES供原始行号审计
3341,13081,C[C@@H]1c2cnccc2C=C2c3c(c4ccccc4n31)CCN2C,STP03335,成功（100条，已去重）,100,1.0,1.0,1.0,molecule_ID精确匹配,全量源表未提供可核验SMILES；仅保留Swiss原始SMILES供原始行号审计
3080,13082,Cc1ccc2nc(C)ccc2c1,STP03075,成功（100条，已去重）,100,1.0,1.0,1.0,molecule_ID精确匹配,全量源表未提供可核验SMILES；仅保留Swiss原始SMILES供原始行号审计
2973,13083,O=c1ccc2ccc(O[C@@H]3O[C@H](CO)[C@@H](O)[C@H](O)[C@H]3O)cc2o1,STP02968,成功（100条，已去重）,100,2.0,1.0,1.0,molecule_ID精确匹配,全量源表未提供可核验SMILES；仅保留Swiss原始SMILES供原始行号审计
1839,13084,CC1=CCC2=C(C)CC[C@H]3[C@H](OC(=O)[C@@H]3C)[C@@H]12,STP01834,成功（100条，已去重）,100,1.0,1.0,1.0,molecule_ID精确匹配,全量源表未提供可核验SMILES；仅保留Swiss原始SMILES供原始行号审计
1813,13085,CC1=CCC2=C(C)CCC3=C(C)C(=O)O[C@@H]3[C@@H]12,STP01808,成功（100条，已去重）,100,1.0,1.0,1.0,molecule_ID精确匹配,全量源表未提供可核验SMILES；仅保留Swiss原始SMILES供原始行号审计
2481,13086,CC(=O)O[C@H]1[C@H](O)c2cc3ccc(=O)oc3cc2OC1(C)C,STP02476,成功（100条，已去重）,100,1.0,1.0,1.0,molecule_ID精确匹配,全量源表未提供可核验SMILES；仅保留Swiss原始SMILES供原始行号审计
2570,13087,C/C=C(\C)C(=O)O[C@@H]1c2c(ccc3ccc(=O)oc23)OC(C)(C)[C@@H]1OC(C)=O,STP02565,成功（100条，已去重）,100,1.0,1.0,1.0,molecule_ID精确匹配,全量源表未提供可核验SMILES；仅保留Swiss原始SMILES供原始行号审计
2947,1309,OCc1ccc(O)cn1,STP02942,成功（100条，已去重）,100,2.0,1.0,1.0,molecule_ID精确匹配,全量源表未提供可核验SMILES；仅保留Swiss原始SMILES供原始行号审计
3666,13090,CC1(C)Oc2ccc3ccc(=O)oc3c2C[C@H]1O[C@@H]1O[C@H](CO)[C@@H](O)[C@H](O)[C@H]1O,STP03660,成功（100条，已去重）,100,1.0,1.0,1.0,molecule_ID精确匹配,全量源表未提供可核验SMILES；仅保留Swiss原始SMILES供原始行号审计
1371,13091,CC1(C)Oc2ccc3ccc(=O)oc3c2C[C@H]1O,STP01369,成功（100条，已去重）,100,1.0,1.0,1.0,molecule_ID精确匹配,全量源表未提供可核验SMILES；仅保留Swiss原始SMILES供原始行号审计
2575,13092,C/C=C(/C)C(=O)O[C@@H]1c2c(ccc3ccc(=O)oc23)OC(C)(C)[C@@H]1OC(C)=O,STP02570,成功（100条，已去重）,100,1.0,1.0,1.0,molecule_ID精确匹配,全量源表未提供可核验SMILES；仅保留Swiss原始SMILES供原始行号审计
2327,13094,COc1cc(OC)c2ccc(=O)oc2c1C[C@@H](O)C(C)(C)O,STP02322,成功（100条，已去重）,100,1.0,1.0,1.0,molecule_ID精确匹配,全量源表未提供可核验SMILES；仅保留Swiss原始SMILES供原始行号审计
2253,13096,C/C=C(\C)C(=O)O[C@@H]1c2c(ccc3ccc(=O)oc23)OC(C)(C)[C@@H]1O,STP02248,成功（100条，已去重）,100,1.0,1.0,1.0,molecule_ID精确匹配,全量源表未提供可核验SMILES；仅保留Swiss原始SMILES供原始行号审计
687,13097,COc1cc(OC)c2ccc(=O)oc2c1CC=C(C)C,STP00686,成功（100条，已去重）,100,1.0,1.0,1.0,molecule_ID精确匹配,全量源表未提供可核验SMILES；仅保留Swiss原始SMILES供原始行号审计
2370,13098,C/C=C(/C)C(=O)O[C@@H]1Cc2c(ccc3ccc(=O)oc23)OC1(C)C,STP02365,成功（100条，已去重）,100,1.0,1.0,1.0,molecule_ID精确匹配,全量源表未提供可核验SMILES；仅保留Swiss原始SMILES供原始行号审计
3384,13099,CC(C)(O)[C@@H](O)Cc1cc2ccc(=O)oc2cc1O,STP03378,成功（100条，已去重）,100,1.0,1.0,1.0,molecule_ID精确匹配,全量源表未提供可核验SMILES；仅保留Swiss原始SMILES供原始行号审计
1024,131,CCCCC/C=C\C/C=C\CCCCCCCC(=O)O,STP01023,成功（100条，已去重）,100,155.0,1.0,1.0,molecule_ID精确匹配,全量源表未提供可核验SMILES；仅保留Swiss原始SMILES供原始行号审计
3723,13103,CC(C)=CCC/C(C)=C/CC/C(C)=C/COc1ccc2ccc(=O)oc2c1,STP03717,成功（100条，已去重）,100,2.0,1.0,1.0,molecule_ID精确匹配,全量源表未提供可核验SMILES；仅保留Swiss原始SMILES供原始行号审计
1171,13105,COc1cc(OCC=C(C)C)c2ccc(=O)oc2c1CC=C(C)C,STP01170,成功（100条，已去重）,100,1.0,1.0,1.0,molecule_ID精确匹配,全量源表未提供可核验SMILES；仅保留Swiss原始SMILES供原始行号审计
3329,13107,COc1cc2ccc(=O)oc2c2ccoc12,STP03323,成功（100条，已去重）,100,1.0,1.0,1.0,molecule_ID精确匹配,全量源表未提供可核验SMILES；仅保留Swiss原始SMILES供原始行号审计
2962,1311,CCCCCC/C=C/C=C/CCCCCCCC(=O)O,STP02957,成功（100条，已去重）,100,1.0,1.0,1.0,molecule_ID精确匹配,全量源表未提供可核验SMILES；仅保留Swiss原始SMILES供原始行号审计
4185,13110,C=C1C[C@@]23CC[C@H]4[C@@](C)(CCC[C@@]4(C)C(=O)O)[C@@H]2CC[C@@H]1C3,STP04178,成功（100条，已去重）,100,1.0,1.0,1.0,molecule_ID精确匹配,全量源表未提供可核验SMILES；仅保留Swiss原始SMILES供原始行号审计
4008,13111,C=C[C@@](C)(O)CC[C@@H]1[C@@]2(C)CCCC(C)(C)[C@@H]2CC[C@@]1(C)O,STP04001,成功（100条，已去重）,100,1.0,1.0,1.0,molecule_ID精确匹配,全量源表未提供可核验SMILES；仅保留Swiss原始SMILES供原始行号审计
1910,13113,C[C@@H]1CC(=O)[C@]2(CO)[C@@H](CCC[C@@]23CO3)[C@@]12C[C@@H](c1ccoc1)OC2=O,STP01905,成功（100条，已去重）,100,1.0,1.0,1.0,molecule_ID精确匹配,全量源表未提供可核验SMILES；仅保留Swiss原始SMILES供原始行号审计
3392,13116,O=C(/C=C/c1ccc(O)c(O)c1)O[C@H]1CC(C(=O)O)=C[C@@H](O)[C@H]1O,STP03386,成功（100条，已去重）,100,1.0,1.0,1.0,molecule_ID精确匹配,全量源表未提供可核验SMILES；仅保留Swiss原始SMILES供原始行号审计
2269,13117,COc1c(C)c(O)c(C=O)c2c1[C@@H](O)C[C@H](c1ccccc1)O2,STP02264,成功（100条，已去重）,100,1.0,1.0,1.0,molecule_ID精确匹配,全量源表未提供可核验SMILES；仅保留Swiss原始SMILES供原始行号审计
3699,1312,CCCCCC/C=C/CCCCCCCC(=O)O,STP03693,成功（100条，已去重）,100,7.0,1.0,1.0,molecule_ID精确匹配,全量源表未提供可核验SMILES；仅保留Swiss原始SMILES供原始行号审计
2106,13129,O=C1c2c(O)cc(O)cc2O[C@H](c2cc(O)cc(O)c2)[C@H]1O,STP02101,成功（100条，已去重）,100,1.0,1.0,1.0,molecule_ID精确匹配,全量源表未提供可核验SMILES；仅保留Swiss原始SMILES供原始行号审计
351,13139,CC(=O)N[C@@H]1CCCNC1=O,STP00350,成功（100条，已去重）,100,1.0,1.0,1.0,molecule_ID精确匹配,全量源表未提供可核验SMILES；仅保留Swiss原始SMILES供原始行号审计
3180,13140,CC(C)C[C@H]1NC(=O)[C@H](C(C)C)NC1=O,STP03175,成功（100条，已去重）,100,1.0,1.0,1.0,molecule_ID精确匹配,全量源表未提供可核验SMILES；仅保留Swiss原始SMILES供原始行号审计
957,13141,CC[C@@H](C)[C@H]1NC(=O)[C@@H](C)NC1=O,STP00956,成功（100条，已去重）,100,1.0,1.0,1.0,molecule_ID精确匹配,全量源表未提供可核验SMILES；仅保留Swiss原始SMILES供原始行号审计
2730,13142,CO[C@@H]1[C@@H](O)[C@H](O)OC[C@@H]1OC,STP02725,成功（100条，已去重）,100,1.0,1.0,1.0,molecule_ID精确匹配,全量源表未提供可核验SMILES；仅保留Swiss原始SMILES供原始行号审计
3186,13157,C[N+]1(C)C[C@H](O)C[C@H]1C(=O)[O-],STP03181,成功（100条，已去重）,100,1.0,1.0,1.0,molecule_ID精确匹配,全量源表未提供可核验SMILES；仅保留Swiss原始SMILES供原始行号审计
2855,13167,OC[C@H](O)[C@@H](O)[C@H](O)C(/C=N\Nc1ccccc1)=N/Nc1ccccc1,STP02850,成功（100条，已去重）,100,1.0,1.0,1.0,molecule_ID精确匹配,全量源表未提供可核验SMILES；仅保留Swiss原始SMILES供原始行号审计
3056,13170,CC(C)=CCc1c(O)cc2oc(-c3ccc(O)cc3O)c(CC=C(C)C)c(=O)c2c1O,STP03051,成功（100条，已去重）,100,1.0,1.0,1.0,molecule_ID精确匹配,全量源表未提供可核验SMILES；仅保留Swiss原始SMILES供原始行号审计
2148,13171,COc1cc(O)c2c(=O)c3cc(OC)c(O)cc3oc2c1,STP02143,成功（100条，已去重）,100,1.0,1.0,1.0,molecule_ID精确匹配,全量源表未提供可核验SMILES；仅保留Swiss原始SMILES供原始行号审计
1275,13176,C/C=C(\C)C(=O)OC(C)(C)[C@@H]1Cc2cc3ccc(=O)oc3cc2O1,STP01273,成功（100条，已去重）,100,2.0,1.0,1.0,molecule_ID精确匹配,全量源表未提供可核验SMILES；仅保留Swiss原始SMILES供原始行号审计
2995,13177,CC(C)=CC(=O)O[C@@H]1c2cc3ccc(=O)oc3cc2OC(C)(C)[C@H]1OC(=O)C=C(C)C,STP02990,成功（100条，已去重）,100,1.0,1.0,1.0,molecule_ID精确匹配,全量源表未提供可核验SMILES；仅保留Swiss原始SMILES供原始行号审计
1975,13179,O=c1c(O)c(-c2ccc(O)c(O)c2)oc2cc(O)ccc12,STP01970,成功（100条，已去重）,100,1.0,1.0,1.0,molecule_ID精确匹配,全量源表未提供可核验SMILES；仅保留Swiss原始SMILES供原始行号审计
3170,13185,COc1cc(C[C@@H]2[C@@H](Cc3ccc4c(c3)OCO4)CO[C@H]2O)cc(OC)c1OC,STP03165,成功（100条，已去重）,100,1.0,1.0,1.0,molecule_ID精确匹配,全量源表未提供可核验SMILES；仅保留Swiss原始SMILES供原始行号审计
2785,13187,O[C@H]1OC[C@H](Cc2ccc3c(c2)OCO3)[C@H]1Cc1ccc2c(c1)OCO2,STP02780,成功（100条，已去重）,100,2.0,1.0,1.0,molecule_ID精确匹配,全量源表未提供可核验SMILES；仅保留Swiss原始SMILES供原始行号审计
3206,13188,COc1cc(C[C@@H]2CO[C@H](O)[C@@H]2Cc2cc(OC)c(OC)c(OC)c2)cc(OC)c1OC,STP03201,成功（100条，已去重）,100,1.0,1.0,1.0,molecule_ID精确匹配,全量源表未提供可核验SMILES；仅保留Swiss原始SMILES供原始行号审计
2694,13189,COc1cc(C[C@H]2COC(=O)[C@@H]2Cc2cc(OC)c(OC)c(OC)c2)cc(OC)c1OC,STP02689,成功（100条，已去重）,100,1.0,1.0,1.0,molecule_ID精确匹配,全量源表未提供可核验SMILES；仅保留Swiss原始SMILES供原始行号审计
3028,13190,COc1cc(C[C@H]2COC(=O)[C@@H]2Cc2cc(OC)c3c(c2)OCO3)cc(OC)c1OC,STP03023,成功（100条，已去重）,100,1.0,1.0,1.0,molecule_ID精确匹配,全量源表未提供可核验SMILES；仅保留Swiss原始SMILES供原始行号审计
2825,13191,COc1cc(C[C@@H](CO)[C@H](CO)Cc2ccc3c(c2)OCO3)cc(OC)c1OC,STP02820,成功（100条，已去重）,100,1.0,1.0,1.0,molecule_ID精确匹配,全量源表未提供可核验SMILES；仅保留Swiss原始SMILES供原始行号审计
1710,13192,OC[C@H](Cc1ccc2c(c1)OCO2)[C@H](CO)Cc1ccc2c(c1)OCO2,STP01706,成功（100条，已去重）,100,1.0,1.0,1.0,molecule_ID精确匹配,全量源表未提供可核验SMILES；仅保留Swiss原始SMILES供原始行号审计
2880,13193,CC(=O)OC[C@H](Cc1ccc2c(c1)OCO2)[C@H](CO)Cc1ccc2c(c1)OCO2,STP02875,成功（100条，已去重）,100,1.0,1.0,1.0,molecule_ID精确匹配,全量源表未提供可核验SMILES；仅保留Swiss原始SMILES供原始行号审计
2573,13194,COc1cc(C[C@H]2COC(=O)[C@H]2Cc2ccc3c(c2)OCO3)cc(OC)c1OC,STP02568,成功（100条，已去重）,100,1.0,1.0,1.0,molecule_ID精确匹配,全量源表未提供可核验SMILES；仅保留Swiss原始SMILES供原始行号审计
691,13195,COc1cc2c(cc1O)C[C@@H]1NCCc3cc(OC)c(OC)c-2c31,STP00690,成功（100条，已去重）,100,1.0,1.0,1.0,molecule_ID精确匹配,全量源表未提供可核验SMILES；仅保留Swiss原始SMILES供原始行号审计
1459,13196,COc1cc(OC)c([C@@H]2[C@H](C)[C@@H](C)[C@H]2c2cc(OC)c(OC)cc2OC)cc1OC,STP01456,成功（100条，已去重）,100,1.0,1.0,1.0,molecule_ID精确匹配,全量源表未提供可核验SMILES；仅保留Swiss原始SMILES供原始行号审计
3872,13197,O=C(OC[C@@]1(O)C=C[C@@H](OC(=O)c2ccccc2)[C@H](O)[C@H]1O)c1ccccc1,STP03866,成功（100条，已去重）,100,1.0,1.0,1.0,molecule_ID精确匹配,全量源表未提供可核验SMILES；仅保留Swiss原始SMILES供原始行号审计
3448,13198,COc1cc2c(cc1OC)[C@]1(O)C(=O)c3ccc4c(c3O[C@H]1CO2)C=CC(C)(C)O4,STP03442,成功（100条，已去重）,100,1.0,1.0,1.0,molecule_ID精确匹配,全量源表未提供可核验SMILES；仅保留Swiss原始SMILES供原始行号审计
2380,13199,COc1cc(C[C@H]2C(=O)OC[C@@H]2Cc2ccc3c(c2)OCO3)cc(OC)c1OC,STP02375,成功（100条，已去重）,100,1.0,1.0,1.0,molecule_ID精确匹配,全量源表未提供可核验SMILES；仅保留Swiss原始SMILES供原始行号审计
2069,1320,N#C[C@H](O[C@@H]1O[C@H](CO[C@@H]2O[C@H](CO)[C@@H](O)[C@H](O)[C@H]2O)[C@@H](O)[C@H](O)[C@H]1O)c1ccccc1,STP02064,成功（100条，已去重）,100,6.0,1.0,1.0,molecule_ID精确匹配,全量源表未提供可核验SMILES；仅保留Swiss原始SMILES供原始行号审计
3533,13200,O=C(OC[C@@]1(O)[C@@H](O)C=C[C@H](OC(=O)c2ccccc2)[C@@H]1O)c1ccccc1,STP03527,成功（100条，已去重）,100,1.0,1.0,1.0,molecule_ID精确匹配,全量源表未提供可核验SMILES；仅保留Swiss原始SMILES供原始行号审计
3754,13202,COc1cc(/C=C\C(=O)O[C@@H]2C[C@](O)(C(=O)O)C[C@@H](O)[C@H]2O)ccc1O,STP03748,成功（100条，已去重）,100,1.0,1.0,1.0,molecule_ID精确匹配,全量源表未提供可核验SMILES；仅保留Swiss原始SMILES供原始行号审计
334,13203,COc1ccc(CC(C)=O)cc1,STP00333,成功（100条，已去重）,100,2.0,1.0,1.0,molecule_ID精确匹配,全量源表未提供可核验SMILES；仅保留Swiss原始SMILES供原始行号审计
3277,1321,N#C[C@H](O)c1ccccc1,STP03271,成功（100条，已去重）,100,3.0,1.0,1.0,molecule_ID精确匹配,全量源表未提供可核验SMILES；仅保留Swiss原始SMILES供原始行号审计
1025,13215,C=C[C@@]1(C)CC[C@@H]([C@@H](C)CO)O1,STP01024,成功（100条，已去重）,100,1.0,1.0,1.0,molecule_ID精确匹配,全量源表未提供可核验SMILES；仅保留Swiss原始SMILES供原始行号审计
3203,13216,CCCC(=O)CCC,STP03198,成功（100条，已去重）,100,1.0,1.0,1.0,molecule_ID精确匹配,全量源表未提供可核验SMILES；仅保留Swiss原始SMILES供原始行号审计
636,13219,C=C[C@H]1[C@@H]2C[C@@H]3c4[nH]c5ccccc5c4CCN3C(=O)C2=CO[C@@H]1O,STP00635,成功（100条，已去重）,100,1.0,1.0,1.0,molecule_ID精确匹配,全量源表未提供可核验SMILES；仅保留Swiss原始SMILES供原始行号审计
20,13221,C[C@H]1CC[C@H]2C(C)(C)CC=C[C@@]2(C)O1,STP00019,成功（100条，已去重）,100,1.0,1.0,1.0,molecule_ID精确匹配,全量源表未提供可核验SMILES；仅保留Swiss原始SMILES供原始行号审计
605,13227,C/C=C/c1ccc(OC(C)=O)c(OC)c1,STP00604,成功（100条，已去重）,100,1.0,1.0,1.0,molecule_ID精确匹配,全量源表未提供可核验SMILES；仅保留Swiss原始SMILES供原始行号审计
980,13228,CC1(C)C[C@H]2[C@H]1CC[C@]1(C)CCC[C@@]2(O)C1,STP00979,成功（100条，已去重）,100,2.0,1.0,1.0,molecule_ID精确匹配,全量源表未提供可核验SMILES；仅保留Swiss原始SMILES供原始行号审计
995,13229,CC1(C)C[C@H]2[C@@H]1CC[C@@]1(C)CCC[C@]2(O)C1,STP00994,成功（100条，已去重）,100,1.0,1.0,1.0,molecule_ID精确匹配,全量源表未提供可核验SMILES；仅保留Swiss原始SMILES供原始行号审计
4000,1323,C/C=C(/CC[C@@H](C)[C@H]1CC[C@H]2C3=CC[C@H]4[C@H](C)[C@@H](O)CC[C@]4(C)[C@H]3CC[C@]12C)C(C)C,STP03993,成功（100条，已去重）,100,4.0,1.0,1.0,molecule_ID精确匹配,全量源表未提供可核验SMILES；仅保留Swiss原始SMILES供原始行号审计
341,13232,CC1=C[C@@H]2[C@H](C(C)C)CC[C@@H](C)[C@]2(O)CC1,STP00340,成功（100条，已去重）,100,1.0,1.0,1.0,molecule_ID精确匹配,全量源表未提供可核验SMILES；仅保留Swiss原始SMILES供原始行号审计
1577,13241,CC(=O)OC[C@@H]1O[C@@]1(C)CCC=C(C)C,STP01574,成功（100条，已去重）,100,2.0,1.0,1.0,molecule_ID精确匹配,全量源表未提供可核验SMILES；仅保留Swiss原始SMILES供原始行号审计
3597,13242,CC(C)C1=CC[C@H](C)C=C1,STP03591,成功（100条，已去重）,100,1.0,1.0,1.0,molecule_ID精确匹配,全量源表未提供可核验SMILES；仅保留Swiss原始SMILES供原始行号审计
3887,13245,CO[C@H]1CC[C@@H](O)CC1,STP03881,成功（100条，已去重）,100,1.0,1.0,1.0,molecule_ID精确匹配,全量源表未提供可核验SMILES；仅保留Swiss原始SMILES供原始行号审计
1734,13247,O=C(O)CCCO,STP01730,成功（100条，已去重）,100,1.0,1.0,1.0,molecule_ID精确匹配,全量源表未提供可核验SMILES；仅保留Swiss原始SMILES供原始行号审计
964,13249,CC1(C)C/C=C2/CCC/C2=C/C(=O)C1,STP00963,成功（100条，已去重）,100,1.0,1.0,1.0,molecule_ID精确匹配,全量源表未提供可核验SMILES；仅保留Swiss原始SMILES供原始行号审计
2528,13253,COc1c(OC)c(O)c2c(=O)c(O)c(-c3cc(O)ccc3O)oc2c1OC,STP02523,成功（100条，已去重）,100,1.0,1.0,1.0,molecule_ID精确匹配,全量源表未提供可核验SMILES；仅保留Swiss原始SMILES供原始行号审计
715,13256,C=C[C@]1(C)CC[C@@H](O)C(C)(C)O1,STP00714,成功（100条，已去重）,100,3.0,1.0,1.0,molecule_ID精确匹配,全量源表未提供可核验SMILES；仅保留Swiss原始SMILES供原始行号审计
1527,13257,C=C(C)[C@H]1C=C[C@](C)(O)CC1,STP01524,成功（100条，已去重）,100,1.0,1.0,1.0,molecule_ID精确匹配,全量源表未提供可核验SMILES；仅保留Swiss原始SMILES供原始行号审计
1075,13259,CC(=O)CCC1=C(C)C(=O)CCC1(C)C,STP01074,成功（100条，已去重）,100,1.0,1.0,1.0,molecule_ID精确匹配,全量源表未提供可核验SMILES；仅保留Swiss原始SMILES供原始行号审计
702,13260,CC1(C)O[C@]2(C)C=C[C@H]1CC2,STP00701,成功（100条，已去重）,100,2.0,1.0,1.0,molecule_ID精确匹配,全量源表未提供可核验SMILES；仅保留Swiss原始SMILES供原始行号审计
1775,13261,C=C[C@](C)(O)CCCC(=C)C,STP01771,成功（100条，已去重）,100,2.0,1.0,1.0,molecule_ID精确匹配,全量源表未提供可核验SMILES；仅保留Swiss原始SMILES供原始行号审计
722,13265,CC(C)[C@@H]1CC[C@](C)(O)[C@H](O)C1,STP00721,成功（100条，已去重）,100,1.0,1.0,1.0,molecule_ID精确匹配,全量源表未提供可核验SMILES；仅保留Swiss原始SMILES供原始行号审计
4130,13266,COC[C@@H](O)CO,STP04123,成功（100条，已去重）,100,1.0,1.0,1.0,molecule_ID精确匹配,全量源表未提供可核验SMILES；仅保留Swiss原始SMILES供原始行号审计
1414,13269,CC1(C)C=C[C@@]23CCC[C@@](C)(CC[C@@H]12)C3,STP01412,成功（100条，已去重）,100,4.0,1.0,1.0,molecule_ID精确匹配,全量源表未提供可核验SMILES；仅保留Swiss原始SMILES供原始行号审计
1766,1327,C=C1C[C@]23C[C@H]1[C@H](O)C[C@H]2[C@@]12CC=C[C@@](C)(C(=O)O1)[C@H]2[C@@H]3C(=O)O,STP01762,成功（100条，已去重）,100,1.0,1.0,1.0,molecule_ID精确匹配,全量源表未提供可核验SMILES；仅保留Swiss原始SMILES供原始行号审计
3339,13270,COc1c2[nH]c3occc3c(OC)c-2ccc1=O,STP03333,成功（100条，已去重）,100,1.0,1.0,1.0,molecule_ID精确匹配,全量源表未提供可核验SMILES；仅保留Swiss原始SMILES供原始行号审计
862,13272,C=C[C@](C)(CC/C=C(\C)CCC=C(C)C)OC(C)=O,STP00861,成功（100条，已去重）,100,1.0,1.0,1.0,molecule_ID精确匹配,全量源表未提供可核验SMILES；仅保留Swiss原始SMILES供原始行号审计
3868,13274,C/C=C/C=C\C=C\CC/C=C/C(=O)NCC(C)C,STP03862,成功（100条，已去重）,100,1.0,1.0,1.0,molecule_ID精确匹配,全量源表未提供可核验SMILES；仅保留Swiss原始SMILES供原始行号审计
1334,13277,COc1ccc(-c2cc(=O)c3c(OC)cc(OC)c(OC)c3o2)cc1OC,STP01332,成功（100条，已去重）,100,2.0,1.0,1.0,molecule_ID精确匹配,全量源表未提供可核验SMILES；仅保留Swiss原始SMILES供原始行号审计
545,13278,COc1ccc(-c2cc(=O)c3c(OC)cc(OC)c(OC)c3o2)cc1,STP00544,成功（100条，已去重）,100,2.0,1.0,1.0,molecule_ID精确匹配,全量源表未提供可核验SMILES；仅保留Swiss原始SMILES供原始行号审计
2214,13279,COc1ccc(-c2cc(=O)c3c(OC)cc(OC)cc3o2)cc1,STP02209,成功（100条，已去重）,100,2.0,1.0,1.0,molecule_ID精确匹配,全量源表未提供可核验SMILES；仅保留Swiss原始SMILES供原始行号审计
1393,1328,C=C1C[C@]23C[C@H]1[C@@H](O)C[C@H]2[C@@]12CC=C[C@@](C)(C(=O)O1)[C@H]2[C@@H]3C(=O)O,STP01391,成功（100条，已去重）,100,1.0,1.0,1.0,molecule_ID精确匹配,全量源表未提供可核验SMILES；仅保留Swiss原始SMILES供原始行号审计
1648,13280,COc1c(O)ccc2c1OC[C@H]1c3cc4c(cc3O[C@@H]21)OCO4,STP01644,成功（100条，已去重）,100,1.0,1.0,1.0,molecule_ID精确匹配,全量源表未提供可核验SMILES；仅保留Swiss原始SMILES供原始行号审计
471,13281,COc1c(O)cc2oc3ccccc3c(=O)c2c1O,STP00470,成功（100条，已去重）,100,1.0,1.0,1.0,molecule_ID精确匹配,全量源表未提供可核验SMILES；仅保留Swiss原始SMILES供原始行号审计
3361,13283,OC[C@H]1O[C@H](Oc2cc(/C=C\c3cc(O)cc(O)c3)ccc2O)[C@H](O)[C@@H](O)[C@@H]1O,STP03355,成功（100条，已去重）,100,1.0,1.0,1.0,molecule_ID精确匹配,全量源表未提供可核验SMILES；仅保留Swiss原始SMILES供原始行号审计
2037,13286,COc1cc(O)c2c(c1)C(=O)c1cc(CO)cc(O)c1C2=O,STP02032,成功（100条，已去重）,100,1.0,1.0,1.0,molecule_ID精确匹配,全量源表未提供可核验SMILES；仅保留Swiss原始SMILES供原始行号审计
7,13287,CNC(=O)Oc1ccc2c(c1)[C@]1(C)CCO[C@@H]1N2C,STP00006,成功（100条，已去重）,100,1.0,1.0,1.0,molecule_ID精确匹配,全量源表未提供可核验SMILES；仅保留Swiss原始SMILES供原始行号审计
3193,13289,OC[C@H]1O[C@@H](Oc2cc(O)cc(/C=C/c3ccc(O)cc3)c2)[C@H](O)[C@@H](O)[C@@H]1O,STP03188,成功（100条，已去重）,100,1.0,1.0,1.0,molecule_ID精确匹配,全量源表未提供可核验SMILES；仅保留Swiss原始SMILES供原始行号审计
3247,1329,C=C1C[C@]23C[C@@]1(O)[C@@H](O)C[C@H]2[C@@]12CC=C[C@@](C)(C(=O)O1)[C@H]2[C@@H]3C(=O)O,STP03241,成功（100条，已去重）,100,1.0,1.0,1.0,molecule_ID精确匹配,全量源表未提供可核验SMILES；仅保留Swiss原始SMILES供原始行号审计
1937,13293,COc1cc(O)cc2c1C(=O)c1c(O)cc(CO)cc1C2=O,STP01932,成功（100条，已去重）,100,1.0,1.0,1.0,molecule_ID精确匹配,全量源表未提供可核验SMILES；仅保留Swiss原始SMILES供原始行号审计
3020,13295,COc1cc(O[C@@H]2O[C@H](CO)[C@@H](O)[C@H](O)[C@H]2O)c2c(O)c(C(C)=O)c(C)cc2c1,STP03015,成功（100条，已去重）,100,1.0,1.0,1.0,molecule_ID精确匹配,全量源表未提供可核验SMILES；仅保留Swiss原始SMILES供原始行号审计
1942,13296,O=C1c2ccc(O)cc2O[C@H](c2ccc(O)c(O)c2)[C@H]1O,STP01937,成功（100条，已去重）,100,2.0,1.0,1.0,molecule_ID精确匹配,全量源表未提供可核验SMILES；仅保留Swiss原始SMILES供原始行号审计
2802,13297,CCCOC(C)C,STP02797,成功（100条，已去重）,100,1.0,1.0,1.0,molecule_ID精确匹配,全量源表未提供可核验SMILES；仅保留Swiss原始SMILES供原始行号审计
3190,1330,C=C1C[C@]23C[C@H]1CC[C@H]2[C@@]12CC=C[C@@](C)(C(=O)O1)[C@H]2[C@@H]3C(=O)O,STP03185,成功（100条，已去重）,100,1.0,1.0,1.0,molecule_ID精确匹配,全量源表未提供可核验SMILES；仅保留Swiss原始SMILES供原始行号审计
1993,13300,O=C1c2ccc(O)cc2O[C@@H](c2ccc(O)c(O)c2)[C@H]1O,STP01988,成功（100条，已去重）,100,1.0,1.0,1.0,molecule_ID精确匹配,全量源表未提供可核验SMILES；仅保留Swiss原始SMILES供原始行号审计
1179,13304,COc1cc2c(cc1OC)[C@@]1(Cc3ccc4c(c3[C@@H]1O)OCO4)N(C)CC2,STP01178,成功（100条，已去重）,100,1.0,1.0,1.0,molecule_ID精确匹配,全量源表未提供可核验SMILES；仅保留Swiss原始SMILES供原始行号审计
2042,13305,O=C1c2ccc(O)cc2O[C@H](c2ccc(O)cc2)[C@H]1O,STP02037,成功（100条，已去重）,100,2.0,1.0,1.0,molecule_ID精确匹配,全量源表未提供可核验SMILES；仅保留Swiss原始SMILES供原始行号审计
1174,13306,COc1ccc(-c2oc3c(OC)c(OC)cc(OC)c3c(=O)c2OC)cc1OC,STP01173,成功（100条，已去重）,100,1.0,1.0,1.0,molecule_ID精确匹配,全量源表未提供可核验SMILES；仅保留Swiss原始SMILES供原始行号审计
2208,13307,COc1cc(O)c2c(=O)c(O)c(-c3ccc(O)c(O)c3)oc2c1O,STP02203,成功（100条，已去重）,100,1.0,1.0,1.0,molecule_ID精确匹配,全量源表未提供可核验SMILES；仅保留Swiss原始SMILES供原始行号审计
1670,13308,CC(=O)OC(C)C,STP01666,成功（100条，已去重）,100,1.0,1.0,1.0,molecule_ID精确匹配,全量源表未提供可核验SMILES；仅保留Swiss原始SMILES供原始行号审计
2954,13309,CC(C)=CCc1c(O)cc2occ(-c3ccc(O)cc3O)c(=O)c2c1O,STP02949,成功（100条，已去重）,100,1.0,1.0,1.0,molecule_ID精确匹配,全量源表未提供可核验SMILES；仅保留Swiss原始SMILES供原始行号审计
895,13311,C/C=C/c1cc(OC)c(O)c(OC)c1,STP00894,成功（100条，已去重）,100,1.0,1.0,1.0,molecule_ID精确匹配,全量源表未提供可核验SMILES；仅保留Swiss原始SMILES供原始行号审计
3241,13319,O=C(O)[C@H]1O[C@H](O)[C@H](O)[C@@H](O)[C@@H]1O,STP03235,成功（100条，已去重）,100,1.0,1.0,1.0,molecule_ID精确匹配,全量源表未提供可核验SMILES；仅保留Swiss原始SMILES供原始行号审计
951,1332,O=C(O)[C@H](O)c1ccccc1,STP00950,成功（100条，已去重）,100,1.0,1.0,1.0,molecule_ID精确匹配,全量源表未提供可核验SMILES；仅保留Swiss原始SMILES供原始行号审计
3229,13322,Cc1cc(=O)c2c(O)c([C@@H]3O[C@H](CO)[C@@H](O)[C@H](O)[C@H]3O)c(O)cc2o1,STP03224,成功（100条，已去重）,100,1.0,1.0,1.0,molecule_ID精确匹配,全量源表未提供可核验SMILES；仅保留Swiss原始SMILES供原始行号审计
3074,13323,Cc1cc(=O)c2c(O)cc(O)c(O[C@@H]3O[C@H](CO)[C@@H](O)[C@H](O)[C@H]3O)c2o1,STP03069,成功（100条，已去重）,100,1.0,1.0,1.0,molecule_ID精确匹配,全量源表未提供可核验SMILES；仅保留Swiss原始SMILES供原始行号审计
2466,13324,Cc1cc(=O)c2c(O)cc(O)c(O)c2o1,STP02461,成功（100条，已去重）,100,1.0,1.0,1.0,molecule_ID精确匹配,全量源表未提供可核验SMILES；仅保留Swiss原始SMILES供原始行号审计
4183,13326,C=C(C)[C@H]1CN[C@H](C(=O)O)[C@H]1CC(=O)O,STP04176,成功（100条，已去重）,100,1.0,1.0,1.0,molecule_ID精确匹配,全量源表未提供可核验SMILES；仅保留Swiss原始SMILES供原始行号审计
923,13331,COc1ccc2ccc(=O)oc2c1CC(=O)C(C)C,STP00922,成功（100条，已去重）,100,1.0,1.0,1.0,molecule_ID精确匹配,全量源表未提供可核验SMILES；仅保留Swiss原始SMILES供原始行号审计
3356,13332,CC(C)[C@@H](O)COc1c2ccoc2cc2oc(=O)ccc12,STP03350,成功（100条，已去重）,100,1.0,1.0,1.0,molecule_ID精确匹配,全量源表未提供可核验SMILES；仅保留Swiss原始SMILES供原始行号审计
3149,13335,CC1=C2C/C=C(\C)CC/C=C(\C)C[C@@H]2OC1=O,STP03144,成功（100条，已去重）,100,1.0,1.0,1.0,molecule_ID精确匹配,全量源表未提供可核验SMILES；仅保留Swiss原始SMILES供原始行号审计
1997,13340,COc1c(C)cc2c(c1OC)C(=O)c1c(O)cccc1C2=O,STP01992,成功（100条，已去重）,100,1.0,1.0,1.0,molecule_ID精确匹配,全量源表未提供可核验SMILES；仅保留Swiss原始SMILES供原始行号审计
157,13343,COc1ccc(OC)c(-c2coc3cc4c(c(OC)c3c2=O)OCO4)c1,STP00156,成功（100条，已去重）,100,1.0,1.0,1.0,molecule_ID精确匹配,全量源表未提供可核验SMILES；仅保留Swiss原始SMILES供原始行号审计
2523,13344,Cc1ccc(/C=C/C(=O)O)cc1,STP02518,成功（100条，已去重）,100,1.0,1.0,1.0,molecule_ID精确匹配,全量源表未提供可核验SMILES；仅保留Swiss原始SMILES供原始行号审计
3447,13346,COc1cc([C@@H](O)[C@@H](CO)Oc2c(OC)cc(/C=C/CO)cc2OC)cc(OC)c1O,STP03441,成功（100条，已去重）,100,1.0,1.0,1.0,molecule_ID精确匹配,全量源表未提供可核验SMILES；仅保留Swiss原始SMILES供原始行号审计
1523,13347,CCCC(=O)c1ccccc1,STP01520,成功（100条，已去重）,100,1.0,1.0,1.0,molecule_ID精确匹配,全量源表未提供可核验SMILES；仅保留Swiss原始SMILES供原始行号审计
2258,1335,OCc1ccccc1,STP02253,成功（100条，已去重）,100,37.0,1.0,1.0,molecule_ID精确匹配,全量源表未提供可核验SMILES；仅保留Swiss原始SMILES供原始行号审计
3673,13355,CC1=C(/C=C/C(C)=C/C=C/C(C)=C/C=C/C=C(C)/C=C/C=C(\C)C=O)C(C)(C)CCC1,STP03667,成功（100条，已去重）,100,1.0,1.0,1.0,molecule_ID精确匹配,全量源表未提供可核验SMILES；仅保留Swiss原始SMILES供原始行号审计
1469,13371,CC[C@@H](C)C(=O)OC,STP01466,成功（100条，已去重）,100,4.0,1.0,1.0,molecule_ID精确匹配,全量源表未提供可核验SMILES；仅保留Swiss原始SMILES供原始行号审计
3273,13372,CCCC(=O)OC,STP03267,成功（100条，已去重）,100,1.0,1.0,1.0,molecule_ID精确匹配,全量源表未提供可核验SMILES；仅保留Swiss原始SMILES供原始行号审计
2427,13374,O=C1c2c(O)cc(O)cc2O[C@H](c2cc(O)c(O)c(O)c2)[C@H]1O,STP02422,成功（100条，已去重）,100,2.0,1.0,1.0,molecule_ID精确匹配,全量源表未提供可核验SMILES；仅保留Swiss原始SMILES供原始行号审计
4085,13375,CCC[C@@H](NC)C(=O)N(C)[C@@H]1C(=O)N[C@@H](CC(C)C)C(=O)N/C=C\c2ccc(cc2)O[C@@H]1C(C)C,STP04078,成功（100条，已去重）,100,1.0,1.0,1.0,molecule_ID精确匹配,全量源表未提供可核验SMILES；仅保留Swiss原始SMILES供原始行号审计
1178,1338,C=C1C[C@]23C[C@@]1(O)CC[C@H]2[C@]12OC(=O)[C@](C)(CC[C@@H]1O)[C@H]2[C@@H]3C(=O)O,STP01177,成功（100条，已去重）,100,1.0,1.0,1.0,molecule_ID精确匹配,全量源表未提供可核验SMILES；仅保留Swiss原始SMILES供原始行号审计
3089,13381,C/C(=C\COc1ccc2ccc(=O)oc2c1)CC[C@@H](O)C(C)(C)O,STP03084,成功（100条，已去重）,100,1.0,1.0,1.0,molecule_ID精确匹配,全量源表未提供可核验SMILES；仅保留Swiss原始SMILES供原始行号审计
326,13382,COc1ccc2ccc(=O)oc2c1C[C@@H]1OC1(C)C,STP00325,成功（100条，已去重）,100,1.0,1.0,1.0,molecule_ID精确匹配,全量源表未提供可核验SMILES；仅保留Swiss原始SMILES供原始行号审计
1511,13384,O=C(O)CCc1ccccc1O,STP01508,成功（100条，已去重）,100,1.0,1.0,1.0,molecule_ID精确匹配,全量源表未提供可核验SMILES；仅保留Swiss原始SMILES供原始行号审计
3463,13388,C=C1COC(=O)[C@]12C[C@@]1(C)[C@H]([C@@H](OC(=O)[C@H](C)CC)CC[C@@H]1C)[C@H]2OC(C)=O,STP03457,成功（100条，已去重）,100,1.0,1.0,1.0,molecule_ID精确匹配,全量源表未提供可核验SMILES；仅保留Swiss原始SMILES供原始行号审计
371,1340,C=C1C[C@]23C[C@H]1CC[C@H]2[C@@]12C=CC[C@@](C)(C(=O)O1)[C@H]2[C@@H]3C(=O)O,STP00370,成功（100条，已去重）,100,1.0,1.0,1.0,molecule_ID精确匹配,全量源表未提供可核验SMILES；仅保留Swiss原始SMILES供原始行号审计
2013,13425,COc1cc(O)c2c(c1)O[C@@H](c1ccc(O)cc1)CC2=O,STP02008,成功（100条，已去重）,100,1.0,1.0,1.0,molecule_ID精确匹配,全量源表未提供可核验SMILES；仅保留Swiss原始SMILES供原始行号审计
3315,13430,CC1(C)O[C@H]1COc1c2occc2cc2ccc(=O)oc12,STP03309,成功（100条，已去重）,100,2.0,1.0,1.0,molecule_ID精确匹配,全量源表未提供可核验SMILES；仅保留Swiss原始SMILES供原始行号审计
1604,13434,CC(C)=CCC/C(C)=C/COc1ccc2ccc(=O)oc2c1,STP01601,成功（100条，已去重）,100,3.0,1.0,1.0,molecule_ID精确匹配,全量源表未提供可核验SMILES；仅保留Swiss原始SMILES供原始行号审计
3353,13435,CC1(C)O[C@H]1Cc1c(OC[C@H]2OC2(C)C)ccc2ccc(=O)oc12,STP03347,成功（100条，已去重）,100,1.0,1.0,1.0,molecule_ID精确匹配,全量源表未提供可核验SMILES；仅保留Swiss原始SMILES供原始行号审计
2487,13436,CC(C)C(=O)Cc1c(OC[C@H]2OC2(C)C)ccc2ccc(=O)oc12,STP02482,成功（100条，已去重）,100,1.0,1.0,1.0,molecule_ID精确匹配,全量源表未提供可核验SMILES；仅保留Swiss原始SMILES供原始行号审计
1227,13437,COc1cc2ccc(=O)oc2cc1OC/C=C(\C)CCC=C(C)C,STP01225,成功（100条，已去重）,100,1.0,1.0,1.0,molecule_ID精确匹配,全量源表未提供可核验SMILES；仅保留Swiss原始SMILES供原始行号审计
793,13439,COc1cc([C@H](O)[C@@H](CO)Oc2ccc(/C=C\CO)cc2OC)ccc1O,STP00792,成功（100条，已去重）,100,1.0,1.0,1.0,molecule_ID精确匹配,全量源表未提供可核验SMILES；仅保留Swiss原始SMILES供原始行号审计
969,13441,COc1cc([C@H](O)[C@@H](CO)Oc2c(OC)cc(/C=C\CO)cc2OC)ccc1O,STP00968,成功（100条，已去重）,100,1.0,1.0,1.0,molecule_ID精确匹配,全量源表未提供可核验SMILES；仅保留Swiss原始SMILES供原始行号审计
3626,1345,CO[C@@]1(CO)O[C@H](CO)[C@@H](O)[C@@H]1O,STP03620,成功（100条，已去重）,100,2.0,1.0,1.0,molecule_ID精确匹配,全量源表未提供可核验SMILES；仅保留Swiss原始SMILES供原始行号审计
1328,135,O=c1c2ccccc2nc2n1CCC2,STP01326,成功（100条，已去重）,100,3.0,1.0,1.0,molecule_ID精确匹配,全量源表未提供可核验SMILES；仅保留Swiss原始SMILES供原始行号审计
2945,1352,C=C1C[C@]23C[C@H]1CC[C@H]2[C@@]12OC(=O)[C@@](C)([C@H]1[C@@H]3C(=O)O)[C@@H](O)C[C@H]2O,STP02940,成功（100条，已去重）,100,1.0,1.0,1.0,molecule_ID精确匹配,全量源表未提供可核验SMILES；仅保留Swiss原始SMILES供原始行号审计
4160,1353,C=C1C[C@]23C[C@@]1(O)CC[C@H]2[C@]12OC(=O)[C@](C)(CC[C@H]1O)[C@H]2[C@@H]3C(=O)O,STP04153,成功（100条，已去重）,100,1.0,1.0,1.0,molecule_ID精确匹配,全量源表未提供可核验SMILES；仅保留Swiss原始SMILES供原始行号审计
1869,1355,C=C1[C@@H]2CC[C@H]3[C@@]45CC[C@H](O)[C@@](C)(C(=O)O4)[C@H]5[C@H](C(=O)O)[C@]3(C2)[C@@H]1O,STP01864,成功（100条，已去重）,100,1.0,1.0,1.0,molecule_ID精确匹配,全量源表未提供可核验SMILES；仅保留Swiss原始SMILES供原始行号审计
1628,1358,C=C1C[C@]23C[C@H]1CC[C@H]2[C@@]12C=C[C@H](O)[C@@](C)(C(=O)O1)[C@H]2[C@@H]3C(=O)O,STP01625,成功（100条，已去重）,100,1.0,1.0,1.0,molecule_ID精确匹配,全量源表未提供可核验SMILES；仅保留Swiss原始SMILES供原始行号审计
4117,1359,C=C1C[C@]23C[C@H]1[C@@H](O)C[C@H]2[C@@]12CCC[C@@](C)(C(=O)O1)[C@H]2[C@@H]3C(=O)O,STP04110,成功（100条，已去重）,100,1.0,1.0,1.0,molecule_ID精确匹配,全量源表未提供可核验SMILES；仅保留Swiss原始SMILES供原始行号审计
3831,1361,C=C1C[C@]23C[C@@]1(O)[C@@H](O)C[C@H]2[C@@]12C=C[C@H](O)[C@@](C)(C(=O)O1)[C@H]2[C@@H]3C(=O)O,STP03825,成功（100条，已去重）,100,1.0,1.0,1.0,molecule_ID精确匹配,全量源表未提供可核验SMILES；仅保留Swiss原始SMILES供原始行号审计
2040,1362,C=C1C[C@]23C[C@@]1(O)CC[C@H]2[C@@]12C=CC[C@@](C)(C(=O)O1)[C@H]2[C@@H]3C(=O)O,STP02035,成功（100条，已去重）,100,1.0,1.0,1.0,molecule_ID精确匹配,全量源表未提供可核验SMILES；仅保留Swiss原始SMILES供原始行号审计
1847,1363,C=C1C[C@]23C[C@@]1(O)CC[C@H]2[C@]1(C)C[C@H](O)C[C@@](C)(C(=O)O)[C@H]1[C@@H]3C(=O)O,STP01842,成功（100条，已去重）,100,1.0,1.0,1.0,molecule_ID精确匹配,全量源表未提供可核验SMILES；仅保留Swiss原始SMILES供原始行号审计
3332,1366,N#C[C@@H](O)c1ccccc1,STP03326,成功（100条，已去重）,100,7.0,1.0,1.0,molecule_ID精确匹配,全量源表未提供可核验SMILES；仅保留Swiss原始SMILES供原始行号审计
2030,1368,O=C(/C=C\c1ccc(O)cc1)O[C@H]1C[C@@](O)(C(=O)O)C[C@@H](O)[C@@H]1O,STP02025,成功（100条，已去重）,100,1.0,1.0,1.0,molecule_ID精确匹配,全量源表未提供可核验SMILES；仅保留Swiss原始SMILES供原始行号审计
3129,1369,O=C(/C=C/c1ccc(O)cc1)O[C@H]1[C@H](O[C@@H]2CCCC[C@H]2O)O[C@H](CO)[C@@H](O)[C@@H]1O,STP03124,成功（100条，已去重）,100,1.0,1.0,1.0,molecule_ID精确匹配,全量源表未提供可核验SMILES；仅保留Swiss原始SMILES供原始行号审计
1864,1370,O=C(/C=C/c1ccc(O)c(O)c1)OCc1ccccc1O[C@@H]1O[C@H](CO)[C@@H](O)[C@H](O)[C@H]1O,STP01859,成功（100条，已去重）,100,1.0,1.0,1.0,molecule_ID精确匹配,全量源表未提供可核验SMILES；仅保留Swiss原始SMILES供原始行号审计
1560,1372,O=C(OCc1cc(O)ccc1O[C@@H]1O[C@H](CO)[C@@H](O)[C@H](O)[C@H]1O)c1ccccc1,STP01557,成功（100条，已去重）,100,1.0,1.0,1.0,molecule_ID精确匹配,全量源表未提供可核验SMILES；仅保留Swiss原始SMILES供原始行号审计
1733,1375,CC1(C)C=CC(=O)C1,STP01729,成功（100条，已去重）,100,2.0,1.0,1.0,molecule_ID精确匹配,全量源表未提供可核验SMILES；仅保留Swiss原始SMILES供原始行号审计
924,1377,CC1=CC(=O)CC(C)(C)C1=O,STP00923,成功（100条，已去重）,100,4.0,1.0,1.0,molecule_ID精确匹配,全量源表未提供可核验SMILES；仅保留Swiss原始SMILES供原始行号审计
4062,1378,Cc1cc(C)cc(C=O)c1,STP04055,成功（100条，已去重）,100,1.0,1.0,1.0,molecule_ID精确匹配,全量源表未提供可核验SMILES；仅保留Swiss原始SMILES供原始行号审计
1858,1387,CC1(C)CCC[C@]2(C)OC(=O)C=C12,STP01853,成功（100条，已去重）,100,8.0,1.0,1.0,molecule_ID精确匹配,全量源表未提供可核验SMILES；仅保留Swiss原始SMILES供原始行号审计
1618,1388,C[C@@H]1CC[C@H]2[C@@H]1[C@H]1[C@@H](CC[C@@]2(C)O)C1(C)C,STP01615,成功（100条，已去重）,100,15.0,1.0,1.0,molecule_ID精确匹配,全量源表未提供可核验SMILES；仅保留Swiss原始SMILES供原始行号审计
3455,1389,Oc1ccc2ccccc2c1/N=N\c1ccc(/N=N\c2ccccc2)cc1,STP03449,成功（100条，已去重）,100,1.0,1.0,1.0,molecule_ID精确匹配,全量源表未提供可核验SMILES；仅保留Swiss原始SMILES供原始行号审计
1031,1390,C[C@@H]1CC[C@@H]2[C@@H]1[C@H]1[C@@H](CC[C@@]2(C)O)C1(C)C,STP01030,成功（100条，已去重）,100,15.0,1.0,1.0,molecule_ID精确匹配,全量源表未提供可核验SMILES；仅保留Swiss原始SMILES供原始行号审计
1688,1393,CCCCCCCCCCCCCC(=O)O,STP01684,成功（100条，已去重）,100,122.0,1.0,1.0,molecule_ID精确匹配,全量源表未提供可核验SMILES；仅保留Swiss原始SMILES供原始行号审计
3881,1396,CCCCCCCCCCCCCCC(=O)O,STP03875,成功（100条，已去重）,100,65.0,1.0,1.0,molecule_ID精确匹配,全量源表未提供可核验SMILES；仅保留Swiss原始SMILES供原始行号审计
3399,1398,CC/C=C\C/C=C\C/C=C\CCCCCCCC(=O)OC,STP03393,成功（100条，已去重）,100,23.0,1.0,1.0,molecule_ID精确匹配,全量源表未提供可核验SMILES；仅保留Swiss原始SMILES供原始行号审计
3046,1401,CCCCCCCCCCCCCCCCCCCCCCCCCC,STP03041,成功（100条，已去重）,100,22.0,1.0,1.0,molecule_ID精确匹配,全量源表未提供可核验SMILES；仅保留Swiss原始SMILES供原始行号审计
3362,1402,CCCCCCCCCCCCCCCCCCCCCCCCCCCC,STP03356,成功（100条，已去重）,100,24.0,1.0,1.0,molecule_ID精确匹配,全量源表未提供可核验SMILES；仅保留Swiss原始SMILES供原始行号审计
126,1406,CC(/C=C/C=C(\C)C(=O)O)=C\C=C\C=C(C)\C=C\C=C(/C)C(=O)O,STP00125,成功（100条，已去重）,100,2.0,1.0,1.0,molecule_ID精确匹配,全量源表未提供可核验SMILES；仅保留Swiss原始SMILES供原始行号审计
3075,1409,CC1=C(C=O)C(C)(C)C[C@H](O)C1,STP03070,成功（100条，已去重）,100,1.0,1.0,1.0,molecule_ID精确匹配,全量源表未提供可核验SMILES；仅保留Swiss原始SMILES供原始行号审计
1037,141,OCCc1ccc(O)c(O)c1,STP01036,成功（100条，已去重）,100,11.0,1.0,1.0,molecule_ID精确匹配,全量源表未提供可核验SMILES；仅保留Swiss原始SMILES供原始行号审计
3763,1414,O=C(/C=C\c1ccc(O)cc1)C1=C(O)[C@](O)([C@@H]2O[C@H](CO)[C@@H](O)[C@H](O)[C@H]2O)C2=C(C1=O)[C@@H]1O[C@@H](CO)[C@@H](O)[C@@H](O)[C@@H]1O2,STP03757,成功（100条，已去重）,100,1.0,1.0,1.0,molecule_ID精确匹配,全量源表未提供可核验SMILES；仅保留Swiss原始SMILES供原始行号审计
321,1418,CC(=O)O[C@@]1(C)C(=O)C[C@H]2C(C)(C)CCC[C@]2(C)[C@@]1(O)CCc1ccoc1,STP00320,成功（100条，已去重）,100,1.0,1.0,1.0,molecule_ID精确匹配,全量源表未提供可核验SMILES；仅保留Swiss原始SMILES供原始行号审计
3918,1420,CC[C@H](CC[C@@H](C)[C@H]1CC[C@H]2[C@@H]3CC=C4CC(=O)CC[C@]4(C)[C@H]3CC[C@]12C)C(C)C,STP03911,成功（100条，已去重）,100,4.0,1.0,1.0,molecule_ID精确匹配,全量源表未提供可核验SMILES；仅保留Swiss原始SMILES供原始行号审计
1647,1421,C[C@@H]1[C@@H](O)C(=O)[C@H]2C(C)(C)CCC[C@]2(C)[C@@]12CC[C@@]1(C=COC1)O2,STP01643,成功（100条，已去重）,100,1.0,1.0,1.0,molecule_ID精确匹配,全量源表未提供可核验SMILES；仅保留Swiss原始SMILES供原始行号审计
1376,1422,C[C@@H]1C(=O)[C@@H](O)[C@H]2C(C)(C)CCC[C@]2(C)[C@@]12CC[C@]1(C=COC1)O2,STP01374,成功（100条，已去重）,100,1.0,1.0,1.0,molecule_ID精确匹配,全量源表未提供可核验SMILES；仅保留Swiss原始SMILES供原始行号审计
2664,1427,CC1=C(CCC2=CC=[O+][CH]2)[C@@]2(C)CCCC(C)(C)C2=C(O)C1=O,STP02659,成功（100条，已去重）,100,1.0,1.0,1.0,molecule_ID精确匹配,全量源表未提供可核验SMILES；仅保留Swiss原始SMILES供原始行号审计
2222,1429,COc1cc(O)cc(OC)c1O,STP02217,成功（100条，已去重）,100,2.0,1.0,1.0,molecule_ID精确匹配,全量源表未提供可核验SMILES；仅保留Swiss原始SMILES供原始行号审计
2376,1431,[H]c1c(OC([H])([H])[H])c([H])c2c(C([H])([H])C([H])([H])N([H])C(=O)C([H])([H])[H])c([H])[n+]([H])c2c1[H],STP02371,成功（100条，已去重）,100,1.0,1.0,1.0,molecule_ID精确匹配,全量源表未提供可核验SMILES；仅保留Swiss原始SMILES供原始行号审计
1814,1433,CC(=O)OC[C@]1(C)[C@@H](OC(C)=O)CC[C@@]2(C)[C@H]1C(=O)[C@H](O)[C@@H](C)[C@]2(O)CCc1ccoc1,STP01809,成功（100条，已去重）,100,1.0,1.0,1.0,molecule_ID精确匹配,全量源表未提供可核验SMILES；仅保留Swiss原始SMILES供原始行号审计
4023,1436,C[C@@]1(O)C[C@H](O)[C@H]2C=CO[C@H](O[C@@H]3O[C@H](CO)[C@@H](O)[C@H](O)[C@H]3O)[C@H]21,STP04016,成功（100条，已去重）,100,2.0,1.0,1.0,molecule_ID精确匹配,全量源表未提供可核验SMILES；仅保留Swiss原始SMILES供原始行号审计
1086,1437,C[C@@]1(O)C[C@H](O)[C@H]2C=CO[C@H](O)[C@H]21,STP01085,成功（100条，已去重）,100,1.0,1.0,1.0,molecule_ID精确匹配,全量源表未提供可核验SMILES；仅保留Swiss原始SMILES供原始行号审计
2959,1439,CCCCC/C=C\C/C=C\C/C=C\C/C=C\CCCC(=O)O,STP02954,成功（100条，已去重）,100,13.0,1.0,1.0,molecule_ID精确匹配,全量源表未提供可核验SMILES；仅保留Swiss原始SMILES供原始行号审计
970,1441,N=C(N)NCCCC(=O)O,STP00969,成功（100条，已去重）,100,1.0,1.0,1.0,molecule_ID精确匹配,全量源表未提供可核验SMILES；仅保留Swiss原始SMILES供原始行号审计
1698,1442,C/C(=C\CO)CCC[C@H](C)CCC[C@H](C)CCCC(C)C,STP01694,成功（100条，已去重）,100,35.0,1.0,1.0,molecule_ID精确匹配,全量源表未提供可核验SMILES；仅保留Swiss原始SMILES供原始行号审计
2276,1447,CC1(C)CC[C@]2(C(=O)O)CC[C@]3(C)C(=CC[C@@H]4[C@@]5(C)CCCC(C)(C)[C@@H]5CC[C@]43C)[C@@H]2C1,STP02271,成功（100条，已去重）,100,1.0,1.0,1.0,molecule_ID精确匹配,全量源表未提供可核验SMILES；仅保留Swiss原始SMILES供原始行号审计
1056,1452,O=Cc1ccc(O)c(O)c1,STP01055,成功（100条，已去重）,100,15.0,1.0,1.0,molecule_ID精确匹配,全量源表未提供可核验SMILES；仅保留Swiss原始SMILES供原始行号审计
2236,1454,COc1ccc2cc3[n+](cc2c1OC)CCc1cc2c(cc1-3)OCO2,STP02231,成功（100条，已去重）,100,12.0,1.0,1.0,molecule_ID精确匹配,全量源表未提供可核验SMILES；仅保留Swiss原始SMILES供原始行号审计
461,1455,COc1ccc2c(c1OC)CN1CCc3cc4c(cc3[C@@H]1C2)OCO4,STP00460,成功（100条，已去重）,100,3.0,1.0,1.0,molecule_ID精确匹配,全量源表未提供可核验SMILES；仅保留Swiss原始SMILES供原始行号审计
1578,1456,O=C(O)CC(O)(CC(=O)O)C(=O)O,STP01575,成功（100条，已去重）,100,30.0,1.0,1.0,molecule_ID精确匹配,全量源表未提供可核验SMILES；仅保留Swiss原始SMILES供原始行号审计
1160,1457,COc1cc2c(cc1O)-c1cc3ccc(OC)c(OC)c3c[n+]1CC2,STP01159,成功（100条，已去重）,100,7.0,1.0,1.0,molecule_ID精确匹配,全量源表未提供可核验SMILES；仅保留Swiss原始SMILES供原始行号审计
2646,1458,c1c2c(cc3c1OCO3)-c1cc3ccc4c(c3c[n+]1CC2)OCO4,STP02641,成功（100条，已去重）,100,11.0,1.0,1.0,molecule_ID精确匹配,全量源表未提供可核验SMILES；仅保留Swiss原始SMILES供原始行号审计
2754,1459,Cc1c2[n+](cc3c4c(ccc13)OCO4)CCc1cc3c(cc1-2)OCO3,STP02749,成功（100条，已去重）,100,1.0,1.0,1.0,molecule_ID精确匹配,全量源表未提供可核验SMILES；仅保留Swiss原始SMILES供原始行号审计
1097,1460,COc1cc2c(cc1OC)C(=O)Cc1ccc3c(c1CN(C)CC2)OCO3,STP01096,成功（100条，已去重）,100,4.0,1.0,1.0,molecule_ID精确匹配,全量源表未提供可核验SMILES；仅保留Swiss原始SMILES供原始行号审计
585,1461,COc1ccc2c(c1OC)CN(C)c1c-2ccc2cc3c(cc12)OCO3,STP00584,成功（100条，已去重）,100,3.0,1.0,1.0,molecule_ID精确匹配,全量源表未提供可核验SMILES；仅保留Swiss原始SMILES供原始行号审计
2482,1462,COc1cc2c(c3c1-c1ccc4cc5c(cc4c1N(C)C3)OCO5)OCO2,STP02477,成功（100条，已去重）,100,1.0,1.0,1.0,molecule_ID精确匹配,全量源表未提供可核验SMILES；仅保留Swiss原始SMILES供原始行号审计
560,1463,CN1Cc2c(ccc3c2OCO3)-c2ccc3cc4c(cc3c21)OCO4,STP00559,成功（100条，已去重）,100,3.0,1.0,1.0,molecule_ID精确匹配,全量源表未提供可核验SMILES；仅保留Swiss原始SMILES供原始行号审计
1933,1464,NCCc1cnc[nH]1,STP01928,成功（100条，已去重）,100,2.0,1.0,1.0,molecule_ID精确匹配,全量源表未提供可核验SMILES；仅保留Swiss原始SMILES供原始行号审计
3143,1465,COc1ccc2c(c1OC)CN(C)[C@@H]1c3cc4c(cc3[C@@H](O)[C@H](O)[C@H]21)OCO4,STP03138,成功（100条，已去重）,100,1.0,1.0,1.0,molecule_ID精确匹配,全量源表未提供可核验SMILES；仅保留Swiss原始SMILES供原始行号审计
1280,1466,COc1ccc2c(c1OC)CN(C)[C@@H]1c3cc4c(cc3C[C@H](O)[C@H]21)OCO4,STP01278,成功（100条，已去重）,100,1.0,1.0,1.0,molecule_ID精确匹配,全量源表未提供可核验SMILES；仅保留Swiss原始SMILES供原始行号审计
660,1467,COc1ccc2c(c1O)-c1c(OC)c(OC)cc3c1[C@H](C2)N(C)CC3,STP00659,成功（100条，已去重）,100,2.0,1.0,1.0,molecule_ID精确匹配,全量源表未提供可核验SMILES；仅保留Swiss原始SMILES供原始行号审计
1594,1468,O=C(O)C[C@H](O)C(=O)O,STP01591,成功（100条，已去重）,100,29.0,1.0,1.0,molecule_ID精确匹配,全量源表未提供可核验SMILES；仅保留Swiss原始SMILES供原始行号审计
3211,1469,COc1c2c(cc3c1[C@H]1[C@@H](c4ccc5c(c4CN1C)OCO5)[C@H](O)C3)OCO2,STP03206,成功（100条，已去重）,100,1.0,1.0,1.0,molecule_ID精确匹配,全量源表未提供可核验SMILES；仅保留Swiss原始SMILES供原始行号审计
2451,1471,CN1C(=O)c2c(ccc3c2OCO3)[C@H]2[C@@H](O)Cc3cc4c(cc3[C@@H]21)OCO4,STP02446,成功（100条，已去重）,100,1.0,1.0,1.0,molecule_ID精确匹配,全量源表未提供可核验SMILES；仅保留Swiss原始SMILES供原始行号审计
3169,1472,CN1Cc2c(ccc3c2OCO3)[C@@H]2[C@@H](O)[C@@H](O)c3cc4c(cc3[C@H]21)OCO4,STP03164,成功（100条，已去重）,100,1.0,1.0,1.0,molecule_ID精确匹配,全量源表未提供可核验SMILES；仅保留Swiss原始SMILES供原始行号审计
864,1473,CO[C@H]1O[C@H]2c3cc4c(cc3CCN(C)[C@@H]2c2ccc3c(c21)OCO3)OCO4,STP00863,成功（100条，已去重）,100,1.0,1.0,1.0,molecule_ID精确匹配,全量源表未提供可核验SMILES；仅保留Swiss原始SMILES供原始行号审计
2700,1474,C[n+]1cc2c3c(ccc2c2ccc4cc5c(cc4c21)OCO5)OCO3,STP02695,成功（100条，已去重）,100,5.0,1.0,1.0,molecule_ID精确匹配,全量源表未提供可核验SMILES；仅保留Swiss原始SMILES供原始行号审计
"1456,1643",1475,C1CCN2C[C@@H]3C[C@@H](CN4CCCC[C@@H]34)[C@H]2C1,STP01453,成功（100条，已去重）,100,1.0,1.0,1.0,molecule_ID精确匹配,全量源表未提供可核验SMILES；仅保留Swiss原始SMILES供原始行号审计
1309,1476,c1cc2c(c3c1C[C@H]1c4cc5c(cc4CCN1C3)OCO5)OCO2,STP01307,成功（100条，已去重）,100,2.0,1.0,1.0,molecule_ID精确匹配,全量源表未提供可核验SMILES；仅保留Swiss原始SMILES供原始行号审计
3932,1477,NCCc1ccc(O)cc1,STP03925,成功（100条，已去重）,100,6.0,1.0,1.0,molecule_ID精确匹配,全量源表未提供可核验SMILES；仅保留Swiss原始SMILES供原始行号审计
2460,1478,COc1ccc2c(c[n+](C)c3c4cc5c(cc4ccc23)OCO5)c1OC,STP02455,成功（100条，已去重）,100,2.0,1.0,1.0,molecule_ID精确匹配,全量源表未提供可核验SMILES；仅保留Swiss原始SMILES供原始行号审计
3883,1480,O=C(O)c1cc(=O)cc(C(=O)O)o1,STP03877,成功（100条，已去重）,100,1.0,1.0,1.0,molecule_ID精确匹配,全量源表未提供可核验SMILES；仅保留Swiss原始SMILES供原始行号审计
3352,1481,CN1Cc2c(ccc3c2OCO3)[C@@H]2[C@H]1c1cc3c(cc1C[C@@H]2O)OCO3,STP03346,成功（100条，已去重）,100,1.0,1.0,1.0,molecule_ID精确匹配,全量源表未提供可核验SMILES；仅保留Swiss原始SMILES供原始行号审计
2489,1482,COc1cc(OC)c2c(c[n+](C)c3c4cc5c(cc4ccc23)OCO5)c1OC,STP02484,成功（100条，已去重）,100,1.0,1.0,1.0,molecule_ID精确匹配,全量源表未提供可核验SMILES；仅保留Swiss原始SMILES供原始行号审计
2713,1483,COc1cc2c(c3c[n+](C)c4c5cc6c(cc5ccc4c13)OCO6)OCO2,STP02708,成功（100条，已去重）,100,1.0,1.0,1.0,molecule_ID精确匹配,全量源表未提供可核验SMILES；仅保留Swiss原始SMILES供原始行号审计
1536,1484,Oc1ccc2c(c1)OC[C@H]1c3cc4c(cc3O[C@@H]21)OCO4,STP01533,成功（100条，已去重）,100,5.0,1.0,1.0,molecule_ID精确匹配,全量源表未提供可核验SMILES；仅保留Swiss原始SMILES供原始行号审计
1592,1491,COc1cc([C@@H]2Oc3c(OC)cc(CCCO)cc3[C@H]2CO)ccc1O,STP01589,成功（100条，已去重）,100,2.0,1.0,1.0,molecule_ID精确匹配,全量源表未提供可核验SMILES；仅保留Swiss原始SMILES供原始行号审计
4075,1494,CCCCC/C=C\C/C=C\CCCCCCCC(=O)OCC,STP04068,成功（100条，已去重）,100,35.0,1.0,1.0,molecule_ID精确匹配,全量源表未提供可核验SMILES；仅保留Swiss原始SMILES供原始行号审计
1844,1500,CC1(C)C[C@H](O)C[C@@]2(C)OC(=O)C=C12,STP01839,成功（100条，已去重）,100,10.0,1.0,1.0,molecule_ID精确匹配,全量源表未提供可核验SMILES；仅保留Swiss原始SMILES供原始行号审计
3460,1512,O=C(O)C1=C/C(=C\C=[N+]2/c3cc(O)c(O)cc3C[C@H]2C(=O)[O-])C[C@@H](C(=O)O)N1,STP03454,成功（100条，已去重）,100,1.0,1.0,1.0,molecule_ID精确匹配,全量源表未提供可核验SMILES；仅保留Swiss原始SMILES供原始行号审计
2176,1516,O=c1c(O)c(-c2ccc(O)cc2)oc2cc3c(c(O)c12)OCO3,STP02171,成功（100条，已去重）,100,2.0,1.0,1.0,molecule_ID精确匹配,全量源表未提供可核验SMILES；仅保留Swiss原始SMILES供原始行号审计
4022,1518,O=C(O)C1=N[C@H](C(=O)O)CC(/C=C/N2C/C(=C/C(O)=C/O)C[C@@H]2C(=O)O)=C1,STP04015,成功（100条，已去重）,100,1.0,1.0,1.0,molecule_ID精确匹配,全量源表未提供可核验SMILES；仅保留Swiss原始SMILES供原始行号审计
1216,1522,COc1cc2c(cc1O)[C@H](Cc1ccc(O)cc1)NCC2,STP01214,成功（100条，已去重）,100,2.0,1.0,1.0,molecule_ID精确匹配,全量源表未提供可核验SMILES；仅保留Swiss原始SMILES供原始行号审计
3398,1523,CC(=O)OCO[P@]1(=O)OC[C@H]2O[C@@H](n3cnc4c(N)ncnc43)[C@H](O)[C@@H]2O1,STP03392,成功（100条，已去重）,100,1.0,1.0,1.0,molecule_ID精确匹配,全量源表未提供可核验SMILES；仅保留Swiss原始SMILES供原始行号审计
340,1530,COc1c(O)cc2c3c1-c1ccccc1C[C@@H]3N(C)CC2,STP00339,成功（100条，已去重）,100,2.0,1.0,1.0,molecule_ID精确匹配,全量源表未提供可核验SMILES；仅保留Swiss原始SMILES供原始行号审计
60,1531,COc1cc2c3c(c1OC)-c1ccccc1C[C@@H]3N(C)CC2,STP00059,成功（100条，已去重）,100,1.0,1.0,1.0,molecule_ID精确匹配,全量源表未提供可核验SMILES；仅保留Swiss原始SMILES供原始行号审计
3985,1539,CC(C)C[C@H]1NC(=O)[C@H](NC(=O)/C=C/c2ccccc2)[C@@H](C(C)C)Oc2ccc(cc2)/C=C/NC1=O,STP03978,成功（100条，已去重）,100,1.0,1.0,1.0,molecule_ID精确匹配,全量源表未提供可核验SMILES；仅保留Swiss原始SMILES供原始行号审计
3312,1541,COc1cc2oc(-c3ccc(O)cc3)cc(=O)c2c(O)c1[C@@H]1O[C@H](CO)[C@@H](O)[C@H](O)[C@H]1O,STP03306,成功（100条，已去重）,100,3.0,1.0,1.0,molecule_ID精确匹配,全量源表未提供可核验SMILES；仅保留Swiss原始SMILES供原始行号审计
3319,1545,COc1cc2oc(-c3ccc(O)cc3)cc(=O)c2c(O)c1[C@H]1O[C@@H](CO)[C@H](O)[C@@H](O)[C@@H]1O,STP03313,成功（100条，已去重）,100,1.0,1.0,1.0,molecule_ID精确匹配,全量源表未提供可核验SMILES；仅保留Swiss原始SMILES供原始行号审计
684,1546,COc1ccc2c(c1OC)-c1c(O)c(O)cc3c1[C@H](C2)[N+](C)(C)CC3,STP00683,成功（100条，已去重）,100,1.0,1.0,1.0,molecule_ID精确匹配,全量源表未提供可核验SMILES；仅保留Swiss原始SMILES供原始行号审计
1167,1552,CN1[C@@H]2CC[C@H]1C[C@@H](OC(=O)[C@H](CO)c1ccccc1)C2,STP01166,成功（100条，已去重）,100,2.0,1.0,1.0,molecule_ID精确匹配,全量源表未提供可核验SMILES；仅保留Swiss原始SMILES供原始行号审计
1188,1553,CN1[C@@H]2C[C@@H](OC(=O)[C@@H](CO)c3ccccc3)C[C@H]1[C@@H]1O[C@@H]12,STP01186,成功（100条，已去重）,100,1.0,1.0,1.0,molecule_ID精确匹配,全量源表未提供可核验SMILES；仅保留Swiss原始SMILES供原始行号审计
"1164,1180",1554,CN1[C@@H]2C[C@@H](OC(=O)[C@H](CO)c3ccccc3)C[C@H]1[C@@H]1O[C@@H]12,STP01163,成功（100条，已去重）,100,3.0,1.0,1.0,molecule_ID精确匹配,全量源表未提供可核验SMILES；仅保留Swiss原始SMILES供原始行号审计
2653,1555,COc1ccc([C@H]2OC[C@@H]3[C@H]2CO[C@H]3c2ccc(OC)c(OC)c2)cc1OC,STP02648,成功（100条，已去重）,100,1.0,1.0,1.0,molecule_ID精确匹配,全量源表未提供可核验SMILES；仅保留Swiss原始SMILES供原始行号审计
426,1556,C=C1CC/C=C(/C)CC[C@@H]2[C@@H]1CC2(C)C,STP00425,成功（100条，已去重）,100,35.0,1.0,1.0,molecule_ID精确匹配,全量源表未提供可核验SMILES；仅保留Swiss原始SMILES供原始行号审计
1418,1558,c1cc2c(cc1[C@H]1OC[C@H]3[C@@H]1CO[C@@H]3c1ccc3c(c1)OCO3)OCO2,STP01415,成功（100条，已去重）,100,7.0,1.0,1.0,molecule_ID精确匹配,全量源表未提供可核验SMILES；仅保留Swiss原始SMILES供原始行号审计
3956,1559,CC(C)CNC(=O)/C=C/C=C/c1ccc2c(c1)OCO2,STP03949,成功（100条，已去重）,100,2.0,1.0,1.0,molecule_ID精确匹配,全量源表未提供可核验SMILES；仅保留Swiss原始SMILES供原始行号审计
3232,1560,O=C(/C=C/CCCC/C=C\c1ccc2c(c1)OCO2)N1CCCCC1,STP03226,成功（100条，已去重）,100,1.0,1.0,1.0,molecule_ID精确匹配,全量源表未提供可核验SMILES；仅保留Swiss原始SMILES供原始行号审计
3347,1561,O=C(/C=C/C=C/CC/C=C\c1ccc2c(c1)OCO2)N1CCCCC1,STP03341,成功（100条，已去重）,100,1.0,1.0,1.0,molecule_ID精确匹配,全量源表未提供可核验SMILES；仅保留Swiss原始SMILES供原始行号审计
925,1568,C[C@@H]1C(=[N+]=[N-])C(=O)c2ccccc21,STP00924,成功（100条，已去重）,100,1.0,1.0,1.0,molecule_ID精确匹配,全量源表未提供可核验SMILES；仅保留Swiss原始SMILES供原始行号审计
1053,1575,CC(=O)O[C@]1(C)CC[C@H]2C(C)(C)[C@@H]3C[C@@]21CC[C@H]3C,STP01052,成功（100条，已去重）,100,5.0,1.0,1.0,molecule_ID精确匹配,全量源表未提供可核验SMILES；仅保留Swiss原始SMILES供原始行号审计
1633,1577,O=C1[C@H]2CCCC[C@H]2C[C@@H]2CCCCN12,STP01630,成功（100条，已去重）,100,1.0,1.0,1.0,molecule_ID精确匹配,全量源表未提供可核验SMILES；仅保留Swiss原始SMILES供原始行号审计
3381,1580,O=Cc1ccc2c(c1)OCO2,STP03375,成功（100条，已去重）,100,3.0,1.0,1.0,molecule_ID精确匹配,全量源表未提供可核验SMILES；仅保留Swiss原始SMILES供原始行号审计
1928,1581,CC(C)COC(=O)CC(C)C,STP01923,成功（100条，已去重）,100,1.0,1.0,1.0,molecule_ID精确匹配,全量源表未提供可核验SMILES；仅保留Swiss原始SMILES供原始行号审计
3770,1584,C=C[C@](C)(CCC=C(C)C)OC(=O)CC,STP03764,成功（100条，已去重）,100,3.0,1.0,1.0,molecule_ID精确匹配,全量源表未提供可核验SMILES；仅保留Swiss原始SMILES供原始行号审计
680,1586,COc1ccc(C(=O)Nc2cc(OC)ccc2OC)cc1,STP00679,成功（100条，已去重）,100,1.0,1.0,1.0,molecule_ID精确匹配,全量源表未提供可核验SMILES；仅保留Swiss原始SMILES供原始行号审计
801,1587,COc1cc(CC/C=C/C(=O)N2CCCCC2)ccc1O,STP00800,成功（100条，已去重）,100,1.0,1.0,1.0,molecule_ID精确匹配,全量源表未提供可核验SMILES；仅保留Swiss原始SMILES供原始行号审计
1650,1592,O=C(/C=C/C=C/c1ccc2c(c1)OCO2)N1CCCCC1,STP01646,成功（100条，已去重）,100,1.0,1.0,1.0,molecule_ID精确匹配,全量源表未提供可核验SMILES；仅保留Swiss原始SMILES供原始行号审计
959,1593,CC1=CC(=O)C(=C(C)C)CC1,STP00958,成功（100条，已去重）,100,8.0,1.0,1.0,molecule_ID精确匹配,全量源表未提供可核验SMILES；仅保留Swiss原始SMILES供原始行号审计
1565,1594,COc1ccc2c(c1)OC[C@]1(O)c3cc4c(cc3O[C@H]21)OCO4,STP01562,成功（100条，已去重）,100,1.0,1.0,1.0,molecule_ID精确匹配,全量源表未提供可核验SMILES；仅保留Swiss原始SMILES供原始行号审计
1354,1597,C[C@H]1CCC[C@@H]2[C@@H]3CCCC[C@@H]3CC[C@@H]21,STP01352,成功（100条，已去重）,100,1.0,1.0,1.0,molecule_ID精确匹配,全量源表未提供可核验SMILES；仅保留Swiss原始SMILES供原始行号审计
231,1599,CC1=C[C@@H]2[C@H](CC1)[C@](C)(O)CCC2(C)C,STP00230,成功（100条，已去重）,100,15.0,1.0,1.0,molecule_ID精确匹配,全量源表未提供可核验SMILES；仅保留Swiss原始SMILES供原始行号审计
752,1600,CC1=CC[C@@H]2[C@H]3[C@H](C(C)C)CC[C@]2(C)[C@@H]13,STP00751,成功（100条，已去重）,100,39.0,1.0,1.0,molecule_ID精确匹配,全量源表未提供可核验SMILES；仅保留Swiss原始SMILES供原始行号审计
138,1601,CC1=CCCc2c1ccc1c2C(=O)C(=O)C2=C1OC[C@H]2C,STP00137,成功（100条，已去重）,100,2.0,1.0,1.0,molecule_ID精确匹配,全量源表未提供可核验SMILES；仅保留Swiss原始SMILES供原始行号审计
2386,1603,COc1cc(/C=C/C(=O)CC(=O)/C=C\c2ccc(O)cc2)ccc1O,STP02381,成功（100条，已去重）,100,1.0,1.0,1.0,molecule_ID精确匹配,全量源表未提供可核验SMILES；仅保留Swiss原始SMILES供原始行号审计
921,1604,C=C[C@](C)(O)CC[C@H]1OC1(C)C,STP00920,成功（100条，已去重）,100,11.0,1.0,1.0,molecule_ID精确匹配,全量源表未提供可核验SMILES；仅保留Swiss原始SMILES供原始行号审计
728,1606,C=C(C)[C@@H]1CCC2=CCC[C@@H](C)[C@]2(C)C1,STP00727,成功（100条，已去重）,100,18.0,1.0,1.0,molecule_ID精确匹配,全量源表未提供可核验SMILES；仅保留Swiss原始SMILES供原始行号审计
233,1608,C=C[C@@]1(C)CCC(C(C)C)=C[C@@H]1C(=C)C,STP00232,成功（100条，已去重）,100,15.0,1.0,1.0,molecule_ID精确匹配,全量源表未提供可核验SMILES；仅保留Swiss原始SMILES供原始行号审计
2938,1612,O=C(O)c1ccc2c(c1)OCO2,STP02933,成功（100条，已去重）,100,1.0,1.0,1.0,molecule_ID精确匹配,全量源表未提供可核验SMILES；仅保留Swiss原始SMILES供原始行号审计
3371,1616,O=C(/C=C/CCCC/C=C\c1ccc2c(c1)OCO2)N1CCCC1,STP03365,成功（100条，已去重）,100,1.0,1.0,1.0,molecule_ID精确匹配,全量源表未提供可核验SMILES；仅保留Swiss原始SMILES供原始行号审计
36,162,C=C1CCCC(C)(C)[C@@]12CC=C(C)CC2,STP00035,成功（100条，已去重）,100,10.0,1.0,1.0,molecule_ID精确匹配,全量源表未提供可核验SMILES；仅保留Swiss原始SMILES供原始行号审计
3404,1621,CCCCCCCCC/C=C/c1ccc2c(c1)OCO2,STP03398,成功（100条，已去重）,100,1.0,1.0,1.0,molecule_ID精确匹配,全量源表未提供可核验SMILES；仅保留Swiss原始SMILES供原始行号审计
3684,1623,O=C(CCc1ccc(O)cc1)c1c(O)cc(O)cc1O[C@@H]1O[C@H](CO)[C@@H](O)[C@H](O)[C@H]1O,STP03678,成功（100条，已去重）,100,1.0,1.0,1.0,molecule_ID精确匹配,全量源表未提供可核验SMILES；仅保留Swiss原始SMILES供原始行号审计
3293,1626,COc1cc2c(cc1[C@@H]1OC[C@@]3(OC(C)=O)[C@@H](Oc4ccc5c(c4)OCO5)OC[C@@H]13)OCO2,STP03287,成功（100条，已去重）,100,1.0,1.0,1.0,molecule_ID精确匹配,全量源表未提供可核验SMILES；仅保留Swiss原始SMILES供原始行号审计
1499,1628,CC1(C)C=Cc2c(ccc(C(=O)CCc3ccc(O)c(O)c3)c2O)O1,STP01496,成功（100条，已去重）,100,1.0,1.0,1.0,molecule_ID精确匹配,全量源表未提供可核验SMILES；仅保留Swiss原始SMILES供原始行号审计
3428,1629,C/C=C/C(=O)O,STP03422,成功（100条，已去重）,100,3.0,1.0,1.0,molecule_ID精确匹配,全量源表未提供可核验SMILES；仅保留Swiss原始SMILES供原始行号审计
1467,1631,CCCCCCCC/C=C\CCCCCCCCCCCC(=O)O,STP01464,成功（100条，已去重）,100,9.0,1.0,1.0,molecule_ID精确匹配,全量源表未提供可核验SMILES；仅保留Swiss原始SMILES供原始行号审计
3761,1639,C/C=C(\C)C(=O)O,STP03755,成功（100条，已去重）,100,7.0,1.0,1.0,molecule_ID精确匹配,全量源表未提供可核验SMILES；仅保留Swiss原始SMILES供原始行号审计
3801,1641,CCCCC/C=C\C/C=C\CCCCCCCC(=O)OC,STP03795,成功（100条，已去重）,100,41.0,1.0,1.0,molecule_ID精确匹配,全量源表未提供可核验SMILES；仅保留Swiss原始SMILES供原始行号审计
250,1643,C=CCc1ccc2c(c1OC)OCO2,STP00249,成功（100条，已去重）,100,3.0,1.0,1.0,molecule_ID精确匹配,全量源表未提供可核验SMILES；仅保留Swiss原始SMILES供原始行号审计
3522,1645,CCCCC/C=C/C/C=C/CCCCCCCCOC(C)=O,STP03516,成功（100条，已去重）,100,5.0,1.0,1.0,molecule_ID精确匹配,全量源表未提供可核验SMILES；仅保留Swiss原始SMILES供原始行号审计
2229,1648,COC(=O)C1=CO[C@@H](O)[C@@H]2C(CO)=CC[C@H]12,STP02224,成功（100条，已去重）,100,3.0,1.0,1.0,molecule_ID精确匹配,全量源表未提供可核验SMILES；仅保留Swiss原始SMILES供原始行号审计
120,1649,Cc1cc2c(cc1O)C(=O)c1ccccc1C2=O,STP00119,成功（100条，已去重）,100,3.0,1.0,1.0,molecule_ID精确匹配,全量源表未提供可核验SMILES；仅保留Swiss原始SMILES供原始行号审计
1872,165,CC1=CCC[C@H](C)[C@@]12CC[C@H](C(C)(C)O)C2,STP01867,成功（100条，已去重）,100,7.0,1.0,1.0,molecule_ID精确匹配,全量源表未提供可核验SMILES；仅保留Swiss原始SMILES供原始行号审计
2652,1651,COC(=O)C1=CO[C@H](O)[C@@H]2C(CO)=C[C@H](OC(=O)/C=C\c3ccc(O)cc3)[C@@H]12,STP02647,成功（100条，已去重）,100,1.0,1.0,1.0,molecule_ID精确匹配,全量源表未提供可核验SMILES；仅保留Swiss原始SMILES供原始行号审计
3291,1657,O=C(O)C1=CO[C@@H](O)[C@@H]2C(CO)=C[C@@H](O)[C@H]12,STP03285,成功（100条，已去重）,100,3.0,1.0,1.0,molecule_ID精确匹配,全量源表未提供可核验SMILES；仅保留Swiss原始SMILES供原始行号审计
208,166,CC(C)=CCC[C@@](C)(O)[C@H]1CC=C(C)CC1,STP00207,成功（100条，已去重）,100,21.0,1.0,1.0,molecule_ID精确匹配,全量源表未提供可核验SMILES；仅保留Swiss原始SMILES供原始行号审计
2453,1660,COc1ccc(/C=C/C(=O)O)cc1,STP02448,成功（100条，已去重）,100,5.0,1.0,1.0,molecule_ID精确匹配,全量源表未提供可核验SMILES；仅保留Swiss原始SMILES供原始行号审计
2212,1662,COC(=O)C1=CO[C@@H](O)[C@@H]2C(CO)=C[C@@H](O)[C@H]12,STP02207,成功（100条，已去重）,100,3.0,1.0,1.0,molecule_ID精确匹配,全量源表未提供可核验SMILES；仅保留Swiss原始SMILES供原始行号审计
3252,1665,O=C(O)C1=CO[C@@H](O)[C@@H]2C(CO)=C[C@H](O)[C@H]12,STP03246,成功（100条，已去重）,100,2.0,1.0,1.0,molecule_ID精确匹配,全量源表未提供可核验SMILES；仅保留Swiss原始SMILES供原始行号审计
2207,1667,COC(=O)C1=CO[C@@H](O)[C@@H]2C(CO)=C[C@H](O)[C@H]12,STP02202,成功（100条，已去重）,100,3.0,1.0,1.0,molecule_ID精确匹配,全量源表未提供可核验SMILES；仅保留Swiss原始SMILES供原始行号审计
3484,1669,O=C(O)C1=CO[C@@H](O)[C@@H]2C(CO)=CC[C@H]12,STP03478,成功（100条，已去重）,100,6.0,1.0,1.0,molecule_ID精确匹配,全量源表未提供可核验SMILES；仅保留Swiss原始SMILES供原始行号审计
122,1670,COc1cc2c(cc1C)C(=O)c1ccccc1C2=O,STP00121,成功（100条，已去重）,100,1.0,1.0,1.0,molecule_ID精确匹配,全量源表未提供可核验SMILES；仅保留Swiss原始SMILES供原始行号审计
1778,1675,C[C@H]1C(=O)OC[C@@H]2[C@H]1C[C@H](O)[C@@]2(C)O,STP01774,成功（100条，已去重）,100,1.0,1.0,1.0,molecule_ID精确匹配,全量源表未提供可核验SMILES；仅保留Swiss原始SMILES供原始行号审计
591,1678,CC(C)=CCc1cc([C@H]2COc3cc(O)cc(O)c3C2=O)cc(O)c1O,STP00590,成功（100条，已去重）,100,1.0,1.0,1.0,molecule_ID精确匹配,全量源表未提供可核验SMILES；仅保留Swiss原始SMILES供原始行号审计
1668,1681,COC(=O)C1=CO[C@@H](O)[C@@H]2[C@@H](C)[C@@H](O)C[C@H]12,STP01664,成功（100条，已去重）,100,5.0,1.0,1.0,molecule_ID精确匹配,全量源表未提供可核验SMILES；仅保留Swiss原始SMILES供原始行号审计
3378,1684,Nc1ccc2cnccc2c1,STP03372,成功（100条，已去重）,100,1.0,1.0,1.0,molecule_ID精确匹配,全量源表未提供可核验SMILES；仅保留Swiss原始SMILES供原始行号审计
3101,1685,CC(C)=CCc1c2c(c(O)c3c1O[C@H](c1c(O)cccc1O)CC3=O)C=CC(C)(C)O2,STP03096,成功（100条，已去重）,100,1.0,1.0,1.0,molecule_ID精确匹配,全量源表未提供可核验SMILES；仅保留Swiss原始SMILES供原始行号审计
2433,1689,COc1ccc(-c2cc(=O)c3c(O)cc(O)cc3o2)cc1,STP02428,成功（100条，已去重）,100,21.0,1.0,1.0,molecule_ID精确匹配,全量源表未提供可核验SMILES；仅保留Swiss原始SMILES供原始行号审计
1307,169,C=C(C)[C@@H]1CC[C@H](C)C2=C(C1)[C@@H](C)CC2,STP01305,成功（100条，已去重）,100,16.0,1.0,1.0,molecule_ID精确匹配,全量源表未提供可核验SMILES；仅保留Swiss原始SMILES供原始行号审计
3645,1691,O=C1O[C@H]([C@@H](O)CO)C(O)=C1O,STP03639,成功（100条，已去重）,100,19.0,1.0,1.0,molecule_ID精确匹配,全量源表未提供可核验SMILES；仅保留Swiss原始SMILES供原始行号审计
3790,1692,OC[C@@]1(O)CO[C@@H](O)[C@@H]1O,STP03784,成功（100条，已去重）,100,3.0,1.0,1.0,molecule_ID精确匹配,全量源表未提供可核验SMILES；仅保留Swiss原始SMILES供原始行号审计
2879,1696,CC(C)=CCc1c(-c2ccc(O)cc2O)oc2c3c(cc(O)c2c1=O)OC(C)(C)C=C3,STP02874,成功（100条，已去重）,100,6.0,1.0,1.0,molecule_ID精确匹配,全量源表未提供可核验SMILES；仅保留Swiss原始SMILES供原始行号审计
224,1697,COC1=C[C@]23C[C@@]4(CN(C)[C@@H]4C2=CC1=O)c1ccc(OC)c(O)c13,STP00223,成功（100条，已去重）,100,3.0,1.0,1.0,molecule_ID精确匹配,全量源表未提供可核验SMILES；仅保留Swiss原始SMILES供原始行号审计
2678,1699,COc1cc2c(O)c3c(c(-c4ccc5c(c4)OCO5)c2cc1OC)C(=O)OC3,STP02673,成功（100条，已去重）,100,1.0,1.0,1.0,molecule_ID精确匹配,全量源表未提供可核验SMILES；仅保留Swiss原始SMILES供原始行号审计
576,170,CC(C)=C1CC[C@H](C)C2=C(C1)[C@H](C)CC2,STP00575,成功（100条，已去重）,100,13.0,1.0,1.0,molecule_ID精确匹配,全量源表未提供可核验SMILES；仅保留Swiss原始SMILES供原始行号审计
2484,1700,COc1cc([C@@H]2c3cc4c(cc3C[C@H]3COC(=O)[C@@H]32)OCO4)cc(OC)c1OC,STP02479,成功（100条，已去重）,100,1.0,1.0,1.0,molecule_ID精确匹配,全量源表未提供可核验SMILES；仅保留Swiss原始SMILES供原始行号审计
2408,1702,COc1cc2c(c(OC)c1OC)C(=O)c1cc3c(cc1C2=O)OCO3,STP02403,成功（100条，已去重）,100,1.0,1.0,1.0,molecule_ID精确匹配,全量源表未提供可核验SMILES；仅保留Swiss原始SMILES供原始行号审计
2371,1703,COc1cc(O)cc([C@@H](O)[C@@H]2CO[C@@H](c3ccc(O)c(OC)c3)[C@@H]2CO)c1,STP02366,成功（100条，已去重）,100,1.0,1.0,1.0,molecule_ID精确匹配,全量源表未提供可核验SMILES；仅保留Swiss原始SMILES供原始行号审计
2621,1708,COc1cc([C@H]2c3cc4c(cc3C(=O)[C@@H]3COC(=O)[C@H]23)OCO4)cc(OC)c1OC,STP02616,成功（100条，已去重）,100,1.0,1.0,1.0,molecule_ID精确匹配,全量源表未提供可核验SMILES；仅保留Swiss原始SMILES供原始行号审计
84,171,C[C@H]1CC[C@@H](C(C)(C)O)CC2=C1CC[C@@H]2C,STP00083,成功（100条，已去重）,100,15.0,1.0,1.0,molecule_ID精确匹配,全量源表未提供可核验SMILES；仅保留Swiss原始SMILES供原始行号审计
2586,1710,COc1cc([C@@H]2c3cc4c(cc3[C@H](O)[C@H]3COC(=O)[C@@H]23)OCO4)cc(OC)c1OC,STP02581,成功（100条，已去重）,100,1.0,1.0,1.0,molecule_ID精确匹配,全量源表未提供可核验SMILES；仅保留Swiss原始SMILES供原始行号审计
2531,1713,COc1cc([C@H]2c3cc4c(cc3[C@H](O)[C@H]3COC(=O)[C@H]23)OCO4)cc(OC)c1OC,STP02526,成功（100条，已去重）,100,1.0,1.0,1.0,molecule_ID精确匹配,全量源表未提供可核验SMILES；仅保留Swiss原始SMILES供原始行号审计
2549,1714,COc1cc([C@@H]2c3cc4c(cc3[C@H](O)[C@H]3COC(=O)[C@H]23)OCO4)cc(OC)c1OC,STP02544,成功（100条，已去重）,100,1.0,1.0,1.0,molecule_ID精确匹配,全量源表未提供可核验SMILES；仅保留Swiss原始SMILES供原始行号审计
2784,1715,COc1cc([C@@H]2c3cc4c(cc3C(=O)[C@H]3COC(=O)[C@H]23)OCO4)cc(OC)c1OC,STP02779,成功（100条，已去重）,100,1.0,1.0,1.0,molecule_ID精确匹配,全量源表未提供可核验SMILES；仅保留Swiss原始SMILES供原始行号审计
2507,1716,COc1cc([C@@H]2c3cc4c(cc3[C@H](O)[C@H]3COC(=O)[C@H]23)OCO4)cc(OC)c1O,STP02502,成功（100条，已去重）,100,1.0,1.0,1.0,molecule_ID精确匹配,全量源表未提供可核验SMILES；仅保留Swiss原始SMILES供原始行号审计
2595,1717,COc1cc([C@@H]2c3cc4c(c(O)c3C[C@H]3COC(=O)[C@@H]32)OCO4)cc(OC)c1OC,STP02590,成功（100条，已去重）,100,2.0,1.0,1.0,molecule_ID精确匹配,全量源表未提供可核验SMILES；仅保留Swiss原始SMILES供原始行号审计
394,1719,C=C[C@@]1(C)CC[C@@H](C(C)(C)O)O1,STP00393,成功（100条，已去重）,100,6.0,1.0,1.0,molecule_ID精确匹配,全量源表未提供可核验SMILES；仅保留Swiss原始SMILES供原始行号审计
2929,1721,CC1=C(C(=O)O)C(=O)C[C@@H]2CCC[C@]3(C(=O)Nc4ccccc43)N12,STP02924,成功（100条，已去重）,100,1.0,1.0,1.0,molecule_ID精确匹配,全量源表未提供可核验SMILES；仅保留Swiss原始SMILES供原始行号审计
3417,1722,O=C1Nc2ccccc2O[C@@H]1O[C@@H]1O[C@H](CO)[C@@H](O)[C@H](O)[C@H]1O,STP03411,成功（100条，已去重）,100,1.0,1.0,1.0,molecule_ID精确匹配,全量源表未提供可核验SMILES；仅保留Swiss原始SMILES供原始行号审计
1411,1723,O=C1Nc2ccccc2O[C@@H]1O,STP01409,成功（100条，已去重）,100,1.0,1.0,1.0,molecule_ID精确匹配,全量源表未提供可核验SMILES；仅保留Swiss原始SMILES供原始行号审计
2402,1725,O=C1[C@H](O)Oc2ccccc2N1[O-],STP02397,成功（100条，已去重）,100,1.0,1.0,1.0,molecule_ID精确匹配,全量源表未提供可核验SMILES；仅保留Swiss原始SMILES供原始行号审计
2349,1729,Cc1cc(O)c2c(c1)C(=O)c1cccc(O)c1C2=O,STP02344,成功（100条，已去重）,100,19.0,1.0,1.0,molecule_ID精确匹配,全量源表未提供可核验SMILES；仅保留Swiss原始SMILES供原始行号审计
428,173,COc1c(O)cc(O)c2c(=O)cc(-c3ccccc3)oc12,STP00427,成功（100条，已去重）,100,10.0,1.0,1.0,molecule_ID精确匹配,全量源表未提供可核验SMILES；仅保留Swiss原始SMILES供原始行号审计
1094,1731,OC[C@H]1O[C@H](O)[C@H](O)[C@@H](O)[C@@H]1O,STP01093,成功（100条，已去重）,100,2.0,1.0,1.0,molecule_ID精确匹配,全量源表未提供可核验SMILES；仅保留Swiss原始SMILES供原始行号审计
1105,1732,OCC(O)CO,STP01104,成功（100条，已去重）,100,12.0,1.0,1.0,molecule_ID精确匹配,全量源表未提供可核验SMILES；仅保留Swiss原始SMILES供原始行号审计
2455,1733,COc1ccc(-c2cc(=O)c3c(O)c(OC)c(OC)cc3o2)cc1O,STP02450,成功（100条，已去重）,100,3.0,1.0,1.0,molecule_ID精确匹配,全量源表未提供可核验SMILES；仅保留Swiss原始SMILES供原始行号审计
2579,1734,O=C(O)CC(=O)OC[C@H]1O[C@@H](Oc2c[nH]c3ccccc23)[C@@H](O)C(=O)[C@@H]1O,STP02574,成功（100条，已去重）,100,1.0,1.0,1.0,molecule_ID精确匹配,全量源表未提供可核验SMILES；仅保留Swiss原始SMILES供原始行号审计
1100,1735,COc1c(O)cc2oc(-c3ccc(O)cc3)cc(=O)c2c1O,STP01099,成功（100条，已去重）,100,10.0,1.0,1.0,molecule_ID精确匹配,全量源表未提供可核验SMILES；仅保留Swiss原始SMILES供原始行号审计
2137,1736,O=C1c2c(O)cc(O)cc2O[C@@H](c2ccc(O)c(O)c2)[C@@H]1O,STP02132,成功（100条，已去重）,100,9.0,1.0,1.0,molecule_ID精确匹配,全量源表未提供可核验SMILES；仅保留Swiss原始SMILES供原始行号审计
1589,1737,O=C(O)c1c[nH]c2ccccc12,STP01586,成功（100条，已去重）,100,2.0,1.0,1.0,molecule_ID精确匹配,全量源表未提供可核验SMILES；仅保留Swiss原始SMILES供原始行号审计
3977,1738,O=C(O)CC(=O)O,STP03970,成功（100条，已去重）,100,4.0,1.0,1.0,molecule_ID精确匹配,全量源表未提供可核验SMILES；仅保留Swiss原始SMILES供原始行号审计
3772,1739,CCCCCC/C=C\CCCCCCCC(=O)O,STP03766,成功（100条，已去重）,100,45.0,1.0,1.0,molecule_ID精确匹配,全量源表未提供可核验SMILES；仅保留Swiss原始SMILES供原始行号审计
3177,1742,OC[C@H]1OC[C@H](O)[C@@H](O)[C@@H]1O,STP03172,成功（100条，已去重）,100,1.0,1.0,1.0,molecule_ID精确匹配,全量源表未提供可核验SMILES；仅保留Swiss原始SMILES供原始行号审计
3511,1743,O=c1ccn([C@@H]2O[C@@H](CO)[C@@H](O)[C@@H]2O)c(=O)[nH]1,STP03505,成功（100条，已去重）,100,2.0,1.0,1.0,molecule_ID精确匹配,全量源表未提供可核验SMILES；仅保留Swiss原始SMILES供原始行号审计
4109,1746,CCCCCCCC/C=C\CCCCCCCC(N)=O,STP04102,成功（100条，已去重）,100,10.0,1.0,1.0,molecule_ID精确匹配,全量源表未提供可核验SMILES；仅保留Swiss原始SMILES供原始行号审计
1320,1747,CCCCCCCCCCCCCCCCCCCCCCCC,STP01318,成功（100条，已去重）,100,34.0,1.0,1.0,molecule_ID精确匹配,全量源表未提供可核验SMILES；仅保留Swiss原始SMILES供原始行号审计
3816,1749,CCCC[C@@H](CC)COC(=O)c1ccccc1C(=O)OC[C@H](CC)CCCC,STP03810,成功（100条，已去重）,100,14.0,1.0,1.0,molecule_ID精确匹配,全量源表未提供可核验SMILES；仅保留Swiss原始SMILES供原始行号审计
3309,175,CC1=C2C[C@H]3CC[C@@H](C)[C@]2(CC1)C3(C)C,STP03303,成功（100条，已去重）,100,3.0,1.0,1.0,molecule_ID精确匹配,全量源表未提供可核验SMILES；仅保留Swiss原始SMILES供原始行号审计
3475,1751,O=S(=O)(O)O/N=C(/S)Cc1c[nH]c2ccccc12,STP03469,成功（100条，已去重）,100,1.0,1.0,1.0,molecule_ID精确匹配,全量源表未提供可核验SMILES；仅保留Swiss原始SMILES供原始行号审计
1919,1752,C=Cc1ccc(O)c(OC)c1,STP01914,成功（100条，已去重）,100,26.0,1.0,1.0,molecule_ID精确匹配,全量源表未提供可核验SMILES；仅保留Swiss原始SMILES供原始行号审计
1125,1754,COc1cc(C[C@@H]2COC[C@@H]2[C@@H](O)c2ccc(O)c(OC)c2)ccc1O,STP01124,成功（100条，已去重）,100,1.0,1.0,1.0,molecule_ID精确匹配,全量源表未提供可核验SMILES；仅保留Swiss原始SMILES供原始行号审计
2898,1756,c1ccc2nc3c(cc2c1)[nH]c1ccccc13,STP02893,成功（100条，已去重）,100,1.0,1.0,1.0,molecule_ID精确匹配,全量源表未提供可核验SMILES；仅保留Swiss原始SMILES供原始行号审计
906,1763,O=c1c2ccccc2ncn1-c1ccccc1O,STP00905,成功（100条，已去重）,100,1.0,1.0,1.0,molecule_ID精确匹配,全量源表未提供可核验SMILES；仅保留Swiss原始SMILES供原始行号审计
1268,1765,COn1cc(CC#N)c2ccccc21,STP01266,成功（100条，已去重）,100,1.0,1.0,1.0,molecule_ID精确匹配,全量源表未提供可核验SMILES；仅保留Swiss原始SMILES供原始行号审计
456,1767,O=C1Nc2ccccc2/C1=C1/Nc2cc(O)ccc2C1=O,STP00455,成功（100条，已去重）,100,1.0,1.0,1.0,molecule_ID精确匹配,全量源表未提供可核验SMILES；仅保留Swiss原始SMILES供原始行号审计
2542,1778,COc1cc(/C=C/C=O)cc(OC)c1O,STP02537,成功（100条，已去重）,100,3.0,1.0,1.0,molecule_ID精确匹配,全量源表未提供可核验SMILES；仅保留Swiss原始SMILES供原始行号审计
584,1779,COC1=C[C@]23CCN(C)[C@H](Cc4ccc(OC)c(O)c42)C3=CC1=O,STP00583,成功（100条，已去重）,100,1.0,1.0,1.0,molecule_ID精确匹配,全量源表未提供可核验SMILES；仅保留Swiss原始SMILES供原始行号审计
3899,178,C=C1CCC[C@]2(C)C[C@@]3(O)OC(=O)C(C)=C3C[C@@H]12,STP03892,成功（100条，已去重）,100,2.0,1.0,1.0,molecule_ID精确匹配,全量源表未提供可核验SMILES；仅保留Swiss原始SMILES供原始行号审计
2254,1780,N[C@@H](Cc1c[nH]c2ccccc12)C(=O)O,STP02249,成功（100条，已去重）,100,4.0,1.0,1.0,molecule_ID精确匹配,全量源表未提供可核验SMILES；仅保留Swiss原始SMILES供原始行号审计
3132,1781,O=C1/C(=C2\Nc3ccccc3C2=O)Nc2ccccc21,STP03127,成功（100条，已去重）,100,4.0,1.0,1.0,molecule_ID精确匹配,全量源表未提供可核验SMILES；仅保留Swiss原始SMILES供原始行号审计
792,1782,O=C1Nc2ccccc2/C1=C1/Nc2ccccc2C1=O,STP00791,成功（100条，已去重）,100,2.0,1.0,1.0,molecule_ID精确匹配,全量源表未提供可核验SMILES；仅保留Swiss原始SMILES供原始行号审计
2550,1783,C/C=C(\C)C(=O)CO[C@H]1c2c(ccc3ccc(=O)[nH]c23)O[C@@H]1C(C)(C)OC(C)=O,STP02545,成功（100条，已去重）,100,1.0,1.0,1.0,molecule_ID精确匹配,全量源表未提供可核验SMILES；仅保留Swiss原始SMILES供原始行号审计
1211,1786,COc1cc([C@H]2c3cc(O)c(OC)cc3C[C@H](CO)[C@@H]2CO)ccc1O,STP01209,成功（100条，已去重）,100,1.0,1.0,1.0,molecule_ID精确匹配,全量源表未提供可核验SMILES；仅保留Swiss原始SMILES供原始行号审计
2740,1787,Nc1ncnc2c1ncn2[C@@H]1O[C@H](CO)[C@@H](O)[C@H]1O,STP02735,成功（100条，已去重）,100,20.0,1.0,1.0,molecule_ID精确匹配,全量源表未提供可核验SMILES；仅保留Swiss原始SMILES供原始行号审计
639,1789,O=C(/C=C/c1ccc(O)cc1)c1ccc(O)cc1O,STP00638,成功（100条，已去重）,100,11.0,1.0,1.0,molecule_ID精确匹配,全量源表未提供可核验SMILES；仅保留Swiss原始SMILES供原始行号审计
2077,1791,N#CC[C@H]1C(=O)Nc2cccc(O)c21,STP02072,成功（100条，已去重）,100,1.0,1.0,1.0,molecule_ID精确匹配,全量源表未提供可核验SMILES；仅保留Swiss原始SMILES供原始行号审计
1985,1792,O=C1C[C@@H](c2ccc(O)cc2)Oc2cc(O)ccc21,STP01980,成功（100条，已去重）,100,10.0,1.0,1.0,molecule_ID精确匹配,全量源表未提供可核验SMILES；仅保留Swiss原始SMILES供原始行号审计
1182,1796,COn1cc(C/C(S)=N\OS(=O)(=O)O)c2ccccc21,STP01180,成功（100条，已去重）,100,1.0,1.0,1.0,molecule_ID精确匹配,全量源表未提供可核验SMILES；仅保留Swiss原始SMILES供原始行号审计
2026,1798,COc1cc(O)cc([C@@H]2CC(=O)c3c(O)cc(O)cc3O2)c1,STP02021,成功（100条，已去重）,100,6.0,1.0,1.0,molecule_ID精确匹配,全量源表未提供可核验SMILES；仅保留Swiss原始SMILES供原始行号审计
238,18,CC1(C)[C@@H]2CC[C@@]1(C)[C@H](O)C2,STP00237,成功（100条，已去重）,100,32.0,1.0,1.0,molecule_ID精确匹配,全量源表未提供可核验SMILES；仅保留Swiss原始SMILES供原始行号审计
4080,180,C=C1CCC[C@]2(C)C=C3OC(=O)[C@@H](C)[C@@H]3C[C@H]12,STP04073,成功（100条，已去重）,100,1.0,1.0,1.0,molecule_ID精确匹配,全量源表未提供可核验SMILES；仅保留Swiss原始SMILES供原始行号审计
2988,1801,O=C(O)c1ccccc1O,STP02983,成功（100条，已去重）,100,27.0,1.0,1.0,molecule_ID精确匹配,全量源表未提供可核验SMILES；仅保留Swiss原始SMILES供原始行号审计
2613,1802,O=c1[nH]c(=O)c2ccccc2[nH]1,STP02608,成功（100条，已去重）,100,2.0,1.0,1.0,molecule_ID精确匹配,全量源表未提供可核验SMILES；仅保留Swiss原始SMILES供原始行号审计
1386,1803,COc1ccc(-c2cc(=O)c3c(OC)c(OC)c(OC)cc3o2)cc1OC,STP01384,成功（100条，已去重）,100,4.0,1.0,1.0,molecule_ID精确匹配,全量源表未提供可核验SMILES；仅保留Swiss原始SMILES供原始行号审计
1274,1805,COn1cc(C=O)c2ccccc21,STP01272,成功（100条，已去重）,100,1.0,1.0,1.0,molecule_ID精确匹配,全量源表未提供可核验SMILES；仅保留Swiss原始SMILES供原始行号审计
566,1808,O=C1c2ccccc2-n2c1nc1ccccc1c2=O,STP00565,成功（100条，已去重）,100,4.0,1.0,1.0,molecule_ID精确匹配,全量源表未提供可核验SMILES；仅保留Swiss原始SMILES供原始行号审计
3266,1810,O=C1/C(=c2/c3ccccc3n3c(=O)c4ccccc4nc23)Nc2ccccc21,STP03260,成功（100条，已去重）,100,3.0,1.0,1.0,molecule_ID精确匹配,全量源表未提供可核验SMILES；仅保留Swiss原始SMILES供原始行号审计
1976,1814,COc1cc(OC)cc(/C(O)=C2/C(=O)Nc3ccccc32)c1,STP01971,成功（100条，已去重）,100,1.0,1.0,1.0,molecule_ID精确匹配,全量源表未提供可核验SMILES；仅保留Swiss原始SMILES供原始行号审计
3957,1818,CCCCCC/C=C/CCCCCCCC(=O)OC,STP03950,成功（100条，已去重）,100,6.0,1.0,1.0,molecule_ID精确匹配,全量源表未提供可核验SMILES；仅保留Swiss原始SMILES供原始行号审计
834,1820,COc1cc([C@H]2C(=O)Nc3ccccc32)cc(OC)c1CO,STP00833,成功（100条，已去重）,100,1.0,1.0,1.0,molecule_ID精确匹配,全量源表未提供可核验SMILES；仅保留Swiss原始SMILES供原始行号审计
1518,1821,CCCC[C@@H](CC)COC(=O)c1ccccc1C(=O)OC,STP01515,成功（100条，已去重）,100,1.0,1.0,1.0,molecule_ID精确匹配,全量源表未提供可核验SMILES；仅保留Swiss原始SMILES供原始行号审计
3454,1822,COCc1ccc(C(=O)O)o1,STP03448,成功（100条，已去重）,100,1.0,1.0,1.0,molecule_ID精确匹配,全量源表未提供可核验SMILES；仅保留Swiss原始SMILES供原始行号审计
2211,1823,O=C1[C@@H](O)[C@H](Oc2c[nH]c3ccccc23)O[C@H](CO)[C@H]1O,STP02206,成功（100条，已去重）,100,1.0,1.0,1.0,molecule_ID精确匹配,全量源表未提供可核验SMILES；仅保留Swiss原始SMILES供原始行号审计
3547,1824,N#CCc1c[nH]c2cc(O[C@@H]3O[C@H](CO)[C@@H](O)[C@H](O)[C@H]3O)ccc12,STP03541,成功（100条，已去重）,100,1.0,1.0,1.0,molecule_ID精确匹配,全量源表未提供可核验SMILES；仅保留Swiss原始SMILES供原始行号审计
2330,1825,N#CCc1c[nH]c2cc(O)ccc12,STP02325,成功（100条，已去重）,100,1.0,1.0,1.0,molecule_ID精确匹配,全量源表未提供可核验SMILES；仅保留Swiss原始SMILES供原始行号审计
2559,1826,OC[C@H]1O[C@@H](Oc2c[nH]c3ccccc23)[C@H](O)[C@@H](O)[C@@H]1O,STP02554,成功（100条，已去重）,100,1.0,1.0,1.0,molecule_ID精确匹配,全量源表未提供可核验SMILES；仅保留Swiss原始SMILES供原始行号审计
2305,1828,COC1=CC(=CC2=C3Nc4ccccc4C(=O)N3CC2)C=C(OC)C1=O,STP02300,成功（100条，已去重）,100,1.0,1.0,1.0,molecule_ID精确匹配,全量源表未提供可核验SMILES；仅保留Swiss原始SMILES供原始行号审计
3569,1829,Cc1cc(O)c2c(c1)C(=O)c1cc(O)cc(O[C@@H]3O[C@H](CO)[C@@H](O)[C@H](O)[C@H]3O)c1C2=O,STP03563,成功（100条，已去重）,100,5.0,1.0,1.0,molecule_ID精确匹配,全量源表未提供可核验SMILES；仅保留Swiss原始SMILES供原始行号审计
2676,1833,O=S(=O)(O)O/N=C(\S)Cc1cn(S(=O)(=O)[O-])c2ccccc12,STP02671,成功（100条，已去重）,100,2.0,1.0,1.0,molecule_ID精确匹配,全量源表未提供可核验SMILES；仅保留Swiss原始SMILES供原始行号审计
342,1835,O=C1Nc2ccccc2C(=O)N2CCC[C@@H]12,STP00341,成功（100条，已去重）,100,1.0,1.0,1.0,molecule_ID精确匹配,全量源表未提供可核验SMILES；仅保留Swiss原始SMILES供原始行号审计
2683,1836,CCCCO[C@]1(CO)OC[C@@H](O)[C@@H](O)[C@@H]1O,STP02678,成功（100条，已去重）,100,6.0,1.0,1.0,molecule_ID精确匹配,全量源表未提供可核验SMILES；仅保留Swiss原始SMILES供原始行号审计
2494,1841,O=C(O)Cc1c[nH]c2ccccc12,STP02489,成功（100条，已去重）,100,4.0,1.0,1.0,molecule_ID精确匹配,全量源表未提供可核验SMILES；仅保留Swiss原始SMILES供原始行号审计
2576,1842,COc1cc([C@H]2OC[C@H]3[C@@H]2CO[C@@H]3c2ccc(O)c(OC)c2)ccc1O,STP02571,成功（100条，已去重）,100,12.0,1.0,1.0,molecule_ID精确匹配,全量源表未提供可核验SMILES；仅保留Swiss原始SMILES供原始行号审计
2525,1845,COc1cc(C[C@H]2CO[C@@H](c3ccc(O)c(OC)c3)[C@@H]2CO)ccc1O,STP02520,成功（100条，已去重）,100,2.0,1.0,1.0,molecule_ID精确匹配,全量源表未提供可核验SMILES；仅保留Swiss原始SMILES供原始行号审计
1747,1851,c1ccc(-c2ccc3c(n2)-c2ccccc2C3)cc1,STP01743,成功（100条，已去重）,100,1.0,1.0,1.0,molecule_ID精确匹配,全量源表未提供可核验SMILES；仅保留Swiss原始SMILES供原始行号审计
1323,1852,CC(C)=CCc1cccc2[nH]ccc12,STP01321,成功（100条，已去重）,100,1.0,1.0,1.0,molecule_ID精确匹配,全量源表未提供可核验SMILES；仅保留Swiss原始SMILES供原始行号审计
3085,1854,CC[C@@H](O)CCC(C)C,STP03080,成功（100条，已去重）,100,1.0,1.0,1.0,molecule_ID精确匹配,全量源表未提供可核验SMILES；仅保留Swiss原始SMILES供原始行号审计
4187,1858,C[C@@]12C(=O)OC(=O)[C@]1(C)[C@H]1CC[C@@H]2O1,STP04180,成功（100条，已去重）,100,1.0,1.0,1.0,molecule_ID精确匹配,全量源表未提供可核验SMILES；仅保留Swiss原始SMILES供原始行号审计
192,1861,Cc1cc(C)c2c(c1)CCC[C@H]2C,STP00191,成功（100条，已去重）,100,1.0,1.0,1.0,molecule_ID精确匹配,全量源表未提供可核验SMILES；仅保留Swiss原始SMILES供原始行号审计
1571,1862,Cc1ccc2c(C)ccc(C(C)C)c2c1,STP01568,成功（100条，已去重）,100,14.0,1.0,1.0,molecule_ID精确匹配,全量源表未提供可核验SMILES；仅保留Swiss原始SMILES供原始行号审计
3709,1865,CC(C)=CC(=O)[C@@H](C(C)C)[N+](=O)[O-],STP03703,成功（100条，已去重）,100,1.0,1.0,1.0,molecule_ID精确匹配,全量源表未提供可核验SMILES；仅保留Swiss原始SMILES供原始行号审计
3039,1867,COc1ccc(C=O)cc1O,STP03034,成功（100条，已去重）,100,10.0,1.0,1.0,molecule_ID精确匹配,全量源表未提供可核验SMILES；仅保留Swiss原始SMILES供原始行号审计
2184,1868,Cc1cc(=O)oc2cc(O)cc(O)c12,STP02179,成功（100条，已去重）,100,1.0,1.0,1.0,molecule_ID精确匹配,全量源表未提供可核验SMILES；仅保留Swiss原始SMILES供原始行号审计
2051,1870,Oc1cc(O)c2ccc(-c3ccc(O)c(O)c3)[o+]c2c1,STP02046,成功（100条，已去重）,100,1.0,1.0,1.0,molecule_ID精确匹配,全量源表未提供可核验SMILES；仅保留Swiss原始SMILES供原始行号审计
2102,1873,CCOC(=O)c1ccc(O)cc1,STP02097,成功（100条，已去重）,100,8.0,1.0,1.0,molecule_ID精确匹配,全量源表未提供可核验SMILES；仅保留Swiss原始SMILES供原始行号审计
13,1876,COc1ccc2oc(-c3ccccc3)cc(=O)c2c1,STP00012,成功（100条，已去重）,100,1.0,1.0,1.0,molecule_ID精确匹配,全量源表未提供可核验SMILES；仅保留Swiss原始SMILES供原始行号审计
291,188,C=C1[C@@H](OC(C)=O)CC[C@]2(C)Cc3occ(C)c3C[C@@H]12,STP00290,成功（100条，已去重）,100,1.0,1.0,1.0,molecule_ID精确匹配,全量源表未提供可核验SMILES；仅保留Swiss原始SMILES供原始行号审计
270,1880,O=C(O)C(=O)O,STP00269,成功（12条，已去重）,12,20.0,1.0,1.0,molecule_ID精确匹配,全量源表未提供可核验SMILES；仅保留Swiss原始SMILES供原始行号审计
2312,1881,COc1ccc2[nH]c(=O)oc2c1,STP02307,成功（100条，已去重）,100,3.0,1.0,1.0,molecule_ID精确匹配,全量源表未提供可核验SMILES；仅保留Swiss原始SMILES供原始行号审计
894,1884,CN[C@H]1CCc2cc(OC)c(OC)c(OC)c2-c2ccc(OC)c(=O)cc21,STP00893,成功（100条，已去重）,100,4.0,1.0,1.0,molecule_ID精确匹配,全量源表未提供可核验SMILES；仅保留Swiss原始SMILES供原始行号审计
803,1886,O=C(O)[C@@H](O)[C@H](O)C(=O)O,STP00802,成功（100条，已去重）,100,18.0,1.0,1.0,molecule_ID精确匹配,全量源表未提供可核验SMILES；仅保留Swiss原始SMILES供原始行号审计
1065,1887,O=C(O)[C@@H](O)[C@@H](O)C(=O)O,STP01064,成功（100条，已去重）,100,4.0,1.0,1.0,molecule_ID精确匹配,全量源表未提供可核验SMILES；仅保留Swiss原始SMILES供原始行号审计
3743,1889,CCCCC/C=C/C/C=C/CCCCCCCC(=O)OC,STP03737,成功（100条，已去重）,100,14.0,1.0,1.0,molecule_ID精确匹配,全量源表未提供可核验SMILES；仅保留Swiss原始SMILES供原始行号审计
2829,1891,C=C1c2ccccc2-c2ccccc21,STP02824,成功（100条，已去重）,100,3.0,1.0,1.0,molecule_ID精确匹配,全量源表未提供可核验SMILES；仅保留Swiss原始SMILES供原始行号审计
777,1893,C[C@@H](O)[C@@H](C)O,STP00776,成功（100条，已去重）,100,10.0,1.0,1.0,molecule_ID精确匹配,全量源表未提供可核验SMILES；仅保留Swiss原始SMILES供原始行号审计
2774,1895,CC(C)(C)c1cccc(C(C)(C)C)c1O,STP02769,成功（100条，已去重）,100,1.0,1.0,1.0,molecule_ID精确匹配,全量源表未提供可核验SMILES；仅保留Swiss原始SMILES供原始行号审计
4165,1899,CC(=O)CCC[C@@H](C)CCC[C@@H](C)CCCC(C)C,STP04158,成功（100条，已去重）,100,27.0,1.0,1.0,molecule_ID精确匹配,全量源表未提供可核验SMILES；仅保留Swiss原始SMILES供原始行号审计
3168,19,C=C1[C@H]2CC[C@H](C2)C1(C)C,STP03163,成功（100条，已去重）,100,63.0,1.0,1.0,molecule_ID精确匹配,全量源表未提供可核验SMILES；仅保留Swiss原始SMILES供原始行号审计
1659,190,C=C[C@@H](O)c1cc(OC)c(O[C@@H]2O[C@H](CO)[C@@H](O)[C@H](O)[C@H]2O)c(OC)c1,STP01655,成功（100条，已去重）,100,1.0,1.0,1.0,molecule_ID精确匹配,全量源表未提供可核验SMILES；仅保留Swiss原始SMILES供原始行号审计
948,1904,C=CCc1cccc(O)c1C,STP00947,成功（100条，已去重）,100,1.0,1.0,1.0,molecule_ID精确匹配,全量源表未提供可核验SMILES；仅保留Swiss原始SMILES供原始行号审计
2714,1906,COC(=O)c1cc(O)c(O)c(O)c1,STP02709,成功（100条，已去重）,100,10.0,1.0,1.0,molecule_ID精确匹配,全量源表未提供可核验SMILES；仅保留Swiss原始SMILES供原始行号审计
2388,1907,CCOC(=O)c1cc(O)c(O)c(O)c1,STP02383,成功（100条，已去重）,100,13.0,1.0,1.0,molecule_ID精确匹配,全量源表未提供可核验SMILES；仅保留Swiss原始SMILES供原始行号审计
3450,1923,C[C@]1(O)C[C@H]2OC(=O)[C@H](COC(=O)c3ccccc3)[C@H]2CC1=O,STP03444,成功（100条，已去重）,100,1.0,1.0,1.0,molecule_ID精确匹配,全量源表未提供可核验SMILES；仅保留Swiss原始SMILES供原始行号审计
438,193,C=C1CC/C=C(\C)CC[C@H]2[C@@H]1CC2(C)C,STP00437,成功（100条，已去重）,100,64.0,1.0,1.0,molecule_ID精确匹配,全量源表未提供可核验SMILES；仅保留Swiss原始SMILES供原始行号审计
1012,1938,COc1cc(C[C@@H](CO)[C@H](CO)Cc2ccc(O)c(OC)c2)ccc1O,STP01011,成功（100条，已去重）,100,3.0,1.0,1.0,molecule_ID精确匹配,全量源表未提供可核验SMILES；仅保留Swiss原始SMILES供原始行号审计
2781,1939,CC(C)=CCc1c2occc2c(O)c2ccc(=O)oc12,STP02776,成功（100条，已去重）,100,3.0,1.0,1.0,molecule_ID精确匹配,全量源表未提供可核验SMILES；仅保留Swiss原始SMILES供原始行号审计
1345,194,CC1=CC[C@@]23[C@@H](C)CC[C@@H](C[C@@H]12)C3(C)C,STP01343,成功（100条，已去重）,100,1.0,1.0,1.0,molecule_ID精确匹配,全量源表未提供可核验SMILES；仅保留Swiss原始SMILES供原始行号审计
3348,1940,C=C[C@@H](O)C#CC#C[C@@H](O)/C=C\CCCCCCC,STP03342,成功（100条，已去重）,100,5.0,1.0,1.0,molecule_ID精确匹配,全量源表未提供可核验SMILES；仅保留Swiss原始SMILES供原始行号审计
1792,1941,CC(C)=CCOc1c2occc2cc2ccc(=O)oc12,STP01788,成功（100条，已去重）,100,13.0,1.0,1.0,molecule_ID精确匹配,全量源表未提供可核验SMILES；仅保留Swiss原始SMILES供原始行号审计
3480,1942,CC(C)=CCOc1c2ccoc2cc2oc(=O)ccc12,STP03474,成功（100条，已去重）,100,11.0,1.0,1.0,molecule_ID精确匹配,全量源表未提供可核验SMILES；仅保留Swiss原始SMILES供原始行号审计
1033,1944,CC(C)(O)[C@@H]1Cc2cc3ccc(=O)oc3cc2O1,STP01032,成功（100条，已去重）,100,7.0,1.0,1.0,molecule_ID精确匹配,全量源表未提供可核验SMILES；仅保留Swiss原始SMILES供原始行号审计
4092,1946,CC(C)(O[C@@H]1O[C@H](CO)[C@@H](O)[C@H](O)[C@H]1O)[C@@H]1Cc2cc3ccc(=O)oc3cc2O1,STP04085,成功（100条，已去重）,100,4.0,1.0,1.0,molecule_ID精确匹配,全量源表未提供可核验SMILES；仅保留Swiss原始SMILES供原始行号审计
2715,1947,CCCCO[C@]1(CO)O[C@H](CO)[C@@H](O)[C@@H]1O,STP02710,成功（100条，已去重）,100,7.0,1.0,1.0,molecule_ID精确匹配,全量源表未提供可核验SMILES；仅保留Swiss原始SMILES供原始行号审计
4041,1948,CC(C)=CCc1ccc(O)c(=O)cc1C(C)C,STP04034,成功（100条，已去重）,100,2.0,1.0,1.0,molecule_ID精确匹配,全量源表未提供可核验SMILES；仅保留Swiss原始SMILES供原始行号审计
1521,1949,C=C[C@@H](O)C#CC#CC/C=C\CCCCCCC,STP01518,成功（100条，已去重）,100,8.0,1.0,1.0,molecule_ID精确匹配,全量源表未提供可核验SMILES；仅保留Swiss原始SMILES供原始行号审计
4190,1950,O=c1ccc2cc3ccoc3cc2o1,STP04183,成功（100条，已去重）,100,5.0,1.0,1.0,molecule_ID精确匹配,全量源表未提供可核验SMILES；仅保留Swiss原始SMILES供原始行号审计
3024,1951,CC(C)=CCC/C(C)=C/COc1c2ccoc2cc2oc(=O)ccc12,STP03019,成功（100条，已去重）,100,2.0,1.0,1.0,molecule_ID精确匹配,全量源表未提供可核验SMILES；仅保留Swiss原始SMILES供原始行号审计
858,1952,COc1cc(/C=C/CO)cc(OC)c1O,STP00857,成功（100条，已去重）,100,9.0,1.0,1.0,molecule_ID精确匹配,全量源表未提供可核验SMILES；仅保留Swiss原始SMILES供原始行号审计
1007,1956,COc1c2occc2c(OCC=C(C)C)c2ccc(=O)oc12,STP01006,成功（100条，已去重）,100,3.0,1.0,1.0,molecule_ID精确匹配,全量源表未提供可核验SMILES；仅保留Swiss原始SMILES供原始行号审计
229,196,CC(=O)O[C@@H]1C[C@@H]2CC[C@@]1(C)C2(C)C,STP00228,成功（100条，已去重）,100,43.0,1.0,1.0,molecule_ID精确匹配,全量源表未提供可核验SMILES；仅保留Swiss原始SMILES供原始行号审计
3236,1965,COc1cc2c(cc1OC)[C@@H](Cc1ccc(Oc3cc(C[C@@H]4c5cc(OC)c(OC)cc5CCN4C)ccc3O)cc1)N(C)CC2,STP03230,成功（100条，已去重）,100,8.0,1.0,1.0,molecule_ID精确匹配,全量源表未提供可核验SMILES；仅保留Swiss原始SMILES供原始行号审计
822,1972,CC(C)=C1CC[C@@H](C)CC1=O,STP00821,成功（100条，已去重）,100,16.0,1.0,1.0,molecule_ID精确匹配,全量源表未提供可核验SMILES；仅保留Swiss原始SMILES供原始行号审计
4048,1976,C[C@]12CC[C@@H](O)C[C@H]1CC[C@@H]1[C@H]2[C@@H](O)C[C@@]2(C)[C@@H]1CC[C@@H]2O,STP04041,成功（100条，已去重）,100,1.0,1.0,1.0,molecule_ID精确匹配,全量源表未提供可核验SMILES；仅保留Swiss原始SMILES供原始行号审计
546,1978,O=C1/C(=C/c2ccc(O)c(O)c2)Oc2cc(O)cc(O)c21,STP00545,成功（100条，已去重）,100,2.0,1.0,1.0,molecule_ID精确匹配,全量源表未提供可核验SMILES；仅保留Swiss原始SMILES供原始行号审计
308,198,C=C[C@](C)(O)CCC=C(C)C,STP00307,成功（100条，已去重）,100,107.0,1.0,1.0,molecule_ID精确匹配,全量源表未提供可核验SMILES；仅保留Swiss原始SMILES供原始行号审计
2609,1985,COc1cc([C@H]2c3cc4c(c(O)c3C[C@H]3COC(=O)[C@@H]32)OCO4)cc(OC)c1OC,STP02604,成功（100条，已去重）,100,1.0,1.0,1.0,molecule_ID精确匹配,全量源表未提供可核验SMILES；仅保留Swiss原始SMILES供原始行号审计
2593,1988,COc1cc([C@@H]2c3cc4c(c(O)c3C[C@H]3COC(=O)[C@H]32)OCO4)cc(OC)c1OC,STP02588,成功（100条，已去重）,100,1.0,1.0,1.0,molecule_ID精确匹配,全量源表未提供可核验SMILES；仅保留Swiss原始SMILES供原始行号审计
820,199,C=CCc1ccc2c(c1)OCO2,STP00819,成功（100条，已去重）,100,18.0,1.0,1.0,molecule_ID精确匹配,全量源表未提供可核验SMILES；仅保留Swiss原始SMILES供原始行号审计
952,1994,Cc1cc2ccccc2oc1=O,STP00951,成功（100条，已去重）,100,1.0,1.0,1.0,molecule_ID精确匹配,全量源表未提供可核验SMILES；仅保留Swiss原始SMILES供原始行号审计
1509,1997,COc1cc2oc(=O)ccc2c(OC)c1OC,STP01506,成功（100条，已去重）,100,2.0,1.0,1.0,molecule_ID精确匹配,全量源表未提供可核验SMILES；仅保留Swiss原始SMILES供原始行号审计
1539,1999,COc1cc2ccc(=O)oc2cc1OC,STP01536,成功（100条，已去重）,100,13.0,1.0,1.0,molecule_ID精确匹配,全量源表未提供可核验SMILES；仅保留Swiss原始SMILES供原始行号审计
2060,2,Oc1cc(O)c2cc(O)c(-c3ccc(O)c(O)c3)[o+]c2c1,STP02055,成功（100条，已去重）,100,19.0,1.0,1.0,molecule_ID精确匹配,全量源表未提供可核验SMILES；仅保留Swiss原始SMILES供原始行号审计
3882,200,CC1=CC[C@@H](C(C)C)C=C1,STP03876,成功（100条，已去重）,100,31.0,1.0,1.0,molecule_ID精确匹配,全量源表未提供可核验SMILES；仅保留Swiss原始SMILES供原始行号审计
2398,2000,COc1cc2oc(=O)ccc2c(OC)c1O,STP02393,成功（100条，已去重）,100,2.0,1.0,1.0,molecule_ID精确匹配,全量源表未提供可核验SMILES；仅保留Swiss原始SMILES供原始行号审计
1918,2002,C=C(C)[C@@H]1CC=C(C)[C@H](O)C1,STP01913,成功（100条，已去重）,100,16.0,1.0,1.0,molecule_ID精确匹配,全量源表未提供可核验SMILES；仅保留Swiss原始SMILES供原始行号审计
297,2003,C=C1CC[C@@H]2O[C@]2(C)CC[C@@H]2[C@@H]1CC2(C)C,STP00296,成功（100条，已去重）,100,42.0,1.0,1.0,molecule_ID精确匹配,全量源表未提供可核验SMILES；仅保留Swiss原始SMILES供原始行号审计
2594,2005,O=C1OC[C@H](Cc2ccc3c(c2)OCO3)[C@H]1Cc1ccc2c(c1)OCO2,STP02589,成功（100条，已去重）,100,2.0,1.0,1.0,molecule_ID精确匹配,全量源表未提供可核验SMILES；仅保留Swiss原始SMILES供原始行号审计
4207,2007,C[C@@H]1O[C@@H](Oc2c(-c3cc(O)c(O)c(O)c3)oc3cc(O)cc(O)c3c2=O)[C@H](O)[C@H](O)[C@H]1O,STP04200,成功（100条，已去重）,100,3.0,1.0,1.0,molecule_ID精确匹配,全量源表未提供可核验SMILES；仅保留Swiss原始SMILES供原始行号审计
2345,2008,O=c1c(O)c(-c2cc(O)c(O)c(O)c2)oc2cc(O)cc(O)c12,STP02340,成功（100条，已去重）,100,23.0,1.0,1.0,molecule_ID精确匹配,全量源表未提供可核验SMILES；仅保留Swiss原始SMILES供原始行号审计
3617,2010,C=C1C=C[C@@]2(C)CCCC(C)(C)[C@@]23C[C@@H]13,STP03611,成功（100条，已去重）,100,1.0,1.0,1.0,molecule_ID精确匹配,全量源表未提供可核验SMILES；仅保留Swiss原始SMILES供原始行号审计
1802,202,CC1=CCC(C(C)C)=CC1,STP01798,成功（100条，已去重）,100,52.0,1.0,1.0,molecule_ID精确匹配,全量源表未提供可核验SMILES；仅保留Swiss原始SMILES供原始行号审计
701,2025,COC(C)=O,STP00700,成功（100条，已去重）,100,5.0,1.0,1.0,molecule_ID精确匹配,全量源表未提供可核验SMILES；仅保留Swiss原始SMILES供原始行号审计
3357,2028,C=C1C=C[C@H](C(C)C)CC1,STP03351,成功（100条，已去重）,100,9.0,1.0,1.0,molecule_ID精确匹配,全量源表未提供可核验SMILES；仅保留Swiss原始SMILES供原始行号审计
52,2029,Cc1ccc([C@]2(C)CCCC2(C)C)cc1,STP00051,成功（100条，已去重）,100,14.0,1.0,1.0,molecule_ID精确匹配,全量源表未提供可核验SMILES；仅保留Swiss原始SMILES供原始行号审计
841,203,C/C=C\c1ccc2c(c1)OCO2,STP00840,成功（100条，已去重）,100,4.0,1.0,1.0,molecule_ID精确匹配,全量源表未提供可核验SMILES；仅保留Swiss原始SMILES供原始行号审计
3752,2032,CCCCCCCCOC(=O)c1ccccc1C(=O)OCCCCCCCC,STP03746,成功（100条，已去重）,100,4.0,1.0,1.0,molecule_ID精确匹配,全量源表未提供可核验SMILES；仅保留Swiss原始SMILES供原始行号审计
3369,2033,CC1=CC[C@]2(C)CCCC(C)(C)[C@@]23C[C@@H]13,STP03363,成功（100条，已去重）,100,11.0,1.0,1.0,molecule_ID精确匹配,全量源表未提供可核验SMILES；仅保留Swiss原始SMILES供原始行号审计
2516,2034,COc1cc([C@@H]2c3cc4c(cc3C[C@H]3COC(=O)[C@H]32)OCO4)cc(OC)c1OC,STP02511,成功（100条，已去重）,100,1.0,1.0,1.0,molecule_ID精确匹配,全量源表未提供可核验SMILES；仅保留Swiss原始SMILES供原始行号审计
3338,2038,CCCCC/C=C\C/C=C/CCCCCCCC(=O)O,STP03332,成功（100条，已去重）,100,4.0,1.0,1.0,molecule_ID精确匹配,全量源表未提供可核验SMILES；仅保留Swiss原始SMILES供原始行号审计
3802,2039,C=C[C@@]1(C)CC[C@H]2C(=CC[C@@H]3[C@]2(C)CCC[C@@]3(C)C(=O)O)C1,STP03796,成功（100条，已去重）,100,4.0,1.0,1.0,molecule_ID精确匹配,全量源表未提供可核验SMILES；仅保留Swiss原始SMILES供原始行号审计
190,204,C=C[C@]1(C)CC[C@@H](C(=C)C)C[C@@H]1C(=C)C,STP00189,成功（100条，已去重）,100,19.0,1.0,1.0,molecule_ID精确匹配,全量源表未提供可核验SMILES；仅保留Swiss原始SMILES供原始行号审计
3585,2040,CC1(C)C(=O)[C@@]2(C)CC[C@@H]1C2,STP03579,成功（100条，已去重）,100,6.0,1.0,1.0,molecule_ID精确匹配,全量源表未提供可核验SMILES；仅保留Swiss原始SMILES供原始行号审计
997,2042,Cc1ccc(C(C)C)c(O)c1,STP00996,成功（100条，已去重）,100,29.0,1.0,1.0,molecule_ID精确匹配,全量源表未提供可核验SMILES；仅保留Swiss原始SMILES供原始行号审计
2280,2049,COc1cc(/C=C/C=O)ccc1O,STP02275,成功（100条，已去重）,100,10.0,1.0,1.0,molecule_ID精确匹配,全量源表未提供可核验SMILES；仅保留Swiss原始SMILES供原始行号审计
1583,205,CC1=CC(=O)[C@@H](C(C)C)CC1,STP01580,成功（100条，已去重）,100,12.0,1.0,1.0,molecule_ID精确匹配,全量源表未提供可核验SMILES；仅保留Swiss原始SMILES供原始行号审计
2356,2050,COc1ccc(C(=O)O)cc1O,STP02351,成功（100条，已去重）,100,12.0,1.0,1.0,molecule_ID精确匹配,全量源表未提供可核验SMILES；仅保留Swiss原始SMILES供原始行号审计
3913,2052,CCC/C=C\CCCCCCCC(=O)O,STP03906,成功（100条，已去重）,100,1.0,1.0,1.0,molecule_ID精确匹配,全量源表未提供可核验SMILES；仅保留Swiss原始SMILES供原始行号审计
1210,2055,COc1cc(O)c2c(O)c(C(C)=O)c(C)cc2c1,STP01208,成功（100条，已去重）,100,3.0,1.0,1.0,molecule_ID精确匹配,全量源表未提供可核验SMILES；仅保留Swiss原始SMILES供原始行号审计
2534,2056,COc1cc([C@H]2Oc3c(OC)cc(/C=C/C=O)cc3[C@@H]2CO)ccc1O,STP02529,成功（100条，已去重）,100,1.0,1.0,1.0,molecule_ID精确匹配,全量源表未提供可核验SMILES；仅保留Swiss原始SMILES供原始行号审计
2717,2058,COc1cc([C@H]2OC[C@H]3[C@@H]2CO[C@@H]3c2cc(OC)c(O)c(OC)c2)ccc1O,STP02712,成功（100条，已去重）,100,4.0,1.0,1.0,molecule_ID精确匹配,全量源表未提供可核验SMILES；仅保留Swiss原始SMILES供原始行号审计
750,206,C/C=C/c1ccc(O)c(OC)c1,STP00749,成功（100条，已去重）,100,14.0,1.0,1.0,molecule_ID精确匹配,全量源表未提供可核验SMILES；仅保留Swiss原始SMILES供原始行号审计
1312,2061,C=C1C=C2[C@@H](CC1)[C@H](C)CC[C@@H]2C(C)C,STP01310,成功（100条，已去重）,100,2.0,1.0,1.0,molecule_ID精确匹配,全量源表未提供可核验SMILES；仅保留Swiss原始SMILES供原始行号审计
1304,2063,C=C1CCC[C@@]2(C)CCC(=C(C)C)C[C@@H]12,STP01302,成功（100条，已去重）,100,4.0,1.0,1.0,molecule_ID精确匹配,全量源表未提供可核验SMILES；仅保留Swiss原始SMILES供原始行号审计
488,207,C=CCc1ccc(OC)c(OC)c1,STP00487,成功（100条，已去重）,100,38.0,1.0,1.0,molecule_ID精确匹配,全量源表未提供可核验SMILES；仅保留Swiss原始SMILES供原始行号审计
493,2072,COc1cc(-c2oc3c(OC)c(O)cc(O)c3c(=O)c2O)ccc1O,STP00492,成功（100条，已去重）,100,1.0,1.0,1.0,molecule_ID精确匹配,全量源表未提供可核验SMILES；仅保留Swiss原始SMILES供原始行号审计
744,2075,CC(=O)C[C@@H]1CCCCN1C,STP00743,成功（100条，已去重）,100,2.0,1.0,1.0,molecule_ID精确匹配,全量源表未提供可核验SMILES；仅保留Swiss原始SMILES供原始行号审计
1874,2077,CC(=O)C[C@@H]1CCCCN1,STP01869,成功（100条，已去重）,100,2.0,1.0,1.0,molecule_ID精确匹配,全量源表未提供可核验SMILES；仅保留Swiss原始SMILES供原始行号审计
1397,208,C=C1CC[C@@H]2[C@H]([C@@H]3[C@H](C)CC[C@@H]13)C2(C)C,STP01395,成功（100条，已去重）,100,31.0,1.0,1.0,molecule_ID精确匹配,全量源表未提供可核验SMILES；仅保留Swiss原始SMILES供原始行号审计
520,2083,COc1cc(-c2cc(=O)c3c(O)cc(O)cc3o2)cc(OC)c1O,STP00519,成功（100条，已去重）,100,14.0,1.0,1.0,molecule_ID精确匹配,全量源表未提供可核验SMILES；仅保留Swiss原始SMILES供原始行号审计
946,2085,CC1=CC[C@@]23[C@@H]([C@@H]12)[C@H](C(C)C)CC[C@H]3C,STP00945,成功（100条，已去重）,100,43.0,1.0,1.0,molecule_ID精确匹配,全量源表未提供可核验SMILES；仅保留Swiss原始SMILES供原始行号审计
1163,2091,COc1ccc2cccc(OC)c2c1,STP01162,成功（100条，已去重）,100,1.0,1.0,1.0,molecule_ID精确匹配,全量源表未提供可核验SMILES；仅保留Swiss原始SMILES供原始行号审计
664,2096,CC1=CC[C@]23C[C@H]1C(C)(C)[C@@H]2CC[C@@H]3C,STP00663,成功（100条，已去重）,100,2.0,1.0,1.0,molecule_ID精确匹配,全量源表未提供可核验SMILES；仅保留Swiss原始SMILES供原始行号审计
1265,2098,CCC/C=C1\OC(=O)c2c(O)cccc21,STP01263,成功（100条，已去重）,100,2.0,1.0,1.0,molecule_ID精确匹配,全量源表未提供可核验SMILES；仅保留Swiss原始SMILES供原始行号审计
2883,2099,CCCC[C@@H]1OC(=O)C2=C1[C@H](O)CC=C2,STP02878,成功（100条，已去重）,100,1.0,1.0,1.0,molecule_ID精确匹配,全量源表未提供可核验SMILES；仅保留Swiss原始SMILES供原始行号审计
256,210,C=CCc1ccc(O)c(-c2cc(CC=C)ccc2O)c1,STP00255,成功（100条，已去重）,100,3.0,1.0,1.0,molecule_ID精确匹配,全量源表未提供可核验SMILES；仅保留Swiss原始SMILES供原始行号审计
1361,2107,CCCCC(=O)c1ccccc1,STP01359,成功（100条，已去重）,100,3.0,1.0,1.0,molecule_ID精确匹配,全量源表未提供可核验SMILES；仅保留Swiss原始SMILES供原始行号审计
3853,2109,CCC/C=C1\OC(=O)C2=C1CC[C@@H]1[C@@H](CCC)[C@]3(OC(=O)C4=C3CCC=C4)[C@H]21,STP03847,成功（100条，已去重）,100,1.0,1.0,1.0,molecule_ID精确匹配,全量源表未提供可核验SMILES；仅保留Swiss原始SMILES供原始行号审计
582,2111,CCC/C=C1/OC(=O)c2ccccc21,STP00581,成功（100条，已去重）,100,4.0,1.0,1.0,molecule_ID精确匹配,全量源表未提供可核验SMILES；仅保留Swiss原始SMILES供原始行号审计
812,2112,C=C(C)[C@H]1CC[C@]2(C)CCC=C(C)[C@@]2(C)C1,STP00811,成功（100条，已去重）,100,2.0,1.0,1.0,molecule_ID精确匹配,全量源表未提供可核验SMILES；仅保留Swiss原始SMILES供原始行号审计
485,2116,C=C(C)[C@@H]1CC[C@@H](C)[C@@]12CC=C(C)CC2,STP00484,成功（100条，已去重）,100,2.0,1.0,1.0,molecule_ID精确匹配,全量源表未提供可核验SMILES；仅保留Swiss原始SMILES供原始行号审计
3004,2117,C=C1C=C[C@@H]([C@@H](C)CCC=C(C)C)CC1,STP02999,成功（100条，已去重）,100,12.0,1.0,1.0,molecule_ID精确匹配,全量源表未提供可核验SMILES；仅保留Swiss原始SMILES供原始行号审计
1809,2119,C=CC(C)(C)/C=C/C(=C)C,STP01804,成功（100条，已去重）,100,4.0,1.0,1.0,molecule_ID精确匹配,全量源表未提供可核验SMILES；仅保留Swiss原始SMILES供原始行号审计
904,2120,C=C1CC[C@@]23[C@@H]([C@@H](C(C)C)CC[C@H]2C)[C@H]13,STP00903,成功（100条，已去重）,100,1.0,1.0,1.0,molecule_ID精确匹配,全量源表未提供可核验SMILES；仅保留Swiss原始SMILES供原始行号审计
1374,2121,C/C1=C\[C@@H]2[C@H](CC/C(C)=C/CC1)C2(C)C,STP01372,成功（100条，已去重）,100,4.0,1.0,1.0,molecule_ID精确匹配,全量源表未提供可核验SMILES；仅保留Swiss原始SMILES供原始行号审计
737,2122,CCC/C=C1\OC(=O)c2ccccc21,STP00736,成功（100条，已去重）,100,5.0,1.0,1.0,molecule_ID精确匹配,全量源表未提供可核验SMILES；仅保留Swiss原始SMILES供原始行号审计
1101,2123,CCC/C=C1\OCC(=O)c2cccc(O)c21,STP01100,成功（100条，已去重）,100,1.0,1.0,1.0,molecule_ID精确匹配,全量源表未提供可核验SMILES；仅保留Swiss原始SMILES供原始行号审计
685,2124,C/C=C\c1cc(OC)c(OC)cc1OC,STP00684,成功（100条，已去重）,100,7.0,1.0,1.0,molecule_ID精确匹配,全量源表未提供可核验SMILES；仅保留Swiss原始SMILES供原始行号审计
577,2125,CC1=C[C@H](O)[C@H](C(C)C)CC1,STP00576,成功（100条，已去重）,100,5.0,1.0,1.0,molecule_ID精确匹配,全量源表未提供可核验SMILES；仅保留Swiss原始SMILES供原始行号审计
1790,2127,CCCC[C@@H]1OC(=O)[C@@H]2C=CCC[C@H]12,STP01786,成功（100条，已去重）,100,4.0,1.0,1.0,molecule_ID精确匹配,全量源表未提供可核验SMILES；仅保留Swiss原始SMILES供原始行号审计
1881,2128,C=C(C)C1=CC=C(C)CC1,STP01876,成功（100条，已去重）,100,11.0,1.0,1.0,molecule_ID精确匹配,全量源表未提供可核验SMILES；仅保留Swiss原始SMILES供原始行号审计
3380,2134,CC(C)C(=O)c1ccccc1,STP03374,成功（100条，已去重）,100,1.0,1.0,1.0,molecule_ID精确匹配,全量源表未提供可核验SMILES；仅保留Swiss原始SMILES供原始行号审计
751,2135,COc1c2cc(c(O)c1OC)CCCCC(=O)CCc1ccc(O)c-2c1,STP00750,成功（100条，已去重）,100,1.0,1.0,1.0,molecule_ID精确匹配,全量源表未提供可核验SMILES；仅保留Swiss原始SMILES供原始行号审计
1609,2136,CCCC[C@@H]1OC(=O)C2=CCCC[C@@H]21,STP01606,成功（100条，已去重）,100,2.0,1.0,1.0,molecule_ID精确匹配,全量源表未提供可核验SMILES；仅保留Swiss原始SMILES供原始行号审计
1663,2138,Cc1ccc(C(C)(C)O)cc1,STP01659,成功（100条，已去重）,100,16.0,1.0,1.0,molecule_ID精确匹配,全量源表未提供可核验SMILES；仅保留Swiss原始SMILES供原始行号审计
3331,2140,OCc1ccc(-c2nccc3c2[nH]c2ccccc23)o1,STP03325,成功（100条，已去重）,100,4.0,1.0,1.0,molecule_ID精确匹配,全量源表未提供可核验SMILES；仅保留Swiss原始SMILES供原始行号审计
2928,2142,CCCCC(=O)[C@H]1CCCC=C1C(=O)O,STP02923,成功（100条，已去重）,100,1.0,1.0,1.0,molecule_ID精确匹配,全量源表未提供可核验SMILES；仅保留Swiss原始SMILES供原始行号审计
914,2143,CCC/C=C1/OC(=O)c2ccc(O)cc21,STP00913,成功（100条，已去重）,100,3.0,1.0,1.0,molecule_ID精确匹配,全量源表未提供可核验SMILES；仅保留Swiss原始SMILES供原始行号审计
2830,2144,CCCC(=O)[C@]1(O)OC(=O)C2=C1CCC=C2,STP02825,成功（100条，已去重）,100,2.0,1.0,1.0,molecule_ID精确匹配,全量源表未提供可核验SMILES；仅保留Swiss原始SMILES供原始行号审计
1358,2145,CC[C@@H](O)/C=C1\OC(=O)c2ccccc21,STP01356,成功（100条，已去重）,100,2.0,1.0,1.0,molecule_ID精确匹配,全量源表未提供可核验SMILES；仅保留Swiss原始SMILES供原始行号审计
3184,2146,CC[C@@H](O)/C=C1/OC(=O)C2=C1CCC=C2,STP03179,成功（100条，已去重）,100,2.0,1.0,1.0,molecule_ID精确匹配,全量源表未提供可核验SMILES；仅保留Swiss原始SMILES供原始行号审计
2309,2150,CC(=O)c1nccc2c1[nH]c1ccccc12,STP02304,成功（100条，已去重）,100,4.0,1.0,1.0,molecule_ID精确匹配,全量源表未提供可核验SMILES；仅保留Swiss原始SMILES供原始行号审计
2068,2152,COc1cc(/C=C/C(=O)O)cc(OC)c1O,STP02063,成功（100条，已去重）,100,6.0,1.0,1.0,molecule_ID精确匹配,全量源表未提供可核验SMILES；仅保留Swiss原始SMILES供原始行号审计
1681,2153,C=C1CC[C@@H]2[C@H]([C@H]3[C@H]1CC[C@]3(C)O)C2(C)C,STP01677,成功（100条，已去重）,100,23.0,1.0,1.0,molecule_ID精确匹配,全量源表未提供可核验SMILES；仅保留Swiss原始SMILES供原始行号审计
4137,2157,CCC/C=C1\OC(=O)C2=C1CC[C@@H]1[C@@H]3C=C(C(=O)OC)[C@@](C(=O)CCCC)(CC3)[C@H]21,STP04130,成功（100条，已去重）,100,1.0,1.0,1.0,molecule_ID精确匹配,全量源表未提供可核验SMILES；仅保留Swiss原始SMILES供原始行号审计
3598,216,COc1cc2ccc(=O)oc2cc1O[C@H]1O[C@H](CO)[C@H](O)[C@@H](O)[C@H]1O,STP03592,成功（100条，已去重）,100,4.0,1.0,1.0,molecule_ID精确匹配,全量源表未提供可核验SMILES；仅保留Swiss原始SMILES供原始行号审计
1443,2160,CC(C)C1=CC[C@](C)(O)CC1,STP01440,成功（100条，已去重）,100,4.0,1.0,1.0,molecule_ID精确匹配,全量源表未提供可核验SMILES；仅保留Swiss原始SMILES供原始行号审计
2429,2161,CCOC(=O)/C=C/c1nccc2c1[nH]c1cc(C=O)ccc12,STP02424,成功（100条，已去重）,100,1.0,1.0,1.0,molecule_ID精确匹配,全量源表未提供可核验SMILES；仅保留Swiss原始SMILES供原始行号审计
454,2165,CCCCC(=O)c1ccccc1C(=O)OC,STP00453,成功（100条，已去重）,100,1.0,1.0,1.0,molecule_ID精确匹配,全量源表未提供可核验SMILES；仅保留Swiss原始SMILES供原始行号审计
3027,2166,CCCCC(C)C,STP03022,成功（99条，已去重）,99,5.0,1.0,1.0,molecule_ID精确匹配,全量源表未提供可核验SMILES；仅保留Swiss原始SMILES供原始行号审计
451,217,COc1cc2c(cc1O)[C@@H]1Cc3ccc(OC)c(O)c3CN1CC2,STP00450,成功（100条，已去重）,100,4.0,1.0,1.0,molecule_ID精确匹配,全量源表未提供可核验SMILES；仅保留Swiss原始SMILES供原始行号审计
1895,2170,C=C(C)[C@H]1CC=C(C)[C@@H](O)C1,STP01890,成功（100条，已去重）,100,6.0,1.0,1.0,molecule_ID精确匹配,全量源表未提供可核验SMILES；仅保留Swiss原始SMILES供原始行号审计
1887,2174,CC(C)(C)CC[C@@H]1O[C@@H]1C(C)(C)C,STP01882,成功（100条，已去重）,100,1.0,1.0,1.0,molecule_ID精确匹配,全量源表未提供可核验SMILES；仅保留Swiss原始SMILES供原始行号审计
2899,2177,CC1=C[C@H](O)[C@@H](C(C)C)CC1,STP02894,成功（100条，已去重）,100,2.0,1.0,1.0,molecule_ID精确匹配,全量源表未提供可核验SMILES；仅保留Swiss原始SMILES供原始行号审计
1385,2178,CCCC[C@H]1OC(=O)c2c(O)ccc(O)c21,STP01383,成功（100条，已去重）,100,1.0,1.0,1.0,molecule_ID精确匹配,全量源表未提供可核验SMILES；仅保留Swiss原始SMILES供原始行号审计
575,2181,CCCC[C@H]1OC(=O)c2cccc(O)c21,STP00574,成功（100条，已去重）,100,1.0,1.0,1.0,molecule_ID精确匹配,全量源表未提供可核验SMILES；仅保留Swiss原始SMILES供原始行号审计
3650,2184,CCCC[C@H]1C=CCC=CC1,STP03644,成功（100条，已去重）,100,2.0,1.0,1.0,molecule_ID精确匹配,全量源表未提供可核验SMILES；仅保留Swiss原始SMILES供原始行号审计
1346,2185,CC(C)[C@]12CC[C@](C)(CC1)O2,STP01344,成功（100条，已去重）,100,5.0,1.0,1.0,molecule_ID精确匹配,全量源表未提供可核验SMILES；仅保留Swiss原始SMILES供原始行号审计
1845,2186,C[C@@H]1CC[C@@H]2[C@@H]1[C@H]1[C@@H](CC[C@@]23CO3)C1(C)C,STP01840,成功（100条，已去重）,100,5.0,1.0,1.0,molecule_ID精确匹配,全量源表未提供可核验SMILES；仅保留Swiss原始SMILES供原始行号审计
490,2189,CCCC[C@H]1OC(=O)c2ccccc21,STP00489,成功（100条，已去重）,100,3.0,1.0,1.0,molecule_ID精确匹配,全量源表未提供可核验SMILES；仅保留Swiss原始SMILES供原始行号审计
3239,219,O=C([O-])c1ccccc1,STP03233,成功（100条，已去重）,100,52.0,1.0,1.0,molecule_ID精确匹配,全量源表未提供可核验SMILES；仅保留Swiss原始SMILES供原始行号审计
732,2190,C=C1CC[C@H]2C(C)(C)[C@@H]3C[C@]12CC[C@H]3C,STP00731,成功（100条，已去重）,100,2.0,1.0,1.0,molecule_ID精确匹配,全量源表未提供可核验SMILES；仅保留Swiss原始SMILES供原始行号审计
794,2191,CC1=CC[C@]2(C)CC[C@H](C(C)C)[C@@]2(O)CC1,STP00793,成功（100条，已去重）,100,2.0,1.0,1.0,molecule_ID精确匹配,全量源表未提供可核验SMILES；仅保留Swiss原始SMILES供原始行号审计
3706,2192,COc1ccc(/C=C/COC(=O)/C=C/c2ccc(O)c(OC)c2)cc1O,STP03700,成功（100条，已去重）,100,1.0,1.0,1.0,molecule_ID精确匹配,全量源表未提供可核验SMILES；仅保留Swiss原始SMILES供原始行号审计
253,2193,CCCc1ccc(O)c(OC)c1,STP00252,成功（100条，已去重）,100,4.0,1.0,1.0,molecule_ID精确匹配,全量源表未提供可核验SMILES；仅保留Swiss原始SMILES供原始行号审计
2818,22,CC(=O)OCC[C@H](/C=C/C=C\C#CC#C/C=C/CO)OC(=O)C=C(C)C,STP02813,成功（100条，已去重）,100,1.0,1.0,1.0,molecule_ID精确匹配,全量源表未提供可核验SMILES；仅保留Swiss原始SMILES供原始行号审计
4067,2203,CCCCCCCC/C=C\CCCCCCCC(=O)OC,STP04060,成功（100条，已去重）,100,23.0,1.0,1.0,molecule_ID精确匹配,全量源表未提供可核验SMILES；仅保留Swiss原始SMILES供原始行号审计
872,2206,CCCCCc1ccccc1CO,STP00871,成功（100条，已去重）,100,1.0,1.0,1.0,molecule_ID精确匹配,全量源表未提供可核验SMILES；仅保留Swiss原始SMILES供原始行号审计
1624,2207,CCCC[C@@H]1OC(=O)C2=CCCC[C@H]21,STP01621,成功（100条，已去重）,100,5.0,1.0,1.0,molecule_ID精确匹配,全量源表未提供可核验SMILES；仅保留Swiss原始SMILES供原始行号审计
3007,2208,CCCC[C@@H]1OC(=O)C2=C1CCC=C2,STP03002,成功（100条，已去重）,100,4.0,1.0,1.0,molecule_ID精确匹配,全量源表未提供可核验SMILES；仅保留Swiss原始SMILES供原始行号审计
1763,2209,CCCC[C@]1(O)OC(=O)C2=C1CCC=C2,STP01759,成功（100条，已去重）,100,2.0,1.0,1.0,molecule_ID精确匹配,全量源表未提供可核验SMILES；仅保留Swiss原始SMILES供原始行号审计
"1741,1805",2213,O=C(/C=C/c1ccccc1)c1ccccc1,STP01737,成功（100条，已去重）,100,4.0,1.0,1.0,molecule_ID精确匹配,全量源表未提供可核验SMILES；仅保留Swiss原始SMILES供原始行号审计
3692,2216,CC/C=C\C/C=C\C=C\[C@@H](O)CCCCCCCC(=O)O,STP03686,成功（100条，已去重）,100,1.0,1.0,1.0,molecule_ID精确匹配,全量源表未提供可核验SMILES；仅保留Swiss原始SMILES供原始行号审计
3288,2218,COc1cc2ccc(=O)oc2cc1O[C@H]1O[C@H](CO)[C@@H](O)[C@@H](O)[C@@H]1O,STP03282,成功（100条，已去重）,100,2.0,1.0,1.0,molecule_ID精确匹配,全量源表未提供可核验SMILES；仅保留Swiss原始SMILES供原始行号审计
1212,2219,CN1[C@@H]2CC[C@@]1(CO)C[C@@H](c1cccc(CC(=O)O)c1)C2,STP01210,成功（100条，已去重）,100,1.0,1.0,1.0,molecule_ID精确匹配,全量源表未提供可核验SMILES；仅保留Swiss原始SMILES供原始行号审计
41,2222,CC(C)c1cc2c(cc1O)[C@]1(C)CCCC(C)(C)[C@@H]1CC2=O,STP00040,成功（100条，已去重）,100,3.0,1.0,1.0,molecule_ID精确匹配,全量源表未提供可核验SMILES；仅保留Swiss原始SMILES供原始行号审计
1972,223,O=C(O)/C=C/c1ccc(O)c(O)c1,STP01967,成功（100条，已去重）,100,74.0,1.0,1.0,molecule_ID精确匹配,全量源表未提供可核验SMILES；仅保留Swiss原始SMILES供原始行号审计
3379,2230,CC(=O)Oc1cc(OC(C)=O)c2c(c1)O[C@H](c1ccc(OC(C)=O)c(OC(C)=O)c1)[C@@H](OC(C)=O)C2,STP03373,成功（100条，已去重）,100,1.0,1.0,1.0,molecule_ID精确匹配,全量源表未提供可核验SMILES；仅保留Swiss原始SMILES供原始行号审计
3364,2231,CC(=O)Oc1cc(OC(C)=O)c2c(c1)O[C@H](c1ccc(OC(C)=O)c(OC(C)=O)c1)[C@H](OC(C)=O)C2,STP03358,成功（100条，已去重）,100,1.0,1.0,1.0,molecule_ID精确匹配,全量源表未提供可核验SMILES；仅保留Swiss原始SMILES供原始行号审计
2589,2235,COc1ccc(-c2oc3cc(OC)c(OC)c(O)c3c(=O)c2O)cc1O,STP02584,成功（100条，已去重）,100,2.0,1.0,1.0,molecule_ID精确匹配,全量源表未提供可核验SMILES；仅保留Swiss原始SMILES供原始行号审计
829,224,O=C(/C=C/C=C/c1ccc(O)c(O)c1)CCc1ccc(O)c(O)c1,STP00828,成功（100条，已去重）,100,1.0,1.0,1.0,molecule_ID精确匹配,全量源表未提供可核验SMILES；仅保留Swiss原始SMILES供原始行号审计
2757,2240,Cc1cc(=O)c2c(C(=O)O)cc(O)cc2o1,STP02752,成功（100条，已去重）,100,1.0,1.0,1.0,molecule_ID精确匹配,全量源表未提供可核验SMILES；仅保留Swiss原始SMILES供原始行号审计
3127,2244,Cc1cc(O[C@@H]2O[C@H](CO)[C@@H](O)[C@H](O)[C@H]2O)c2c(c1)C(=O)c1cccc(O)c1C2=O,STP03122,成功（100条，已去重）,100,1.0,1.0,1.0,molecule_ID精确匹配,全量源表未提供可核验SMILES；仅保留Swiss原始SMILES供原始行号审计
2358,2249,Oc1cc(O)c2c(c1)O[C@H](c1cc(O)c(O)c(O)c1)[C@@H](O)C2,STP02353,成功（100条，已去重）,100,5.0,1.0,1.0,molecule_ID精确匹配,全量源表未提供可核验SMILES；仅保留Swiss原始SMILES供原始行号审计
2041,2256,COc1cc2c(c(O)c1C)C(=O)c1c(O)cc(C)cc1C2=O,STP02036,成功（100条，已去重）,100,1.0,1.0,1.0,molecule_ID精确匹配,全量源表未提供可核验SMILES；仅保留Swiss原始SMILES供原始行号审计
2067,2258,COc1c(C)c(O)c2c(c1O)C(=O)c1cccc(O)c1C2=O,STP02062,成功（100条，已去重）,100,1.0,1.0,1.0,molecule_ID精确匹配,全量源表未提供可核验SMILES；仅保留Swiss原始SMILES供原始行号审计
1913,226,O=C(/C=C(O)/C=C/c1ccccc1)CCc1ccccc1,STP01908,成功（100条，已去重）,100,1.0,1.0,1.0,molecule_ID精确匹配,全量源表未提供可核验SMILES；仅保留Swiss原始SMILES供原始行号审计
1962,2262,COc1ccc(/C=C\c2cc(O)cc(O)c2)cc1O,STP01957,成功（100条，已去重）,100,1.0,1.0,1.0,molecule_ID精确匹配,全量源表未提供可核验SMILES；仅保留Swiss原始SMILES供原始行号审计
1956,2268,O=C(O)c1cc(O)c2c(c1)C(=O)c1cccc(O)c1C2=O,STP01951,成功（100条，已去重）,100,7.0,1.0,1.0,molecule_ID精确匹配,全量源表未提供可核验SMILES；仅保留Swiss原始SMILES供原始行号审计
4157,227,O=C(/C=C/C=C/c1ccccc1)CCc1ccccc1,STP04150,成功（100条，已去重）,100,2.0,1.0,1.0,molecule_ID精确匹配,全量源表未提供可核验SMILES；仅保留Swiss原始SMILES供原始行号审计
1156,2279,NCCc1c[nH]c2ccc(O)cc12,STP01155,成功（100条，已去重）,100,2.0,1.0,1.0,molecule_ID精确匹配,全量源表未提供可核验SMILES；仅保留Swiss原始SMILES供原始行号审计
846,228,COc1cc(O)cc2c1C(=O)C[C@H](c1ccccc1)O2,STP00845,成功（100条，已去重）,100,3.0,1.0,1.0,molecule_ID精确匹配,全量源表未提供可核验SMILES；仅保留Swiss原始SMILES供原始行号审计
2204,2281,COc1cc(O)c2c(O)c3c(=O)oc(C)cc3cc2c1,STP02199,成功（100条，已去重）,100,3.0,1.0,1.0,molecule_ID精确匹配,全量源表未提供可核验SMILES；仅保留Swiss原始SMILES供原始行号审计
2387,2284,Oc1cc(O)cc(/C=C/c2ccc(O)c(O)c2)c1,STP02382,成功（100条，已去重）,100,1.0,1.0,1.0,molecule_ID精确匹配,全量源表未提供可核验SMILES；仅保留Swiss原始SMILES供原始行号审计
3156,2285,O=C(OC[C@H](O)CO)c1cc(O)c(O)c(O)c1,STP03151,成功（100条，已去重）,100,2.0,1.0,1.0,molecule_ID精确匹配,全量源表未提供可核验SMILES；仅保留Swiss原始SMILES供原始行号审计
2560,2286,O=C(O)c1cc2c(cc1O)C(=O)c1cc(O)cc(O)c1C2=O,STP02555,成功（100条，已去重）,100,1.0,1.0,1.0,molecule_ID精确匹配,全量源表未提供可核验SMILES；仅保留Swiss原始SMILES供原始行号审计
515,229,COc1cc(O)cc(O)c1C(=O)/C=C/c1ccccc1,STP00514,成功（100条，已去重）,100,1.0,1.0,1.0,molecule_ID精确匹配,全量源表未提供可核验SMILES；仅保留Swiss原始SMILES供原始行号审计
2614,2295,O=C(O)/C=C/c1ccccc1,STP02609,成功（100条，已去重）,100,23.0,1.0,1.0,molecule_ID精确匹配,全量源表未提供可核验SMILES；仅保留Swiss原始SMILES供原始行号审计
1652,2299,O=C(O)C[C@@H](O)C(=O)O,STP01648,成功（100条，已去重）,100,3.0,1.0,1.0,molecule_ID精确匹配,全量源表未提供可核验SMILES；仅保留Swiss原始SMILES供原始行号审计
355,23,C=C(C)[C@H]1CC=C(C)CC1,STP00354,成功（100条，已去重）,100,60.0,1.0,1.0,molecule_ID精确匹配,全量源表未提供可核验SMILES；仅保留Swiss原始SMILES供原始行号审计
1421,230,O=C1C[C@@H](c2ccccc2)Oc2cc(CO)cc(O)c21,STP01418,成功（100条，已去重）,100,1.0,1.0,1.0,molecule_ID精确匹配,全量源表未提供可核验SMILES；仅保留Swiss原始SMILES供原始行号审计
1071,2300,Cc1coc2c1[C@@H](OC(=O)C(C)C)[C@]1(C)[C@@H](C)CCC[C@]1(O)C2,STP01070,成功（100条，已去重）,100,1.0,1.0,1.0,molecule_ID精确匹配,全量源表未提供可核验SMILES；仅保留Swiss原始SMILES供原始行号审计
217,2301,C[C@@H](O)C(=O)O,STP00216,成功（100条，已去重）,100,4.0,1.0,1.0,molecule_ID精确匹配,全量源表未提供可核验SMILES；仅保留Swiss原始SMILES供原始行号审计
3758,2302,COc1ccc(/C=C/c2cc(O)cc(O[C@@H]3O[C@H](O)[C@@H](O)[C@H](O)[C@H]3O)c2)cc1O,STP03752,成功（100条，已去重）,100,1.0,1.0,1.0,molecule_ID精确匹配,全量源表未提供可核验SMILES；仅保留Swiss原始SMILES供原始行号审计
17,2309,O=C1Nc2ccccc2/C1=C1\Nc2ccccc2C1=O,STP00016,成功（100条，已去重）,100,2.0,1.0,1.0,molecule_ID精确匹配,全量源表未提供可核验SMILES；仅保留Swiss原始SMILES供原始行号审计
4071,231,O[C@H](CC/C=C/c1ccccc1)CCc1ccccc1,STP04064,成功（100条，已去重）,100,1.0,1.0,1.0,molecule_ID精确匹配,全量源表未提供可核验SMILES；仅保留Swiss原始SMILES供原始行号审计
2990,2310,C/C=C1\C[C@@H](C)[C@](O)(CO)C(=O)OCC2=CC[N@+]3([O-])CC[C@@H](OC1=O)[C@@H]23,STP02985,成功（100条，已去重）,100,2.0,1.0,1.0,molecule_ID精确匹配,全量源表未提供可核验SMILES；仅保留Swiss原始SMILES供原始行号审计
1066,2311,COc1c(CC=C(C)C)c(O)cc2oc(=O)c3c4ccc(O)cc4oc3c12,STP01065,成功（100条，已去重）,100,4.0,1.0,1.0,molecule_ID精确匹配,全量源表未提供可核验SMILES；仅保留Swiss原始SMILES供原始行号审计
623,232,CC1=CC[C@H](C(C)(C)O)CC1,STP00622,成功（100条，已去重）,100,21.0,1.0,1.0,molecule_ID精确匹配,全量源表未提供可核验SMILES；仅保留Swiss原始SMILES供原始行号审计
3836,2321,O=C1CC[C@@H](C(=O)O)N1,STP03830,成功（100条，已去重）,100,3.0,1.0,1.0,molecule_ID精确匹配,全量源表未提供可核验SMILES；仅保留Swiss原始SMILES供原始行号审计
4133,2322,O=c1cc(-c2ccc(O)cc2)oc2cc(O)c([C@@H]3O[C@H](CO)[C@@H](O)[C@H](O)[C@H]3O)c(O)c12,STP04126,成功（100条，已去重）,100,12.0,1.0,1.0,molecule_ID精确匹配,全量源表未提供可核验SMILES；仅保留Swiss原始SMILES供原始行号审计
968,2326,CCOC(CO)(OCC)OCC,STP00967,成功（100条，已去重）,100,1.0,1.0,1.0,molecule_ID精确匹配,全量源表未提供可核验SMILES；仅保留Swiss原始SMILES供原始行号审计
2616,2328,CC(=O)c1c(O)cc(O)cc1C[C@@H]1Cc2cc(O)cc(O)c2C(=O)O1,STP02611,成功（100条，已去重）,100,2.0,1.0,1.0,molecule_ID精确匹配,全量源表未提供可核验SMILES；仅保留Swiss原始SMILES供原始行号审计
782,233,C=C1CCC(C(C)(C)O)CC1,STP00781,成功（100条，已去重）,100,6.0,1.0,1.0,molecule_ID精确匹配,全量源表未提供可核验SMILES；仅保留Swiss原始SMILES供原始行号审计
259,2331,Cn1c(=O)c2c(c3ccccc31)OC(C)(C)C=C2,STP00258,成功（100条，已去重）,100,3.0,1.0,1.0,molecule_ID精确匹配,全量源表未提供可核验SMILES；仅保留Swiss原始SMILES供原始行号审计
141,2332,COc1cc2c3c(c1OC)C1(C=CC(=O)C=C1)C[C@H]3NCC2,STP00140,成功（100条，已去重）,100,2.0,1.0,1.0,molecule_ID精确匹配,全量源表未提供可核验SMILES；仅保留Swiss原始SMILES供原始行号审计
1786,2334,CCc1ccc(O)c(OC)c1,STP01782,成功（100条，已去重）,100,9.0,1.0,1.0,molecule_ID精确匹配,全量源表未提供可核验SMILES；仅保留Swiss原始SMILES供原始行号审计
1278,2335,C=C1CC[C@H]2[C@@H]1[C@H]1[C@@H](CC[C@H]2C)C1(C)C,STP01276,成功（100条，已去重）,100,12.0,1.0,1.0,molecule_ID精确匹配,全量源表未提供可核验SMILES；仅保留Swiss原始SMILES供原始行号审计
1719,2338,C=C1CC[C@@H]2[C@H]([C@H]3[C@@H]1CC[C@@]3(C)O)C2(C)C,STP01715,成功（100条，已去重）,100,10.0,1.0,1.0,molecule_ID精确匹配,全量源表未提供可核验SMILES；仅保留Swiss原始SMILES供原始行号审计
2425,2339,CC(C)=CC(=O)C/C(C)=C\CC/C(C)=C/CO,STP02420,成功（100条，已去重）,100,1.0,1.0,1.0,molecule_ID精确匹配,全量源表未提供可核验SMILES；仅保留Swiss原始SMILES供原始行号审计
3978,234,C=C(C)[C@@H]1CC=C(C)CC1,STP03971,成功（100条，已去重）,100,68.0,1.0,1.0,molecule_ID精确匹配,全量源表未提供可核验SMILES；仅保留Swiss原始SMILES供原始行号审计
2009,2341,COc1ccc([C@@H]2CC(=O)c3c(O)cc(O)cc3O2)cc1O,STP02004,成功（100条，已去重）,100,9.0,1.0,1.0,molecule_ID精确匹配,全量源表未提供可核验SMILES；仅保留Swiss原始SMILES供原始行号审计
1270,2344,COc1cc2c(cc1O)[C@@H]1Cc3ccc(OC)c(O)c3C[N@+]1(C)CC2,STP01268,成功（100条，已去重）,100,2.0,1.0,1.0,molecule_ID精确匹配,全量源表未提供可核验SMILES；仅保留Swiss原始SMILES供原始行号审计
2140,2345,COc1cccc2c1cc1c3c(cc4c(c32)OCO4)C(=O)N1,STP02135,成功（100条，已去重）,100,3.0,1.0,1.0,molecule_ID精确匹配,全量源表未提供可核验SMILES；仅保留Swiss原始SMILES供原始行号审计
2519,2346,COc1cccc2c1cc([N+](=O)[O-])c1c(C(=O)O)cc3c(c12)OCO3,STP02514,成功（100条，已去重）,100,3.0,1.0,1.0,molecule_ID精确匹配,全量源表未提供可核验SMILES；仅保留Swiss原始SMILES供原始行号审计
3624,2347,NC(=O)N[C@@H]1NC(=O)NC1=O,STP03618,成功（100条，已去重）,100,8.0,1.0,1.0,molecule_ID精确匹配,全量源表未提供可核验SMILES；仅保留Swiss原始SMILES供原始行号审计
3483,235,O[C@H](CCc1ccccc1)C[C@@H](O)/C=C\c1ccccc1,STP03477,成功（100条，已去重）,100,1.0,1.0,1.0,molecule_ID精确匹配,全量源表未提供可核验SMILES；仅保留Swiss原始SMILES供原始行号审计
257,2356,COc1cc(-c2coc3cc4c(c(O)c3c2=O)OCO4)cc(O)c1OC,STP00256,成功（100条，已去重）,100,2.0,1.0,1.0,molecule_ID精确匹配,全量源表未提供可核验SMILES；仅保留Swiss原始SMILES供原始行号审计
2809,2359,CC(=O)c1c(C)cc2cc(O)cc(O[C@@H]3O[C@H](CO)[C@@H](O)[C@H](O)[C@H]3O)c2c1O,STP02804,成功（100条，已去重）,100,1.0,1.0,1.0,molecule_ID精确匹配,全量源表未提供可核验SMILES；仅保留Swiss原始SMILES供原始行号审计
3207,2360,Cc1cc(O)c2c(c1)C(=O)c1cccc(O[C@@H]3O[C@H](CO)[C@@H](O)[C@H](O)[C@H]3O)c1C2=O,STP03202,成功（100条，已去重）,100,1.0,1.0,1.0,molecule_ID精确匹配,全量源表未提供可核验SMILES；仅保留Swiss原始SMILES供原始行号审计
1713,2361,C=CCc1ccc(OC)cc1,STP01709,成功（100条，已去重）,100,22.0,1.0,1.0,molecule_ID精确匹配,全量源表未提供可核验SMILES；仅保留Swiss原始SMILES供原始行号审计
1621,2364,CC(C)[C@H]1CC[C@@H](C)C[C@@H]1O,STP01618,成功（100条，已去重）,100,2.0,1.0,1.0,molecule_ID精确匹配,全量源表未提供可核验SMILES；仅保留Swiss原始SMILES供原始行号审计
3683,237,O[C@@H](CC/C=C/c1ccccc1)CCc1ccccc1,STP03677,成功（100条，已去重）,100,2.0,1.0,1.0,molecule_ID精确匹配,全量源表未提供可核验SMILES；仅保留Swiss原始SMILES供原始行号审计
4197,2373,Cc1c(O)cc2c(c1C)O[C@](C)(CCC[C@H](C)CCC[C@H](C)CCCC(C)C)CC2,STP04190,成功（100条，已去重）,100,6.0,1.0,1.0,molecule_ID精确匹配,全量源表未提供可核验SMILES；仅保留Swiss原始SMILES供原始行号审计
187,2374,CC(C)[C@@H]1CC[C@@H](C)C[C@@H]1O,STP00186,成功（100条，已去重）,100,4.0,1.0,1.0,molecule_ID精确匹配,全量源表未提供可核验SMILES；仅保留Swiss原始SMILES供原始行号审计
706,2375,CC(C)[C@@H]1CC[C@H](C)CC1=O,STP00705,成功（100条，已去重）,100,10.0,1.0,1.0,molecule_ID精确匹配,全量源表未提供可核验SMILES；仅保留Swiss原始SMILES供原始行号审计
3304,2377,O=c1c(O[C@H]2O[C@@H](CO)[C@H](O)[C@H]2O)c(-c2ccc(O)cc2)oc2cc(O)cc(O)c12,STP03298,成功（100条，已去重）,100,6.0,1.0,1.0,molecule_ID精确匹配,全量源表未提供可核验SMILES；仅保留Swiss原始SMILES供原始行号审计
1787,238,O=C(CCc1ccccc1)C[C@H](O)/C=C/c1ccccc1,STP01783,成功（100条，已去重）,100,1.0,1.0,1.0,molecule_ID精确匹配,全量源表未提供可核验SMILES；仅保留Swiss原始SMILES供原始行号审计
2759,2381,CC(=O)c1c(C)cc2cc(O)cc(O[C@@H]3O[C@H](CO)[C@H](O)[C@H](O)[C@H]3O)c2c1O,STP02754,成功（100条，已去重）,100,1.0,1.0,1.0,molecule_ID精确匹配,全量源表未提供可核验SMILES；仅保留Swiss原始SMILES供原始行号审计
2055,2382,CC(=O)c1c(C)cc2cc(O)cc(O)c2c1O,STP02050,成功（100条，已去重）,100,1.0,1.0,1.0,molecule_ID精确匹配,全量源表未提供可核验SMILES；仅保留Swiss原始SMILES供原始行号审计
3778,2384,C=C1CC[C@@H]2[C@](C)(CO)[C@H](O)CC[C@@]2(C)[C@@H]1/C=C\[C@@H]1C=COC1=O,STP03772,成功（100条，已去重）,100,1.0,1.0,1.0,molecule_ID精确匹配,全量源表未提供可核验SMILES；仅保留Swiss原始SMILES供原始行号审计
2289,2388,Oc1cc2cc(O)c(-c3cc(O)c(O)c(O)c3)[o+]c2cc1O,STP02284,成功（100条，已去重）,100,2.0,1.0,1.0,molecule_ID精确匹配,全量源表未提供可核验SMILES；仅保留Swiss原始SMILES供原始行号审计
2003,239,COc1cc(O)c2c(=O)c(OC)c(-c3ccc(O)cc3)oc2c1,STP01998,成功（100条，已去重）,100,5.0,1.0,1.0,molecule_ID精确匹配,全量源表未提供可核验SMILES；仅保留Swiss原始SMILES供原始行号审计
1409,2392,CC(=O)/C(C)=C\OC(C)(C)[C@@H]1Cc2cc3ccc(=O)oc3cc2O1,STP01407,成功（100条，已去重）,100,1.0,1.0,1.0,molecule_ID精确匹配,全量源表未提供可核验SMILES；仅保留Swiss原始SMILES供原始行号审计
3523,2395,C=C1CC[C@H]2[C@](C)(CO)[C@H](O)CC[C@@]2(C)[C@@H]1CCC1=CCOC1=O,STP03517,成功（100条，已去重）,100,1.0,1.0,1.0,molecule_ID精确匹配,全量源表未提供可核验SMILES；仅保留Swiss原始SMILES供原始行号审计
3148,2398,COc1c(-c2ccccc2)oc2c(ccc3occc32)c1=O,STP03143,成功（100条，已去重）,100,1.0,1.0,1.0,molecule_ID精确匹配,全量源表未提供可核验SMILES；仅保留Swiss原始SMILES供原始行号审计
1388,2399,COc1cc(CCN)cc(OC)c1OC,STP01386,成功（100条，已去重）,100,2.0,1.0,1.0,molecule_ID精确匹配,全量源表未提供可核验SMILES；仅保留Swiss原始SMILES供原始行号审计
2927,24,C/C1=C\CC/C(C)=C/CC(C)(C)/C=C/C1,STP02922,成功（100条，已去重）,100,75.0,1.0,1.0,molecule_ID精确匹配,全量源表未提供可核验SMILES；仅保留Swiss原始SMILES供原始行号审计
195,241,COc1cc(O)cc(O)c1C(=O)/C=C\c1ccccc1,STP00194,成功（100条，已去重）,100,1.0,1.0,1.0,molecule_ID精确匹配,全量源表未提供可核验SMILES；仅保留Swiss原始SMILES供原始行号审计
886,2417,COc1cc2c3c(c1OC)-c1c(ccc(O)c1O)C[C@H]3[N+](C)(C)CC2,STP00885,成功（100条，已去重）,100,1.0,1.0,1.0,molecule_ID精确匹配,全量源表未提供可核验SMILES；仅保留Swiss原始SMILES供原始行号审计
2213,242,COc1cc(O)c2c(c1)O[C@H](c1ccc(O)c(O)c1)CC2=O,STP02208,成功（100条，已去重）,100,2.0,1.0,1.0,molecule_ID精确匹配,全量源表未提供可核验SMILES；仅保留Swiss原始SMILES供原始行号审计
3395,243,CC(C)C1=CC(=O)O[C@@]12OO[C@](C)(O)[C@@H]1CC[C@H](C)[C@@H]12,STP03389,成功（100条，已去重）,100,1.0,1.0,1.0,molecule_ID精确匹配,全量源表未提供可核验SMILES；仅保留Swiss原始SMILES供原始行号审计
1300,2430,C[C@@H]1NCCc2cc(O)c(O)cc21,STP01298,成功（100条，已去重）,100,1.0,1.0,1.0,molecule_ID精确匹配,全量源表未提供可核验SMILES；仅保留Swiss原始SMILES供原始行号审计
828,244,CC1(C)[C@@H]2CC[C@@]1(C)[C@@H](O)C2,STP00827,成功（100条，已去重）,100,46.0,1.0,1.0,molecule_ID精确匹配,全量源表未提供可核验SMILES；仅保留Swiss原始SMILES供原始行号审计
4180,2450,C=C(C)[C@H]1CCC(=O)[C@]23CC[C@@H](C)[C@@]2(C1)O3,STP04173,成功（100条，已去重）,100,1.0,1.0,1.0,molecule_ID精确匹配,全量源表未提供可核验SMILES；仅保留Swiss原始SMILES供原始行号审计
491,2451,C=C1C/C=C/C(C)(C)C/C=C(\C)CC1,STP00490,成功（100条，已去重）,100,3.0,1.0,1.0,molecule_ID精确匹配,全量源表未提供可核验SMILES；仅保留Swiss原始SMILES供原始行号审计
1494,2453,C=C1[C@@H]2CC[C@@H](C2)C1(C)C,STP01491,成功（100条，已去重）,100,22.0,1.0,1.0,molecule_ID精确匹配,全量源表未提供可核验SMILES；仅保留Swiss原始SMILES供原始行号审计
1630,2454,CCCCCCCCC/C(O)=C/C(=O)CCc1ccc(O)c(OC)c1,STP01627,成功（100条，已去重）,100,1.0,1.0,1.0,molecule_ID精确匹配,全量源表未提供可核验SMILES；仅保留Swiss原始SMILES供原始行号审计
2766,2458,CC1(C)[C@H]2CC[C@](C)(C2)[C@@H]1O,STP02761,成功（100条，已去重）,100,9.0,1.0,1.0,molecule_ID精确匹配,全量源表未提供可核验SMILES；仅保留Swiss原始SMILES供原始行号审计
3497,2459,CCCCCCCCC[C@H](O)CC(=O)CCc1ccc(O)c(OC)c1,STP03491,成功（100条，已去重）,100,2.0,1.0,1.0,molecule_ID精确匹配,全量源表未提供可核验SMILES；仅保留Swiss原始SMILES供原始行号审计
2000,246,O=C1C[C@H](c2ccccc2)Oc2cc(O)cc(O)c21,STP01995,成功（100条，已去重）,100,4.0,1.0,1.0,molecule_ID精确匹配,全量源表未提供可核验SMILES；仅保留Swiss原始SMILES供原始行号审计
1069,2467,CCCCC[C@H](O)CC(=O)CCc1ccc(O)c(OC)c1,STP01068,成功（100条，已去重）,100,2.0,1.0,1.0,molecule_ID精确匹配,全量源表未提供可核验SMILES；仅保留Swiss原始SMILES供原始行号审计
4050,2468,COc1cc(CCC(=O)C[C@@H](O)CCc2ccc(O)c(OC)c2)ccc1O,STP04043,成功（100条，已去重）,100,3.0,1.0,1.0,molecule_ID精确匹配,全量源表未提供可核验SMILES；仅保留Swiss原始SMILES供原始行号审计
2756,247,CC(C)=CCC/C(C)=C\CC/C(C)=C\CO,STP02751,成功（100条，已去重）,100,17.0,1.0,1.0,molecule_ID精确匹配,全量源表未提供可核验SMILES；仅保留Swiss原始SMILES供原始行号审计
1862,2470,COc1cc(CC/C=C/C(=O)CCc2cc(OC)c(O)c(OC)c2)ccc1O,STP01857,成功（100条，已去重）,100,1.0,1.0,1.0,molecule_ID精确匹配,全量源表未提供可核验SMILES；仅保留Swiss原始SMILES供原始行号审计
675,2471,CC(=O)O[C@@H]1C[C@H](C)CC[C@@H]1C(C)C,STP00674,成功（100条，已去重）,100,2.0,1.0,1.0,molecule_ID精确匹配,全量源表未提供可核验SMILES；仅保留Swiss原始SMILES供原始行号审计
4001,2472,CCC(=O)OC/C=C(/C)CCC=C(C)C,STP03994,成功（100条，已去重）,100,4.0,1.0,1.0,molecule_ID精确匹配,全量源表未提供可核验SMILES；仅保留Swiss原始SMILES供原始行号审计
926,2474,CC1=CC[C@@H](C(C)(C)O)C=C1,STP00925,成功（100条，已去重）,100,2.0,1.0,1.0,molecule_ID精确匹配,全量源表未提供可核验SMILES；仅保留Swiss原始SMILES供原始行号审计
2729,2475,CC1=C[C@H]2C(=C(C)CCCC2(C)C)CC1,STP02724,成功（100条，已去重）,100,7.0,1.0,1.0,molecule_ID精确匹配,全量源表未提供可核验SMILES；仅保留Swiss原始SMILES供原始行号审计
1176,2476,c1cc2nc(c1)CCCCCCCCC2,STP01175,成功（100条，已去重）,100,1.0,1.0,1.0,molecule_ID精确匹配,全量源表未提供可核验SMILES；仅保留Swiss原始SMILES供原始行号审计
4178,248,CC1=CC[C@H](C(C)C)CC1=O,STP04171,成功（100条，已去重）,100,1.0,1.0,1.0,molecule_ID精确匹配,全量源表未提供可核验SMILES；仅保留Swiss原始SMILES供原始行号审计
1177,2480,C=CC(C)(C)O,STP01176,成功（100条，已去重）,100,3.0,1.0,1.0,molecule_ID精确匹配,全量源表未提供可核验SMILES；仅保留Swiss原始SMILES供原始行号审计
936,2486,CCC[C@H](O)CC(=O)CCc1ccc(O)c(OC)c1,STP00935,成功（100条，已去重）,100,1.0,1.0,1.0,molecule_ID精确匹配,全量源表未提供可核验SMILES；仅保留Swiss原始SMILES供原始行号审计
3443,2487,COc1cc(CCC(=O)C[C@H](O)CCc2ccc(O)cc2)ccc1O,STP03437,成功（100条，已去重）,100,1.0,1.0,1.0,molecule_ID精确匹配,全量源表未提供可核验SMILES；仅保留Swiss原始SMILES供原始行号审计
2442,249,COC(=O)/C=C/c1ccccc1,STP02437,成功（100条，已去重）,100,11.0,1.0,1.0,molecule_ID精确匹配,全量源表未提供可核验SMILES；仅保留Swiss原始SMILES供原始行号审计
3601,2490,CCCCC[C@H](C[C@H](CCc1ccc(O)c(OC)c1)OC(C)=O)OC(C)=O,STP03595,成功（100条，已去重）,100,1.0,1.0,1.0,molecule_ID精确匹配,全量源表未提供可核验SMILES；仅保留Swiss原始SMILES供原始行号审计
1263,2498,C[C@@H](O)CO,STP01261,成功（100条，已去重）,100,3.0,1.0,1.0,molecule_ID精确匹配,全量源表未提供可核验SMILES；仅保留Swiss原始SMILES供原始行号审计
3996,25,CC1=CC[C@@H]2[C@@H]3[C@H]1[C@@]2(C)CCCC3(C)C,STP03989,成功（100条，已去重）,100,8.0,1.0,1.0,molecule_ID精确匹配,全量源表未提供可核验SMILES；仅保留Swiss原始SMILES供原始行号审计
3545,2501,C/C=C/CC1=C(C)[C@@H](OC(=O)[C@@H]2[C@@H](/C=C(\C)C(=O)OC)C2(C)C)CC1=O,STP03539,成功（100条，已去重）,100,2.0,1.0,1.0,molecule_ID精确匹配,全量源表未提供可核验SMILES；仅保留Swiss原始SMILES供原始行号审计
819,2502,CC1=CC[C@@H]2[C@@H]3[C@H](C(C)C)CC[C@@]2(C)[C@@H]13,STP00818,成功（100条，已去重）,100,15.0,1.0,1.0,molecule_ID精确匹配,全量源表未提供可核验SMILES；仅保留Swiss原始SMILES供原始行号审计
3823,2504,C=C[C@@](C)(O)CC/C=C(/C)CCC=C(C)C,STP03817,成功（100条，已去重）,100,13.0,1.0,1.0,molecule_ID精确匹配,全量源表未提供可核验SMILES；仅保留Swiss原始SMILES供原始行号审计
3088,2506,COc1cc(CC/C=C/C(=O)CCc2ccc(O)c(OC)c2)ccc1O,STP03083,成功（100条，已去重）,100,2.0,1.0,1.0,molecule_ID精确匹配,全量源表未提供可核验SMILES；仅保留Swiss原始SMILES供原始行号审计
3775,2507,COc1cc(CCC(=O)/C=C/CCc2cc(OC)c(O)c(OC)c2)ccc1O,STP03769,成功（100条，已去重）,100,1.0,1.0,1.0,molecule_ID精确匹配,全量源表未提供可核验SMILES；仅保留Swiss原始SMILES供原始行号审计
1885,2508,COc1cc(CCC(=O)/C=C/CCc2ccc(O)cc2)ccc1O,STP01880,成功（100条，已去重）,100,1.0,1.0,1.0,molecule_ID精确匹配,全量源表未提供可核验SMILES；仅保留Swiss原始SMILES供原始行号审计
500,251,COc1cc(O)c2c(=O)c(O)c(-c3ccc(O)cc3)oc2c1,STP00499,成功（100条，已去重）,100,15.0,1.0,1.0,molecule_ID精确匹配,全量源表未提供可核验SMILES；仅保留Swiss原始SMILES供原始行号审计
1562,2512,O[C@@H]1[C@H](O)CNC[C@@H]1O,STP01559,成功（100条，已去重）,100,1.0,1.0,1.0,molecule_ID精确匹配,全量源表未提供可核验SMILES；仅保留Swiss原始SMILES供原始行号审计
704,2513,CC(C)=CCC[C@@H](C)c1ccc(C)c(O)c1,STP00703,成功（100条，已去重）,100,5.0,1.0,1.0,molecule_ID精确匹配,全量源表未提供可核验SMILES；仅保留Swiss原始SMILES供原始行号审计
2131,2514,COc1c(O)cc(O)c2c(=O)c(O)c(-c3ccc(O)cc3)oc12,STP02126,成功（100条，已去重）,100,3.0,1.0,1.0,molecule_ID精确匹配,全量源表未提供可核验SMILES；仅保留Swiss原始SMILES供原始行号审计
346,2515,C=C[C@]1(C)CC[C@@H](C(C)C)C(=O)[C@H]1C(=C)C,STP00345,成功（100条，已去重）,100,1.0,1.0,1.0,molecule_ID精确匹配,全量源表未提供可核验SMILES；仅保留Swiss原始SMILES供原始行号审计
2866,252,CC(C)=CCC/C(C)=C/CC/C(C)=C/CO,STP02861,成功（100条，已去重）,100,20.0,1.0,1.0,molecule_ID精确匹配,全量源表未提供可核验SMILES；仅保留Swiss原始SMILES供原始行号审计
26,2520,CC(=O)O[C@H]1C(C)(C)[C@@H]2CC[C@@]1(C)C2,STP00025,成功（100条，已去重）,100,5.0,1.0,1.0,molecule_ID精确匹配,全量源表未提供可核验SMILES；仅保留Swiss原始SMILES供原始行号审计
3377,2523,CC(C)[C@@H]1CC[C@@]2(C)[C@@H]3C[C@H]4[C@@H]([C@@H]31)[C@]42C,STP03371,成功（100条，已去重）,100,2.0,1.0,1.0,molecule_ID精确匹配,全量源表未提供可核验SMILES；仅保留Swiss原始SMILES供原始行号审计
567,2525,c1ccc(CC2=NCCN2)cc1,STP00566,成功（100条，已去重）,100,1.0,1.0,1.0,molecule_ID精确匹配,全量源表未提供可核验SMILES；仅保留Swiss原始SMILES供原始行号审计
603,2526,C=C(C)[C@@H]1CCC(C)=C2CC[C@H](C)[C@@H]2C1,STP00602,成功（100条，已去重）,100,19.0,1.0,1.0,molecule_ID精确匹配,全量源表未提供可核验SMILES；仅保留Swiss原始SMILES供原始行号审计
791,2527,COc1cc(/C=C/C(O)=C/C(=O)CCc2ccc(O)c(OC)c2)ccc1O,STP00790,成功（100条，已去重）,100,3.0,1.0,1.0,molecule_ID精确匹配,全量源表未提供可核验SMILES；仅保留Swiss原始SMILES供原始行号审计
3629,2528,CCCCc1ccc(CCCC)o1,STP03623,成功（100条，已去重）,100,2.0,1.0,1.0,molecule_ID精确匹配,全量源表未提供可核验SMILES；仅保留Swiss原始SMILES供原始行号审计
3973,2529,CCCC(=O)OC/C=C(\C)CCC=C(C)C,STP03966,成功（100条，已去重）,100,2.0,1.0,1.0,molecule_ID精确匹配,全量源表未提供可核验SMILES；仅保留Swiss原始SMILES供原始行号审计
1541,2530,CC(C)COC(=O)c1ccccc1,STP01538,成功（100条，已去重）,100,2.0,1.0,1.0,molecule_ID精确匹配,全量源表未提供可核验SMILES；仅保留Swiss原始SMILES供原始行号审计
1902,2535,COc1cc(CC[C@@H](O)C[C@H](O)CCc2ccc(O)c(OC)c2)ccc1O,STP01897,成功（100条，已去重）,100,2.0,1.0,1.0,molecule_ID精确匹配,全量源表未提供可核验SMILES；仅保留Swiss原始SMILES供原始行号审计
4134,2536,CCCCCCCC(=O)OCCc1ccccc1,STP04127,成功（100条，已去重）,100,1.0,1.0,1.0,molecule_ID精确匹配,全量源表未提供可核验SMILES；仅保留Swiss原始SMILES供原始行号审计
735,254,C=CCc1ccc(O)c(OC)c1,STP00734,成功（100条，已去重）,100,58.0,1.0,1.0,molecule_ID精确匹配,全量源表未提供可核验SMILES；仅保留Swiss原始SMILES供原始行号审计
4125,2540,C/C=C/[C@@H](O)CCCC,STP04118,成功（100条，已去重）,100,1.0,1.0,1.0,molecule_ID精确匹配,全量源表未提供可核验SMILES；仅保留Swiss原始SMILES供原始行号审计
3664,2542,CCCC(C)=O,STP03658,成功（100条，已去重）,100,4.0,1.0,1.0,molecule_ID精确匹配,全量源表未提供可核验SMILES；仅保留Swiss原始SMILES供原始行号审计
2465,2543,COc1cc(OC)c2c(c1)O[C@@H](c1ccc(OC)c(OC)c1)[C@H](O)C2,STP02460,成功（100条，已去重）,100,1.0,1.0,1.0,molecule_ID精确匹配,全量源表未提供可核验SMILES；仅保留Swiss原始SMILES供原始行号审计
3350,2544,O=C(CCc1ccccc1)C[C@H](O)CCc1ccccc1,STP03344,成功（100条，已去重）,100,1.0,1.0,1.0,molecule_ID精确匹配,全量源表未提供可核验SMILES；仅保留Swiss原始SMILES供原始行号审计
2644,2546,C=CC[C@@H](C)O,STP02639,成功（100条，已去重）,100,1.0,1.0,1.0,molecule_ID精确匹配,全量源表未提供可核验SMILES；仅保留Swiss原始SMILES供原始行号审计
3730,2549,OC(C#CC(O)(c1ccccc1)c1ccccc1)(c1ccccc1)c1ccccc1,STP03724,成功（100条，已去重）,100,1.0,1.0,1.0,molecule_ID精确匹配,全量源表未提供可核验SMILES；仅保留Swiss原始SMILES供原始行号审计
1726,2554,CO[C@H](CCc1ccccc1)CC(=O)CCc1ccccc1,STP01722,成功（100条，已去重）,100,1.0,1.0,1.0,molecule_ID精确匹配,全量源表未提供可核验SMILES；仅保留Swiss原始SMILES供原始行号审计
1470,2555,Cc1cc(O)cc2oc(C[C@@H](C)O)cc(=O)c12,STP01467,成功（100条，已去重）,100,1.0,1.0,1.0,molecule_ID精确匹配,全量源表未提供可核验SMILES；仅保留Swiss原始SMILES供原始行号审计
1412,2556,CCO[C@@H](Cc1c(OC)ccc2ccc(=O)oc12)C(C)(C)O,STP01410,成功（100条，已去重）,100,1.0,1.0,1.0,molecule_ID精确匹配,全量源表未提供可核验SMILES；仅保留Swiss原始SMILES供原始行号审计
1455,2558,O=c1ccc2ccc(O)cc2o1,STP01452,成功（100条，已去重）,100,28.0,1.0,1.0,molecule_ID精确匹配,全量源表未提供可核验SMILES；仅保留Swiss原始SMILES供原始行号审计
1907,2559,CCO[C@]12CC[C@@H]3CCCC[C@@]3(C1)C(=O)O2,STP01902,成功（100条，已去重）,100,1.0,1.0,1.0,molecule_ID精确匹配,全量源表未提供可核验SMILES；仅保留Swiss原始SMILES供原始行号审计
1971,2560,O=c1cc(-c2ccccc2)oc2cc(O)cc(O)c12,STP01966,成功（100条，已去重）,100,7.0,1.0,1.0,molecule_ID精确匹配,全量源表未提供可核验SMILES；仅保留Swiss原始SMILES供原始行号审计
1359,2561,O=C(c1ccccc1)[C@@H](O)[C@H](O)c1ccccc1,STP01357,成功（100条，已去重）,100,1.0,1.0,1.0,molecule_ID精确匹配,全量源表未提供可核验SMILES；仅保留Swiss原始SMILES供原始行号审计
405,2562,COc1cc2c(cc1O)[C@@H](Cc1ccc(O)cc1)N(C)CC2,STP00404,成功（100条，已去重）,100,2.0,1.0,1.0,molecule_ID精确匹配,全量源表未提供可核验SMILES；仅保留Swiss原始SMILES供原始行号审计
1951,2563,O=c1c(O)c(-c2ccccc2)oc2cc(O)cc(O)c12,STP01946,成功（100条，已去重）,100,2.0,1.0,1.0,molecule_ID精确匹配,全量源表未提供可核验SMILES；仅保留Swiss原始SMILES供原始行号审计
1642,2564,CC1(C)CCC[C@@]2(C)[C@H]1CC[C@@]1(CO1)[C@@H]2C/C=C1/CCOC1=O,STP01639,成功（100条，已去重）,100,1.0,1.0,1.0,molecule_ID精确匹配,全量源表未提供可核验SMILES；仅保留Swiss原始SMILES供原始行号审计
286,2565,COc1ccc2c(c1)O[C@H]1c3ccc(O)cc3OC[C@@H]21,STP00285,成功（100条，已去重）,100,3.0,1.0,1.0,molecule_ID精确匹配,全量源表未提供可核验SMILES；仅保留Swiss原始SMILES供原始行号审计
2082,2566,COc1c(-c2ccc(O)c(O)c2)oc2cc(O)cc(O)c2c1=O,STP02077,成功（100条，已去重）,100,5.0,1.0,1.0,molecule_ID精确匹配,全量源表未提供可核验SMILES；仅保留Swiss原始SMILES供原始行号审计
3577,2568,O=C(/C=C/CCc1ccccc1)CCc1ccccc1,STP03571,成功（100条，已去重）,100,1.0,1.0,1.0,molecule_ID精确匹配,全量源表未提供可核验SMILES；仅保留Swiss原始SMILES供原始行号审计
3504,2569,CCOc1ccc(CC)cc1,STP03498,成功（100条，已去重）,100,1.0,1.0,1.0,molecule_ID精确匹配,全量源表未提供可核验SMILES；仅保留Swiss原始SMILES供原始行号审计
3401,2575,CCCCC[C@@H](CC)OC(=O)c1ccccc1C(=O)OCCCC,STP03395,成功（100条，已去重）,100,1.0,1.0,1.0,molecule_ID精确匹配,全量源表未提供可核验SMILES；仅保留Swiss原始SMILES供原始行号审计
3805,2576,O=C1CCCO1,STP03799,成功（100条，已去重）,100,4.0,1.0,1.0,molecule_ID精确匹配,全量源表未提供可核验SMILES；仅保留Swiss原始SMILES供原始行号审计
4202,2579,COc1cc(CNC(=O)CCCC/C=C/C(C)C)ccc1O,STP04195,成功（100条，已去重）,100,6.0,1.0,1.0,molecule_ID精确匹配,全量源表未提供可核验SMILES；仅保留Swiss原始SMILES供原始行号审计
59,258,C/C=C/c1cc2c(c(OC)c1)O[C@H](c1ccc(O)c(OC)c1)C2,STP00058,成功（100条，已去重）,100,1.0,1.0,1.0,molecule_ID精确匹配,全量源表未提供可核验SMILES；仅保留Swiss原始SMILES供原始行号审计
2520,2581,COc1cc(/C=C\C(=O)CC(=O)/C=C/c2ccc(O)c(OC)c2)ccc1O,STP02515,成功（100条，已去重）,100,3.0,1.0,1.0,molecule_ID精确匹配,全量源表未提供可核验SMILES；仅保留Swiss原始SMILES供原始行号审计
3308,2586,C[C@@]1(CO)[C@H]2CC[C@@H](CO)[C@@H]1C2,STP03302,成功（100条，已去重）,100,1.0,1.0,1.0,molecule_ID精确匹配,全量源表未提供可核验SMILES；仅保留Swiss原始SMILES供原始行号审计
3223,2587,O=c1ccc2c(-c3c(O)c(O)cc4oc(=O)ccc34)c(O)c(O)cc2o1,STP03218,成功（100条，已去重）,100,3.0,1.0,1.0,molecule_ID精确匹配,全量源表未提供可核验SMILES；仅保留Swiss原始SMILES供原始行号审计
1806,259,Cc1ccc(C(C)C)cc1O,STP01801,成功（100条，已去重）,100,37.0,1.0,1.0,molecule_ID精确匹配,全量源表未提供可核验SMILES；仅保留Swiss原始SMILES供原始行号审计
1522,2592,CC(C)C1=CC(=O)C2=C(CC[C@H]3[C@@](C)(C(=O)O)CCC[C@]23C)C1=O,STP01519,成功（100条，已去重）,100,1.0,1.0,1.0,molecule_ID精确匹配,全量源表未提供可核验SMILES；仅保留Swiss原始SMILES供原始行号审计
814,260,C/C=C/c1cc(OC)c2c(c1)[C@@H](C)[C@H](c1ccc3c(c1)OCO3)O2,STP00813,成功（100条，已去重）,100,1.0,1.0,1.0,molecule_ID精确匹配,全量源表未提供可核验SMILES；仅保留Swiss原始SMILES供原始行号审计
3224,2605,C/C=C1\CN(C)[C@@H]2C[C@@]3(C(=O)N(OC)c4cc(O)ccc43)[C@@H]3C[C@@H]1[C@H]2CO3,STP03219,成功（100条，已去重）,100,1.0,1.0,1.0,molecule_ID精确匹配,全量源表未提供可核验SMILES；仅保留Swiss原始SMILES供原始行号审计
583,261,C=CCc1cc(OC)c2c(c1)OCO2,STP00582,成功（100条，已去重）,100,19.0,1.0,1.0,molecule_ID精确匹配,全量源表未提供可核验SMILES；仅保留Swiss原始SMILES供原始行号审计
1958,2610,COc1c2c(nc3ccccc13)O[C@@H]([C@@](C)(O)CO)C2,STP01953,成功（100条，已去重）,100,1.0,1.0,1.0,molecule_ID精确匹配,全量源表未提供可核验SMILES；仅保留Swiss原始SMILES供原始行号审计
1428,2614,Oc1cc2c3c(c1)COc1cc(O)cc(c1-3)CC2,STP01425,成功（100条，已去重）,100,1.0,1.0,1.0,molecule_ID精确匹配,全量源表未提供可核验SMILES；仅保留Swiss原始SMILES供原始行号审计
3396,2628,CC(C)=CCNc1ncnc2c1ncn2[C@H]1O[C@H](CO)[C@@H](O)[C@H]1O,STP03390,成功（100条，已去重）,100,1.0,1.0,1.0,molecule_ID精确匹配,全量源表未提供可核验SMILES；仅保留Swiss原始SMILES供原始行号审计
2723,2635,COc1cc([C@H]2c3c(cc(OC)c(O)c3OC)C[C@H](CO)[C@@H]2CO)cc(OC)c1O,STP02718,成功（100条，已去重）,100,1.0,1.0,1.0,molecule_ID精确匹配,全量源表未提供可核验SMILES；仅保留Swiss原始SMILES供原始行号审计
252,264,CC1=CCC(=C(C)C)CC1,STP00251,成功（100条，已去重）,100,43.0,1.0,1.0,molecule_ID精确匹配,全量源表未提供可核验SMILES；仅保留Swiss原始SMILES供原始行号审计
3421,2641,CC(C)(O)CCc1c(O)cc2c(c1O)C(=O)[C@H](O)[C@@H](c1ccc(O)cc1)O2,STP03415,成功（100条，已去重）,100,1.0,1.0,1.0,molecule_ID精确匹配,全量源表未提供可核验SMILES；仅保留Swiss原始SMILES供原始行号审计
1119,2642,COc1cc2c(cc1O)C[C@H]1c3cc(O)c(OC)cc3CC[N@@+]1(C)C2,STP01118,成功（100条，已去重）,100,2.0,1.0,1.0,molecule_ID精确匹配,全量源表未提供可核验SMILES；仅保留Swiss原始SMILES供原始行号审计
986,2644,COc1c2ccoc2c(OCC=C(C)C)c2oc(=O)ccc12,STP00985,成功（100条，已去重）,100,6.0,1.0,1.0,molecule_ID精确匹配,全量源表未提供可核验SMILES；仅保留Swiss原始SMILES供原始行号审计
1785,2648,C=C(C)[C@@H]1CC[C@@]2(C)O[C@H]2C1,STP01781,成功（100条，已去重）,100,3.0,1.0,1.0,molecule_ID精确匹配,全量源表未提供可核验SMILES；仅保留Swiss原始SMILES供原始行号审计
905,2650,COc1cc(/C=C/CO)ccc1O,STP00904,成功（100条，已去重）,100,9.0,1.0,1.0,molecule_ID精确匹配,全量源表未提供可核验SMILES；仅保留Swiss原始SMILES供原始行号审计
325,2651,Cc1coc2c1C(=O)C(=O)c1c-2ccc2c1C=CCC2(C)C,STP00324,成功（100条，已去重）,100,2.0,1.0,1.0,molecule_ID精确匹配,全量源表未提供可核验SMILES；仅保留Swiss原始SMILES供原始行号审计
682,2655,CC(C)(O)CCc1c(O)cc(O)c2c(=O)c(O)c(-c3ccc(O)cc3)oc12,STP00681,成功（100条，已去重）,100,2.0,1.0,1.0,molecule_ID精确匹配,全量源表未提供可核验SMILES；仅保留Swiss原始SMILES供原始行号审计
967,266,C=C1CC[C@@]23[C@@H]([C@@H]12)[C@H](C(C)C)CC[C@H]3C,STP00966,成功（100条，已去重）,100,25.0,1.0,1.0,molecule_ID精确匹配,全量源表未提供可核验SMILES；仅保留Swiss原始SMILES供原始行号审计
930,2665,C=C(O)/C=C/c1ccc(O)c(OC)c1,STP00929,成功（100条，已去重）,100,1.0,1.0,1.0,molecule_ID精确匹配,全量源表未提供可核验SMILES；仅保留Swiss原始SMILES供原始行号审计
2728,2666,COc1ccc2c(ccc3c4cc5c(cc4ccc23)OCO5)c1OC,STP02723,成功（100条，已去重）,100,1.0,1.0,1.0,molecule_ID精确匹配,全量源表未提供可核验SMILES；仅保留Swiss原始SMILES供原始行号审计
2770,2668,Cc1c2[n+](cc3cc4c(cc13)OCO4)CCc1cc3c(cc1-2)OCO3,STP02765,成功（100条，已去重）,100,2.0,1.0,1.0,molecule_ID精确匹配,全量源表未提供可核验SMILES；仅保留Swiss原始SMILES供原始行号审计
3669,267,CC(C)=CCC[C@@H](C)CCO,STP03663,成功（100条，已去重）,100,16.0,1.0,1.0,molecule_ID精确匹配,全量源表未提供可核验SMILES；仅保留Swiss原始SMILES供原始行号审计
1113,2670,COc1cc2c(cc1OC)[C@H]1[C@@H](C)c3ccc4c(c3CN1CC2)OCO4,STP01112,成功（100条，已去重）,100,3.0,1.0,1.0,molecule_ID精确匹配,全量源表未提供可核验SMILES；仅保留Swiss原始SMILES供原始行号审计
3176,2679,CCOC(OCC)OCC,STP03171,成功（100条，已去重）,100,1.0,1.0,1.0,molecule_ID精确匹配,全量源表未提供可核验SMILES；仅保留Swiss原始SMILES供原始行号审计
2663,268,C=C1CC[C@@]2(C(C)C)C[C@@H]12,STP02658,成功（100条，已去重）,100,47.0,1.0,1.0,molecule_ID精确匹配,全量源表未提供可核验SMILES；仅保留Swiss原始SMILES供原始行号审计
1821,2683,CCCCC/C=C\C/C=C\C/C=C\CCCCC(=O)O,STP01816,成功（100条，已去重）,100,8.0,1.0,1.0,molecule_ID精确匹配,全量源表未提供可核验SMILES；仅保留Swiss原始SMILES供原始行号审计
3147,2684,CC(C)=CCC/C(C)=C/CC/C(C)=C/CC[C@]1(C)CCc2cc(O)c(C)c(C)c2O1,STP03142,成功（100条，已去重）,100,1.0,1.0,1.0,molecule_ID精确匹配,全量源表未提供可核验SMILES；仅保留Swiss原始SMILES供原始行号审计
1387,2686,O=CC(=O)O,STP01385,成功（84条，已去重）,84,1.0,1.0,1.0,molecule_ID精确匹配,全量源表未提供可核验SMILES；仅保留Swiss原始SMILES供原始行号审计
3045,2689,COc1cc(C)cc(OC)c1OC,STP03040,成功（100条，已去重）,100,4.0,1.0,1.0,molecule_ID精确匹配,全量源表未提供可核验SMILES；仅保留Swiss原始SMILES供原始行号审计
994,269,C=CCc1cc(OC)c(OC)c(OC)c1,STP00993,成功（100条，已去重）,100,19.0,1.0,1.0,molecule_ID精确匹配,全量源表未提供可核验SMILES；仅保留Swiss原始SMILES供原始行号审计
2640,2691,CC(C)CC(=O)O,STP02635,成功（100条，已去重）,100,14.0,1.0,1.0,molecule_ID精确匹配,全量源表未提供可核验SMILES；仅保留Swiss原始SMILES供原始行号审计
3625,2692,O=c1c(O[C@@H]2O[C@H](CO)[C@@H](O)[C@H](O)[C@@H]2O)c(-c2ccc(O)cc2)oc2cc(O)cc(O)c12,STP03619,成功（100条，已去重）,100,4.0,1.0,1.0,molecule_ID精确匹配,全量源表未提供可核验SMILES；仅保留Swiss原始SMILES供原始行号审计
2598,2694,COC1=CC(=C/C=C/C=C2C=C(OC)C(=O)C(OC)=C2)C=C(OC)C1=O,STP02593,成功（100条，已去重）,100,1.0,1.0,1.0,molecule_ID精确匹配,全量源表未提供可核验SMILES；仅保留Swiss原始SMILES供原始行号审计
2780,2695,CCOC(=O)[C@@H]1[C@@H](c2cc(OC)c(OC)c(OC)c2)c2cc(OC)c(OC)cc2C(=O)[C@H]1C,STP02775,成功（100条，已去重）,100,1.0,1.0,1.0,molecule_ID精确匹配,全量源表未提供可核验SMILES；仅保留Swiss原始SMILES供原始行号审计
2881,2696,COc1cc([C@@H]2OC[C@@H]3[C@H]2CO[C@@H]3c2cc(OC)c(O)c(OC)c2)cc(O)c1O,STP02876,成功（100条，已去重）,100,1.0,1.0,1.0,molecule_ID精确匹配,全量源表未提供可核验SMILES；仅保留Swiss原始SMILES供原始行号审计
2842,2697,C=C1[C@@H]2CC[C@H]3[C@H]2C(C)(C)CCC[C@@]13C,STP02837,成功（100条，已去重）,100,14.0,1.0,1.0,molecule_ID精确匹配,全量源表未提供可核验SMILES；仅保留Swiss原始SMILES供原始行号审计
1877,27,CC(C)=CCC[C@@H](C)c1ccc(C)cc1,STP01872,成功（100条，已去重）,100,30.0,1.0,1.0,molecule_ID精确匹配,全量源表未提供可核验SMILES；仅保留Swiss原始SMILES供原始行号审计
843,270,CC1=CC[C@@H]2[C@H](C1)C2(C)C,STP00842,成功（100条，已去重）,100,31.0,1.0,1.0,molecule_ID精确匹配,全量源表未提供可核验SMILES；仅保留Swiss原始SMILES供原始行号审计
859,2704,N[C@H](Cc1ccccc1)C(=O)O,STP00858,成功（100条，已去重）,100,1.0,1.0,1.0,molecule_ID精确匹配,全量源表未提供可核验SMILES；仅保留Swiss原始SMILES供原始行号审计
3230,271,C=C(C)[C@@H]1CC=C(C)C(=O)C1,STP03225,成功（100条，已去重）,100,20.0,1.0,1.0,molecule_ID精确匹配,全量源表未提供可核验SMILES；仅保留Swiss原始SMILES供原始行号审计
3784,2710,C=C/C=C\CC1=C(C)[C@@H](OC(=O)[C@@H]2[C@@H](/C=C(\C)C(=O)OC)C2(C)C)CC1=O,STP03778,成功（100条，已去重）,100,1.0,1.0,1.0,molecule_ID精确匹配,全量源表未提供可核验SMILES；仅保留Swiss原始SMILES供原始行号审计
1567,2711,C=C[C@H](O)CC,STP01564,成功（100条，已去重）,100,2.0,1.0,1.0,molecule_ID精确匹配,全量源表未提供可核验SMILES；仅保留Swiss原始SMILES供原始行号审计
2124,2712,O=c1c(O)c(-c2ccc(O)cc2)oc2cc(O)c(O)c(O)c12,STP02119,成功（100条，已去重）,100,2.0,1.0,1.0,molecule_ID精确匹配,全量源表未提供可核验SMILES；仅保留Swiss原始SMILES供原始行号审计
1087,2714,O=c1cc(-c2ccccc2)oc2cc(O)c(O)c(O)c12,STP01086,成功（100条，已去重）,100,12.0,1.0,1.0,molecule_ID精确匹配,全量源表未提供可核验SMILES；仅保留Swiss原始SMILES供原始行号审计
2047,2717,O=C1C=C(O)C(C(=O)/C=C/c2ccc(O)cc2)=C(O)C1=O,STP02042,成功（100条，已去重）,100,1.0,1.0,1.0,molecule_ID精确匹配,全量源表未提供可核验SMILES；仅保留Swiss原始SMILES供原始行号审计
2512,2721,O=c1c(O)c(-c2ccc(O)c(O)c2)oc2cc(O)c(O)c(O)c12,STP02507,成功（100条，已去重）,100,3.0,1.0,1.0,molecule_ID精确匹配,全量源表未提供可核验SMILES；仅保留Swiss原始SMILES供原始行号审计
3473,2724,O=C(O)C[C@H](C1=C(O)/C(=C(O)/C=C/c2ccc(O)cc2)C(=O)[C@@H](O)C1=O)c1ccc(O)cc1,STP03467,成功（100条，已去重）,100,1.0,1.0,1.0,molecule_ID精确匹配,全量源表未提供可核验SMILES；仅保留Swiss原始SMILES供原始行号审计
2045,2737,O=c1cc(-c2ccc(O)cc2)oc2cc(O)c(O)c(O)c12,STP02040,成功（100条，已去重）,100,7.0,1.0,1.0,molecule_ID精确匹配,全量源表未提供可核验SMILES；仅保留Swiss原始SMILES供原始行号审计
1605,2744,CC[C@@H](C)C(=O)O,STP01602,成功（100条，已去重）,100,3.0,1.0,1.0,molecule_ID精确匹配,全量源表未提供可核验SMILES；仅保留Swiss原始SMILES供原始行号审计
2416,2745,CCC[C@H](O)CC,STP02411,成功（100条，已去重）,100,1.0,1.0,1.0,molecule_ID精确匹配,全量源表未提供可核验SMILES；仅保留Swiss原始SMILES供原始行号审计
2036,2746,N[C@@H](Cc1c[nH]c2ccc(O)cc12)C(=O)O,STP02031,成功（100条，已去重）,100,1.0,1.0,1.0,molecule_ID精确匹配,全量源表未提供可核验SMILES；仅保留Swiss原始SMILES供原始行号审计
3524,2747,CC(C)CC[C@@H](C)O,STP03518,成功（100条，已去重）,100,1.0,1.0,1.0,molecule_ID精确匹配,全量源表未提供可核验SMILES；仅保留Swiss原始SMILES供原始行号审计
2081,2757,Cc1nc2cc3[nH]c(=O)[nH]c(=O)c3cc2nc1C,STP02076,成功（100条，已去重）,100,1.0,1.0,1.0,molecule_ID精确匹配,全量源表未提供可核验SMILES；仅保留Swiss原始SMILES供原始行号审计
4173,2771,Cc1c(C)c2c(c(C)c1O)CC[C@@](C)(CCC[C@H](C)CCC[C@H](C)CCCC(C)C)O2,STP04166,成功（100条，已去重）,100,12.0,1.0,1.0,molecule_ID精确匹配,全量源表未提供可核验SMILES；仅保留Swiss原始SMILES供原始行号审计
4188,2773,CC1=C(/C=C/C(C)=C/C=C/C(C)=C/C=C/C=C(C)/C=C/C=C(C)/C=C/C2=C(C)CCCC2(C)C)C(C)(C)CCC1,STP04181,成功（100条，已去重）,100,29.0,1.0,1.0,molecule_ID精确匹配,全量源表未提供可核验SMILES；仅保留Swiss原始SMILES供原始行号审计
4098,2775,Cc1cc(O)c(C)c2c1O[C@](C)(CCC[C@H](C)CCC[C@H](C)CCCC(C)C)CC2,STP04091,成功（100条，已去重）,100,3.0,1.0,1.0,molecule_ID精确匹配,全量源表未提供可核验SMILES；仅保留Swiss原始SMILES供原始行号审计
1062,2786,COc1cc(C(C)=O)ccc1O,STP01061,成功（100条，已去重）,100,12.0,1.0,1.0,molecule_ID精确匹配,全量源表未提供可核验SMILES；仅保留Swiss原始SMILES供原始行号审计
3740,2788,COc1cc(/C=C/C(=O)O[C@H]2[C@@H]3C=CO[C@@H](O)[C@@H]3[C@@]3(CO)O[C@@H]23)ccc1O,STP03734,成功（100条，已去重）,100,1.0,1.0,1.0,molecule_ID精确匹配,全量源表未提供可核验SMILES；仅保留Swiss原始SMILES供原始行号审计
329,2796,COc1ccc(/C=C\C(=O)O[C@@H]2C[C@H]3C(C(=O)O)=CO[C@H](O)[C@H]3[C@@H]2C)cc1,STP00328,成功（100条，已去重）,100,1.0,1.0,1.0,molecule_ID精确匹配,全量源表未提供可核验SMILES；仅保留Swiss原始SMILES供原始行号审计
3405,2797,O=C1/C=C(/c2ccc(O)cc2)[C@H](O[C@@H]2O[C@H](CO)[C@@H](O)[C@H](O)[C@H]2O)Cc2ccc(O)cc2O1,STP03399,成功（100条，已去重）,100,1.0,1.0,1.0,molecule_ID精确匹配,全量源表未提供可核验SMILES；仅保留Swiss原始SMILES供原始行号审计
3742,2800,O=C(/C=C/c1ccc(O)c(O)c1)O[C@@H]1[C@H]2C=CO[C@@H](O)[C@H]2[C@]2(CO)O[C@H]12,STP03736,成功（100条，已去重）,100,1.0,1.0,1.0,molecule_ID精确匹配,全量源表未提供可核验SMILES；仅保留Swiss原始SMILES供原始行号审计
1052,2808,O=C(/C=C\c1ccccc1)OC[C@@]12O[C@@H]1[C@H](O)[C@H]1C=CO[C@H](O)[C@H]12,STP01051,成功（100条，已去重）,100,1.0,1.0,1.0,molecule_ID精确匹配,全量源表未提供可核验SMILES；仅保留Swiss原始SMILES供原始行号审计
1879,2810,COc1cc(C(=O)O[C@@H]2[C@@H]3C=CO[C@H](O)[C@H]3[C@]3(CO)O[C@H]23)ccc1O,STP01874,成功（100条，已去重）,100,1.0,1.0,1.0,molecule_ID精确匹配,全量源表未提供可核验SMILES；仅保留Swiss原始SMILES供原始行号审计
3694,2813,OCC1=CC[C@H]2C=CO[C@@H](O[C@H]3O[C@@](O)(CO)[C@@H](O)[C@H](O)[C@H]3O)[C@H]12,STP03688,成功（100条，已去重）,100,1.0,1.0,1.0,molecule_ID精确匹配,全量源表未提供可核验SMILES；仅保留Swiss原始SMILES供原始行号审计
3281,2816,COc1c(O)cc2c(c1O)[C@@H]1O[C@H](CO)[C@@H](O)[C@H](O)[C@H]1OC2=O,STP03275,成功（100条，已去重）,100,4.0,1.0,1.0,molecule_ID精确匹配,全量源表未提供可核验SMILES；仅保留Swiss原始SMILES供原始行号审计
3431,2817,CC(=O)c1ccc(O[C@@H]2O[C@H](CO)[C@@H](O)[C@H](O)[C@H]2O)cc1,STP03425,成功（100条，已去重）,100,3.0,1.0,1.0,molecule_ID精确匹配,全量源表未提供可核验SMILES；仅保留Swiss原始SMILES供原始行号审计
437,2823,O=c1c(O)c(-c2ccc(O)cc2)oc2c(O)c(O)cc(O)c12,STP00436,成功（100条，已去重）,100,4.0,1.0,1.0,molecule_ID精确匹配,全量源表未提供可核验SMILES；仅保留Swiss原始SMILES供原始行号审计
1866,2825,COc1cc(C(=O)O[C@@H]2[C@H]3C=CO[C@H](O)[C@H]3[C@@]3(CO)O[C@@H]23)ccc1O,STP01861,成功（100条，已去重）,100,1.0,1.0,1.0,molecule_ID精确匹配,全量源表未提供可核验SMILES；仅保留Swiss原始SMILES供原始行号审计
768,2829,CC(C)[C@@H]1C=C[C@@](C)(O)CC1,STP00767,成功（100条，已去重）,100,4.0,1.0,1.0,molecule_ID精确匹配,全量源表未提供可核验SMILES；仅保留Swiss原始SMILES供原始行号审计
1465,2831,C=C(C)C1=CC[C@](C)(O)CC1,STP01462,成功（100条，已去重）,100,1.0,1.0,1.0,molecule_ID精确匹配,全量源表未提供可核验SMILES；仅保留Swiss原始SMILES供原始行号审计
2661,2834,CCOC(=O)/C=C/c1ccccc1,STP02656,成功（100条，已去重）,100,4.0,1.0,1.0,molecule_ID精确匹配,全量源表未提供可核验SMILES；仅保留Swiss原始SMILES供原始行号审计
3727,284,O=c1ccn([C@@H]2O[C@@H](CO)[C@H](O)[C@@H]2O)c(=O)[nH]1,STP03721,成功（100条，已去重）,100,1.0,1.0,1.0,molecule_ID精确匹配,全量源表未提供可核验SMILES；仅保留Swiss原始SMILES供原始行号审计
1966,2844,O=C1C[C@@H](c2ccccc2)Oc2cc(O)cc(O)c21,STP01961,成功（100条，已去重）,100,2.0,1.0,1.0,molecule_ID精确匹配,全量源表未提供可核验SMILES；仅保留Swiss原始SMILES供原始行号审计
1504,2846,C=CCc1cc(-c2ccc(O)c(CC=C)c2)c(O)c([C@@H]2C=C(C)CC[C@H]2C(C)C)c1,STP01501,成功（100条，已去重）,100,2.0,1.0,1.0,molecule_ID精确匹配,全量源表未提供可核验SMILES；仅保留Swiss原始SMILES供原始行号审计
1645,2847,O=C(CCCCCC/C=C\c1ccc2c(c1)OCO2)N1CCCCC1,STP01641,成功（100条，已去重）,100,1.0,1.0,1.0,molecule_ID精确匹配,全量源表未提供可核验SMILES；仅保留Swiss原始SMILES供原始行号审计
468,2848,COc1cc(/C=C\C(=O)N2CCC=CC2=O)cc(OC)c1OC,STP00467,成功（100条，已去重）,100,1.0,1.0,1.0,molecule_ID精确匹配,全量源表未提供可核验SMILES；仅保留Swiss原始SMILES供原始行号审计
1403,2850,Cc1cc(C(C)(C)C)c(O)c(C(C)(C)C)c1,STP01401,成功（100条，已去重）,100,33.0,1.0,1.0,molecule_ID精确匹配,全量源表未提供可核验SMILES；仅保留Swiss原始SMILES供原始行号审计
339,2851,C=C1CC[C@@H]2O[C@@]2(C)CC[C@H]2[C@H]1CC2(C)C,STP00338,成功（100条，已去重）,100,13.0,1.0,1.0,molecule_ID精确匹配,全量源表未提供可核验SMILES；仅保留Swiss原始SMILES供原始行号审计
550,2852,O=C(/C=C/C=C\c1ccc(O)cc1)N1CCCCC1,STP00549,成功（100条，已去重）,100,1.0,1.0,1.0,molecule_ID精确匹配,全量源表未提供可核验SMILES；仅保留Swiss原始SMILES供原始行号审计
1732,2854,C=C(C)[C@@H]1CC[C@@H](C)[C@H](O)C1,STP01728,成功（100条，已去重）,100,7.0,1.0,1.0,molecule_ID精确匹配,全量源表未提供可核验SMILES；仅保留Swiss原始SMILES供原始行号审计
776,2858,COC(C)(C)c1ccc(C)cc1,STP00775,成功（100条，已去重）,100,1.0,1.0,1.0,molecule_ID精确匹配,全量源表未提供可核验SMILES；仅保留Swiss原始SMILES供原始行号审计
2812,2859,CC1=CC[C@H](C(C)C)[C@@H](O)C1,STP02807,成功（100条，已去重）,100,1.0,1.0,1.0,molecule_ID精确匹配,全量源表未提供可核验SMILES；仅保留Swiss原始SMILES供原始行号审计
1669,2863,O=C(CCCC/C=C/c1ccc2c(c1)OCO2)N1CCCCC1,STP01665,成功（100条，已去重）,100,1.0,1.0,1.0,molecule_ID精确匹配,全量源表未提供可核验SMILES；仅保留Swiss原始SMILES供原始行号审计
473,2864,O=C(/C=C/C=C\c1ccc2c(c1)OCO2)N1CCCCC1,STP00472,成功（100条，已去重）,100,1.0,1.0,1.0,molecule_ID精确匹配,全量源表未提供可核验SMILES；仅保留Swiss原始SMILES供原始行号审计
1579,2866,CC(C)CNC(=O)/C=C/C=C/CC/C=C/c1ccc2c(c1)OCO2,STP01576,成功（100条，已去重）,100,1.0,1.0,1.0,molecule_ID精确匹配,全量源表未提供可核验SMILES；仅保留Swiss原始SMILES供原始行号审计
379,2877,CC(C)(O)CC(C)(C)O,STP00378,成功（100条，已去重）,100,1.0,1.0,1.0,molecule_ID精确匹配,全量源表未提供可核验SMILES；仅保留Swiss原始SMILES供原始行号审计
2320,2881,COc1ccc(-c2cc(=O)c3c(O)cc(O)cc3o2)cc1O,STP02315,成功（100条，已去重）,100,15.0,1.0,1.0,molecule_ID精确匹配,全量源表未提供可核验SMILES；仅保留Swiss原始SMILES供原始行号审计
1580,2887,C=C(C)[C@H](O)CC,STP01577,成功（100条，已去重）,100,1.0,1.0,1.0,molecule_ID精确匹配,全量源表未提供可核验SMILES；仅保留Swiss原始SMILES供原始行号审计
645,2891,COc1ccc2c(c1O)-c1c(O)c(OC)cc3c1[C@H](C2)[N+](C)(C)CC3,STP00644,成功（100条，已去重）,100,10.0,1.0,1.0,molecule_ID精确匹配,全量源表未提供可核验SMILES；仅保留Swiss原始SMILES供原始行号审计
2347,2894,COc1ccc2cc3[n+](cc2c1O)CCc1cc2c(cc1-3)OCO2,STP02342,成功（100条，已去重）,100,4.0,1.0,1.0,molecule_ID精确匹配,全量源表未提供可核验SMILES；仅保留Swiss原始SMILES供原始行号审计
1098,2896,COc1cc2c(cc1OC)C(=O)NCC2,STP01097,成功（100条，已去重）,100,1.0,1.0,1.0,molecule_ID精确匹配,全量源表未提供可核验SMILES；仅保留Swiss原始SMILES供原始行号审计
2582,2897,COc1cc2c(cc1OC)-c1cc3ccc4c(c3c[n+]1CC2)OCO4,STP02577,成功（100条，已去重）,100,3.0,1.0,1.0,molecule_ID精确匹配,全量源表未提供可核验SMILES；仅保留Swiss原始SMILES供原始行号审计
2238,2898,COc1cc2c(cc1O)CC[n+]1cc3c4c(ccc3cc1-2)OCO4,STP02233,成功（100条，已去重）,100,3.0,1.0,1.0,molecule_ID精确匹配,全量源表未提供可核验SMILES；仅保留Swiss原始SMILES供原始行号审计
2888,29,C=C1C/C=C/C(C)(C)C/C=C(\C)CCC1,STP02883,成功（100条，已去重）,100,8.0,1.0,1.0,molecule_ID精确匹配,全量源表未提供可核验SMILES；仅保留Swiss原始SMILES供原始行号审计
1484,2900,O=C1NCCc2cc3c(cc21)OCO3,STP01481,成功（100条，已去重）,100,4.0,1.0,1.0,molecule_ID精确匹配,全量源表未提供可核验SMILES；仅保留Swiss原始SMILES供原始行号审计
1347,2901,COc1cc2c(cc1O)C[C@@H]1c3cc(O)c(OC)cc3CC[N@+]1(C)C2,STP01345,成功（100条，已去重）,100,2.0,1.0,1.0,molecule_ID精确匹配,全量源表未提供可核验SMILES；仅保留Swiss原始SMILES供原始行号审计
2293,2902,CCOC(=O)/C=C/c1ccc(O)c(O)c1,STP02288,成功（100条，已去重）,100,8.0,1.0,1.0,molecule_ID精确匹配,全量源表未提供可核验SMILES；仅保留Swiss原始SMILES供原始行号审计
449,2903,COc1ccc2c(c1OC)CN1CCc3cc4c(cc3[C@H]1C2)OCO4,STP00448,成功（100条，已去重）,100,2.0,1.0,1.0,molecule_ID精确匹配,全量源表未提供可核验SMILES；仅保留Swiss原始SMILES供原始行号审计
2266,2904,COc1ccc2cc3n(c(=O)c2c1OC)CCc1cc2c(cc1-3)OCO2,STP02261,成功（100条，已去重）,100,2.0,1.0,1.0,molecule_ID精确匹配,全量源表未提供可核验SMILES；仅保留Swiss原始SMILES供原始行号审计
910,2905,C/C=C(/C)C(=O)OC(C)(C)[C@@H]1Cc2c(ccc3ccc(=O)oc23)O1,STP00909,成功（100条，已去重）,100,5.0,1.0,1.0,molecule_ID精确匹配,全量源表未提供可核验SMILES；仅保留Swiss原始SMILES供原始行号审计
2787,2909,COc1c(O)ccc(O)c1-c1cc(=O)c2c(O)c(OC)c(O)c(OC)c2o1,STP02782,成功（100条，已去重）,100,1.0,1.0,1.0,molecule_ID精确匹配,全量源表未提供可核验SMILES；仅保留Swiss原始SMILES供原始行号审计
2062,2910,O=C1C[C@H](c2ccc(O)cc2)Oc2cc(O)c(O)c(O)c21,STP02057,成功（100条，已去重）,100,1.0,1.0,1.0,molecule_ID精确匹配,全量源表未提供可核验SMILES；仅保留Swiss原始SMILES供原始行号审计
2087,2913,O=C1C[C@@H](c2ccccc2)Oc2cc(O)c(O)c(O)c21,STP02082,成功（100条，已去重）,100,1.0,1.0,1.0,molecule_ID精确匹配,全量源表未提供可核验SMILES；仅保留Swiss原始SMILES供原始行号审计
2083,2914,O=C1C[C@H](c2ccc(O)c(O)c2)Oc2cc(O)cc(O)c21,STP02078,成功（100条，已去重）,100,11.0,1.0,1.0,molecule_ID精确匹配,全量源表未提供可核验SMILES；仅保留Swiss原始SMILES供原始行号审计
1349,2915,COc1ccc(-c2cc(=O)c3c(O)c(OC)c(OC)cc3o2)cc1,STP01347,成功（100条，已去重）,100,2.0,1.0,1.0,molecule_ID精确匹配,全量源表未提供可核验SMILES；仅保留Swiss原始SMILES供原始行号审计
2111,2916,O=c1c(O)c(-c2c(O)cccc2O)oc2cc(O)cc(O)c12,STP02106,成功（100条，已去重）,100,1.0,1.0,1.0,molecule_ID精确匹配,全量源表未提供可核验SMILES；仅保留Swiss原始SMILES供原始行号审计
2108,2917,COc1cc(O)c2c(=O)cc(-c3c(O)cccc3O)oc2c1OC,STP02103,成功（100条，已去重）,100,2.0,1.0,1.0,molecule_ID精确匹配,全量源表未提供可核验SMILES；仅保留Swiss原始SMILES供原始行号审计
2350,2918,COc1c(O)ccc(O)c1-c1cc(=O)c2c(O)cc(O)c(OC)c2o1,STP02345,成功（100条，已去重）,100,1.0,1.0,1.0,molecule_ID精确匹配,全量源表未提供可核验SMILES；仅保留Swiss原始SMILES供原始行号审计
2469,2919,COc1ccc(-c2oc3cc(O)cc(O)c3c(=O)c2O)c(OC)c1O,STP02464,成功（100条，已去重）,100,1.0,1.0,1.0,molecule_ID精确匹配,全量源表未提供可核验SMILES；仅保留Swiss原始SMILES供原始行号审计
1703,2922,COc1ccc(CCO)cc1O,STP01699,成功（100条，已去重）,100,3.0,1.0,1.0,molecule_ID精确匹配,全量源表未提供可核验SMILES；仅保留Swiss原始SMILES供原始行号审计
3159,2924,CCO[C@H]1O[C@H](CO)[C@@H](O)[C@H](O)[C@@]1(O)c1ccc(OC)c(O)c1,STP03154,成功（100条，已去重）,100,1.0,1.0,1.0,molecule_ID精确匹配,全量源表未提供可核验SMILES；仅保留Swiss原始SMILES供原始行号审计
2058,2925,O=c1cc(-c2c(O)cccc2O)oc2cc(O)cc(O)c12,STP02053,成功（100条，已去重）,100,1.0,1.0,1.0,molecule_ID精确匹配,全量源表未提供可核验SMILES；仅保留Swiss原始SMILES供原始行号审计
2351,2927,COc1cccc(O)c1-c1cc(=O)c2c(O)c(OC)c(OC)c(OC)c2o1,STP02346,成功（100条，已去重）,100,1.0,1.0,1.0,molecule_ID精确匹配,全量源表未提供可核验SMILES；仅保留Swiss原始SMILES供原始行号审计
2116,2928,COc1c(O)cc2oc(-c3ccccc3)cc(=O)c2c1O,STP02111,成功（100条，已去重）,100,3.0,1.0,1.0,molecule_ID精确匹配,全量源表未提供可核验SMILES；仅保留Swiss原始SMILES供原始行号审计
2109,2932,COc1cc(O)c2c(=O)cc(-c3ccccc3O)oc2c1OC,STP02104,成功（100条，已去重）,100,2.0,1.0,1.0,molecule_ID精确匹配,全量源表未提供可核验SMILES；仅保留Swiss原始SMILES供原始行号审计
434,2933,COc1c(O)cc(O)c2c(=O)cc(-c3ccc(O)cc3)oc12,STP00433,成功（100条，已去重）,100,2.0,1.0,1.0,molecule_ID精确匹配,全量源表未提供可核验SMILES；仅保留Swiss原始SMILES供原始行号审计
1228,2934,COc1ccc(O)c(-c2cc(=O)c3c(O)c(OC)c(OC)c(OC)c3o2)c1,STP01226,成功（100条，已去重）,100,1.0,1.0,1.0,molecule_ID精确匹配,全量源表未提供可核验SMILES；仅保留Swiss原始SMILES供原始行号审计
410,2936,COc1c(OC)c(O)c2c(=O)cc(-c3ccccc3)oc2c1O,STP00409,成功（100条，已去重）,100,2.0,1.0,1.0,molecule_ID精确匹配,全量源表未提供可核验SMILES；仅保留Swiss原始SMILES供原始行号审计
2035,2937,COc1c(O)cc2c(c1O)C(=O)C[C@H](c1ccccc1)O2,STP02030,成功（100条，已去重）,100,2.0,1.0,1.0,molecule_ID精确匹配,全量源表未提供可核验SMILES；仅保留Swiss原始SMILES供原始行号审计
2043,2938,COc1ccc([C@]2(O)COc3cc(O)ccc3C2=O)c(O)c1,STP02038,成功（100条，已去重）,100,1.0,1.0,1.0,molecule_ID精确匹配,全量源表未提供可核验SMILES；仅保留Swiss原始SMILES供原始行号审计
399,2940,COc1ccc([C@@H]2COc3cc(O)ccc3C2=O)c(O)c1O,STP00398,成功（100条，已去重）,100,1.0,1.0,1.0,molecule_ID精确匹配,全量源表未提供可核验SMILES；仅保留Swiss原始SMILES供原始行号审计
606,2941,COc1ccc([C@@H]2COc3c(ccc(O)c3O)C2)c(O)c1O,STP00605,成功（100条，已去重）,100,1.0,1.0,1.0,molecule_ID精确匹配,全量源表未提供可核验SMILES；仅保留Swiss原始SMILES供原始行号审计
2761,2942,C[C@@H]1CC[C@H](C)[C@@H](C)C1,STP02756,成功（96条，已去重）,96,1.0,1.0,1.0,molecule_ID精确匹配,全量源表未提供可核验SMILES；仅保留Swiss原始SMILES供原始行号审计
805,2944,C=C[C@@]1(C)CC[C@H](O)C(C)(C)O1,STP00804,成功（100条，已去重）,100,3.0,1.0,1.0,molecule_ID精确匹配,全量源表未提供可核验SMILES；仅保留Swiss原始SMILES供原始行号审计
1485,2948,COc1cc(C(=O)c2ccccc2)c(O)cc1O,STP01482,成功（100条，已去重）,100,1.0,1.0,1.0,molecule_ID精确匹配,全量源表未提供可核验SMILES；仅保留Swiss原始SMILES供原始行号审计
2709,2949,COc1cc(C=O)c(O)cc1O,STP02704,成功（100条，已去重）,100,1.0,1.0,1.0,molecule_ID精确匹配,全量源表未提供可核验SMILES；仅保留Swiss原始SMILES供原始行号审计
4103,295,CC[C@H](CC[C@@H](C)[C@H]1CC[C@@H]2[C@H]3CC=C4C[C@H](O[C@@H]5O[C@H](CO)[C@@H](O)[C@H](O)[C@H]5O)CC[C@]4(C)[C@@H]3CC[C@@]21C)C(C)C,STP04096,成功（100条，已去重）,100,16.0,1.0,1.0,molecule_ID精确匹配,全量源表未提供可核验SMILES；仅保留Swiss原始SMILES供原始行号审计
460,2950,CO[C@@H]1c2ccc(O)cc2OC[C@H]1c1cccc(O)c1O,STP00459,成功（100条，已去重）,100,1.0,1.0,1.0,molecule_ID精确匹配,全量源表未提供可核验SMILES；仅保留Swiss原始SMILES供原始行号审计
3259,2954,Cc1ccc2cc(O)ccc2n1,STP03253,成功（100条，已去重）,100,1.0,1.0,1.0,molecule_ID精确匹配,全量源表未提供可核验SMILES；仅保留Swiss原始SMILES供原始行号审计
539,2955,COc1cc(O)ccc1C(=O)/C=C/c1ccc(O)cc1,STP00538,成功（100条，已去重）,100,2.0,1.0,1.0,molecule_ID精确匹配,全量源表未提供可核验SMILES；仅保留Swiss原始SMILES供原始行号审计
692,2959,COc1cc(-c2coc3cc(O)ccc3c2=O)ccc1O,STP00691,成功（100条，已去重）,100,4.0,1.0,1.0,molecule_ID精确匹配,全量源表未提供可核验SMILES；仅保留Swiss原始SMILES供原始行号审计
186,296,CC[C@H](CC[C@@H](C)[C@H]1CC[C@@H]2[C@H]3CC=C4C[C@H](O)CC[C@]4(C)[C@@H]3CC[C@@]21C)C(C)C,STP00185,成功（100条，已去重）,100,16.0,1.0,1.0,molecule_ID精确匹配,全量源表未提供可核验SMILES；仅保留Swiss原始SMILES供原始行号审计
164,2961,COc1ccc([C@@H]2COc3cc(O)ccc3C2)c(O)c1,STP00163,成功（100条，已去重）,100,1.0,1.0,1.0,molecule_ID精确匹配,全量源表未提供可核验SMILES；仅保留Swiss原始SMILES供原始行号审计
1357,2962,COc1ccc([C@H]2COc3cc(O)ccc3C2=O)c(OC)c1OC,STP01355,成功（100条，已去重）,100,2.0,1.0,1.0,molecule_ID精确匹配,全量源表未提供可核验SMILES；仅保留Swiss原始SMILES供原始行号审计
39,2963,COc1c(-c2ccc(C)c(C)c2)oc2cc(C)ccc2c1=O,STP00038,成功（100条，已去重）,100,1.0,1.0,1.0,molecule_ID精确匹配,全量源表未提供可核验SMILES；仅保留Swiss原始SMILES供原始行号审计
188,2964,C=C[C@@H](C1=CC(=O)C(OC)=CC1=O)c1ccccc1,STP00187,成功（100条，已去重）,100,1.0,1.0,1.0,molecule_ID精确匹配,全量源表未提供可核验SMILES；仅保留Swiss原始SMILES供原始行号审计
3960,2965,CC1(O)CCC(=O)CC1,STP03953,成功（100条，已去重）,100,1.0,1.0,1.0,molecule_ID精确匹配,全量源表未提供可核验SMILES；仅保留Swiss原始SMILES供原始行号审计
1974,2966,COc1cc2oc(=O)cc(-c3ccccc3)c2cc1O,STP01969,成功（100条，已去重）,100,1.0,1.0,1.0,molecule_ID精确匹配,全量源表未提供可核验SMILES；仅保留Swiss原始SMILES供原始行号审计
1701,2972,C=C(CCC=C(C)C)[C@@H]1CC=C(C)CC1,STP01697,成功（100条，已去重）,100,29.0,1.0,1.0,molecule_ID精确匹配,全量源表未提供可核验SMILES；仅保留Swiss原始SMILES供原始行号审计
2107,2975,O=C1C[C@H](c2ccc(O)c(O)c2)Oc2cc(O)ccc21,STP02102,成功（100条，已去重）,100,3.0,1.0,1.0,molecule_ID精确匹配,全量源表未提供可核验SMILES；仅保留Swiss原始SMILES供原始行号审计
1331,2977,COc1cc(O)c(C(=O)c2ccccc2)cc1O,STP01329,成功（100条，已去重）,100,1.0,1.0,1.0,molecule_ID精确匹配,全量源表未提供可核验SMILES；仅保留Swiss原始SMILES供原始行号审计
1351,2979,COC1=CC(=O)C([C@@H]2COc3cc(O)ccc3C2)=CC1=O,STP01349,成功（100条，已去重）,100,1.0,1.0,1.0,molecule_ID精确匹配,全量源表未提供可核验SMILES；仅保留Swiss原始SMILES供原始行号审计
1835,2980,C=C[C@](C)(O)CCCC(C)C,STP01830,成功（100条，已去重）,100,1.0,1.0,1.0,molecule_ID精确匹配,全量源表未提供可核验SMILES；仅保留Swiss原始SMILES供原始行号审计
193,2981,COc1ccc([C@@H]2COc3c(ccc(O)c3OC)C2)c(OC)c1O,STP00192,成功（100条，已去重）,100,1.0,1.0,1.0,molecule_ID精确匹配,全量源表未提供可核验SMILES；仅保留Swiss原始SMILES供原始行号审计
268,2984,COc1c(C/C=C/c2ccccc2)ccc(O)c1O,STP00267,成功（100条，已去重）,100,1.0,1.0,1.0,molecule_ID精确匹配,全量源表未提供可核验SMILES；仅保留Swiss原始SMILES供原始行号审计
178,2985,COc1ccc([C@H]2COc3c(ccc(O)c3OC)C2)c(O)c1OC,STP00177,成功（100条，已去重）,100,1.0,1.0,1.0,molecule_ID精确匹配,全量源表未提供可核验SMILES；仅保留Swiss原始SMILES供原始行号审计
677,2989,COc1ccc2c(c1)O[C@H]1c3ccc(OC)c(O)c3OC[C@@H]21,STP00676,成功（100条，已去重）,100,1.0,1.0,1.0,molecule_ID精确匹配,全量源表未提供可核验SMILES；仅保留Swiss原始SMILES供原始行号审计
1214,2990,COc1ccc2c(c1O)OC[C@H]1c3ccc(OC)c(OC)c3O[C@@H]21,STP01212,成功（100条，已去重）,100,1.0,1.0,1.0,molecule_ID精确匹配,全量源表未提供可核验SMILES；仅保留Swiss原始SMILES供原始行号审计
1382,2991,COc1ccc2c(c1O)O[C@H]1c3ccc(OC)c(O)c3OC[C@@H]21,STP01380,成功（100条，已去重）,100,1.0,1.0,1.0,molecule_ID精确匹配,全量源表未提供可核验SMILES；仅保留Swiss原始SMILES供原始行号审计
2372,2992,COC(=O)c1ccc(OC)c(OC)c1O,STP02367,成功（100条，已去重）,100,1.0,1.0,1.0,molecule_ID精确匹配,全量源表未提供可核验SMILES；仅保留Swiss原始SMILES供原始行号审计
861,2995,COc1cc(O)ccc1C/C=C/c1ccccc1,STP00860,成功（100条，已去重）,100,1.0,1.0,1.0,molecule_ID精确匹配,全量源表未提供可核验SMILES；仅保留Swiss原始SMILES供原始行号审计
1204,2996,COc1ccc2c(c1O)O[C@H]1c3ccc(OC)c(OC)c3OC[C@@H]21,STP01202,成功（100条，已去重）,100,1.0,1.0,1.0,molecule_ID精确匹配,全量源表未提供可核验SMILES；仅保留Swiss原始SMILES供原始行号审计
534,2999,COc1ccc([C@@H]2COc3cc(O)ccc3C2=O)c(OC)c1,STP00533,成功（100条，已去重）,100,1.0,1.0,1.0,molecule_ID精确匹配,全量源表未提供可核验SMILES；仅保留Swiss原始SMILES供原始行号审计
1677,30,C=C(C)[C@@H](O)c1ccccc1,STP01673,成功（100条，已去重）,100,1.0,1.0,1.0,molecule_ID精确匹配,全量源表未提供可核验SMILES；仅保留Swiss原始SMILES供原始行号审计
1957,3000,COc1cc2oc(=O)cc(-c3cccc(O)c3)c2cc1O,STP01952,成功（100条，已去重）,100,1.0,1.0,1.0,molecule_ID精确匹配,全量源表未提供可核验SMILES；仅保留Swiss原始SMILES供原始行号审计
580,3001,COc1ccc([C@H]2COc3cc(O)ccc3C2=O)c(O)c1,STP00579,成功（100条，已去重）,100,1.0,1.0,1.0,molecule_ID精确匹配,全量源表未提供可核验SMILES；仅保留Swiss原始SMILES供原始行号审计
1091,3002,COc1ccc([C@H]2COc3cc(O)ccc3C2=O)c(OC)c1O,STP01090,成功（100条，已去重）,100,1.0,1.0,1.0,molecule_ID精确匹配,全量源表未提供可核验SMILES；仅保留Swiss原始SMILES供原始行号审计
507,3003,COc1ccc(-c2coc3cc(O)ccc3c2=O)c(O)c1,STP00506,成功（100条，已去重）,100,1.0,1.0,1.0,molecule_ID精确匹配,全量源表未提供可核验SMILES；仅保留Swiss原始SMILES供原始行号审计
1379,3004,C=C1C=C2[C@@H](C(C)C)CC[C@H](C)[C@H]2CC1,STP01377,成功（100条，已去重）,100,3.0,1.0,1.0,molecule_ID精确匹配,全量源表未提供可核验SMILES；仅保留Swiss原始SMILES供原始行号审计
3112,3006,C=C[C@H]1[C@H](O)OC=C2C(=O)N3[C@H](C[C@H]21)OC[C@@H]3C(=O)O,STP03107,成功（100条，已去重）,100,1.0,1.0,1.0,molecule_ID精确匹配,全量源表未提供可核验SMILES；仅保留Swiss原始SMILES供原始行号审计
3984,3011,C=C[C@H]1[C@H](O[C@@H]2O[C@H](CO)[C@@H](O)[C@H](O)[C@H]2O)OC=C(C(=O)O)[C@H]1CC=O,STP03977,成功（100条，已去重）,100,1.0,1.0,1.0,molecule_ID精确匹配,全量源表未提供可核验SMILES；仅保留Swiss原始SMILES供原始行号审计
4128,3012,C=C[C@H]1[C@H](O)OC=C(C(=O)O)[C@H]1CC=O,STP04121,成功（100条，已去重）,100,1.0,1.0,1.0,molecule_ID精确匹配,全量源表未提供可核验SMILES；仅保留Swiss原始SMILES供原始行号审计
3541,3014,C=C[C@H]1[C@H](O)OC=C(C(=O)OC)[C@H]1CC(OCCCCC)OCCCCC,STP03535,成功（100条，已去重）,100,1.0,1.0,1.0,molecule_ID精确匹配,全量源表未提供可核验SMILES；仅保留Swiss原始SMILES供原始行号审计
3935,3018,C=C[C@H]1[C@H](O[C@@H]2O[C@H](CO)[C@@H](O)[C@H](O)[C@H]2O)OC=C(C(=O)OC)[C@H]1CC=O,STP03928,成功（100条，已去重）,100,2.0,1.0,1.0,molecule_ID精确匹配,全量源表未提供可核验SMILES；仅保留Swiss原始SMILES供原始行号审计
400,3027,C=C1CC/C=C(\C)CC[C@@H]2[C@H]1CC2(C)C,STP00399,成功（100条，已去重）,100,1.0,1.0,1.0,molecule_ID精确匹配,全量源表未提供可核验SMILES；仅保留Swiss原始SMILES供原始行号审计
1085,3028,CC(C)[C@@H]1CC[C@@]2(C)[C@@H](O)CC[C@H](C)[C@@H]2C1,STP01084,成功（100条，已去重）,100,5.0,1.0,1.0,molecule_ID精确匹配,全量源表未提供可核验SMILES；仅保留Swiss原始SMILES供原始行号审计
3838,3032,O=C(OCc1ccccc1)c1ccccc1,STP03832,成功（100条，已去重）,100,16.0,1.0,1.0,molecule_ID精确匹配,全量源表未提供可核验SMILES；仅保留Swiss原始SMILES供原始行号审计
2956,304,CCO[C@@H]1O[C@H](CO)[C@@H](O)[C@H](O)[C@H]1O,STP02951,成功（100条，已去重）,100,1.0,1.0,1.0,molecule_ID精确匹配,全量源表未提供可核验SMILES；仅保留Swiss原始SMILES供原始行号审计
2618,3043,CC(=O)CC/C=C(/C)CC/C=C(/C)CCC=C(C)C,STP02613,成功（100条，已去重）,100,3.0,1.0,1.0,molecule_ID精确匹配,全量源表未提供可核验SMILES；仅保留Swiss原始SMILES供原始行号审计
466,3044,COc1cc(-c2cc(=O)c3c(O)cc(O)cc3o2)ccc1O,STP00465,成功（100条，已去重）,100,14.0,1.0,1.0,molecule_ID精确匹配,全量源表未提供可核验SMILES；仅保留Swiss原始SMILES供原始行号审计
1921,305,CCCCCCCCCCCC(=O)O,STP01916,成功（100条，已去重）,100,66.0,1.0,1.0,molecule_ID精确匹配,全量源表未提供可核验SMILES；仅保留Swiss原始SMILES供原始行号审计
3256,3050,CCCCCCCCC(=O)O,STP03250,成功（100条，已去重）,100,39.0,1.0,1.0,molecule_ID精确匹配,全量源表未提供可核验SMILES；仅保留Swiss原始SMILES供原始行号审计
1073,3057,CC/C=C/CC1=C(C)CCC1=O,STP01072,成功（100条，已去重）,100,2.0,1.0,1.0,molecule_ID精确匹配,全量源表未提供可核验SMILES；仅保留Swiss原始SMILES供原始行号审计
3820,3065,O=C(/C=C\c1ccc(O)c(O)c1)O[C@H]1[C@H](O)C[C@](O)(C(=O)[O-])C[C@H]1O,STP03814,成功（100条，已去重）,100,1.0,1.0,1.0,molecule_ID精确匹配,全量源表未提供可核验SMILES；仅保留Swiss原始SMILES供原始行号审计
3633,3066,O=C(/C=C\c1ccc(O)c(O)c1)O[C@@H]1C[C@@](O)(C(=O)[O-])C[C@H](O)[C@H]1O,STP03627,成功（100条，已去重）,100,3.0,1.0,1.0,molecule_ID精确匹配,全量源表未提供可核验SMILES；仅保留Swiss原始SMILES供原始行号审计
4026,3069,O=C([O-])[C@]1(O)C[C@@H](O)[C@@H](O)[C@H](O)C1,STP04019,成功（100条，已去重）,100,9.0,1.0,1.0,molecule_ID精确匹配,全量源表未提供可核验SMILES；仅保留Swiss原始SMILES供原始行号审计
4135,3071,C=C[C@H]1[C@H](O[C@H]2O[C@@H](CO)[C@H](O)[C@@H](O)[C@@H]2O)OC=C(C(=O)[O-])[C@H]1CC(=O)[O-],STP04128,成功（100条，已去重）,100,1.0,1.0,1.0,molecule_ID精确匹配,全量源表未提供可核验SMILES；仅保留Swiss原始SMILES供原始行号审计
1665,3074,COC(=O)C1=CO[C@@H](O)[C@@H]2[C@H](C)[C@@H](O)C[C@H]12,STP01661,成功（100条，已去重）,100,1.0,1.0,1.0,molecule_ID精确匹配,全量源表未提供可核验SMILES；仅保留Swiss原始SMILES供原始行号审计
676,308,C=CC[C@]12C=C(OC)C(=O)C=C1O[C@@H](c1ccc3c(c1)OCO3)[C@@H]2C,STP00675,成功（100条，已去重）,100,1.0,1.0,1.0,molecule_ID精确匹配,全量源表未提供可核验SMILES；仅保留Swiss原始SMILES供原始行号审计
3509,3087,CC[C@H](C)[C@H](C)C(C)=O,STP03503,成功（100条，已去重）,100,1.0,1.0,1.0,molecule_ID精确匹配,全量源表未提供可核验SMILES；仅保留Swiss原始SMILES供原始行号审计
1126,3088,O=C(O)CCc1ccc(O)c(O)c1,STP01125,成功（100条，已去重）,100,3.0,1.0,1.0,molecule_ID精确匹配,全量源表未提供可核验SMILES；仅保留Swiss原始SMILES供原始行号审计
690,309,C=CCC1=C[C@]2(OC)C(=CC1=O)O[C@H](c1ccc3c(c1)OCO3)[C@H]2C,STP00689,成功（100条，已去重）,100,3.0,1.0,1.0,molecule_ID精确匹配,全量源表未提供可核验SMILES；仅保留Swiss原始SMILES供原始行号审计
158,3095,COc1cc(O)c2c(=O)cc(-c3cc(OC)c(OC)c(OC)c3)oc2c1,STP00157,成功（100条，已去重）,100,2.0,1.0,1.0,molecule_ID精确匹配,全量源表未提供可核验SMILES；仅保留Swiss原始SMILES供原始行号审计
408,3096,COc1cc(O)c2c(=O)cc(-c3ccc(OC)c(OC)c3)oc2c1,STP00407,成功（100条，已去重）,100,1.0,1.0,1.0,molecule_ID精确匹配,全量源表未提供可核验SMILES；仅保留Swiss原始SMILES供原始行号审计
844,3097,COc1ccc(-c2cc(=O)c3c(O)cc(OC)cc3o2)cc1,STP00843,成功（100条，已去重）,100,6.0,1.0,1.0,molecule_ID精确匹配,全量源表未提供可核验SMILES；仅保留Swiss原始SMILES供原始行号审计
2023,3098,COc1ccc(-c2oc3cc(OC)ccc3c(=O)c2O)c(OC)c1,STP02018,成功（100条，已去重）,100,1.0,1.0,1.0,molecule_ID精确匹配,全量源表未提供可核验SMILES；仅保留Swiss原始SMILES供原始行号审计
3069,31,C=C1C=C[C@H]([C@H](C)CCC=C(C)C)CC1,STP03064,成功（100条，已去重）,100,3.0,1.0,1.0,molecule_ID精确匹配,全量源表未提供可核验SMILES；仅保留Swiss原始SMILES供原始行号审计
2801,3104,CC(C)=CCC/C(C)=C/CC/C(C)=C\CO,STP02796,成功（100条，已去重）,100,4.0,1.0,1.0,molecule_ID精确匹配,全量源表未提供可核验SMILES；仅保留Swiss原始SMILES供原始行号审计
3590,3109,C=C[C@H]1[C@H](O)OC=C(C(=O)OC)[C@H]1C[C@@H]1OC[C@@H](O)[C@H]([C@H](O)[C@H](O)C=O)O1,STP03584,成功（100条，已去重）,100,1.0,1.0,1.0,molecule_ID精确匹配,全量源表未提供可核验SMILES；仅保留Swiss原始SMILES供原始行号审计
2933,3112,CC(C)=CCC/C(C)=C\CC/C(C)=C/CO,STP02928,成功（100条，已去重）,100,2.0,1.0,1.0,molecule_ID精确匹配,全量源表未提供可核验SMILES；仅保留Swiss原始SMILES供原始行号审计
2688,3117,C=C[C@@H]1[C@@H](OO)OC=C(C(=O)OC)[C@@H]1CC1O[C@H](C)[C@@H](C)O1,STP02683,成功（100条，已去重）,100,1.0,1.0,1.0,molecule_ID精确匹配,全量源表未提供可核验SMILES；仅保留Swiss原始SMILES供原始行号审计
417,312,COc1cccc([C@H]2O[C@H](c3ccc4c(c3)OCO4)[C@H](C)[C@@H]2C)c1OC,STP00416,成功（100条，已去重）,100,1.0,1.0,1.0,molecule_ID精确匹配,全量源表未提供可核验SMILES；仅保留Swiss原始SMILES供原始行号审计
3183,3120,C=C[C@H]1[C@H](O)OC=C(C(=O)OC)[C@H]1C[C@H]1O[C@@H](C)[C@@H](C)O1,STP03178,成功（100条，已去重）,100,1.0,1.0,1.0,molecule_ID精确匹配,全量源表未提供可核验SMILES；仅保留Swiss原始SMILES供原始行号审计
2972,3127,C=C1/C=C/[C@H](C(C)C)CC/C(C)=C/CC1,STP02967,成功（100条，已去重）,100,23.0,1.0,1.0,molecule_ID精确匹配,全量源表未提供可核验SMILES；仅保留Swiss原始SMILES供原始行号审计
1189,313,COc1ccc([C@H]2O[C@@H](c3ccc(OC)c(OC)c3)[C@H](C)[C@@H]2C)cc1OC,STP01187,成功（100条，已去重）,100,2.0,1.0,1.0,molecule_ID精确匹配,全量源表未提供可核验SMILES；仅保留Swiss原始SMILES供原始行号审计
3263,3136,O=C(O)C1=CO[C@H](O)[C@@H]2C(CO)=C[C@H](O)[C@@H]12,STP03257,成功（100条，已去重）,100,1.0,1.0,1.0,molecule_ID精确匹配,全量源表未提供可核验SMILES；仅保留Swiss原始SMILES供原始行号审计
512,3138,COc1cc(O)c2c(=O)c3c(O)c(O)ccc3oc2c1,STP00511,成功（100条，已去重）,100,1.0,1.0,1.0,molecule_ID精确匹配,全量源表未提供可核验SMILES；仅保留Swiss原始SMILES供原始行号审计
1273,314,COc1ccc([C@H]2O[C@H](c3ccc(OC)c(OC)c3)[C@@H](C)[C@@H]2C)cc1OC,STP01271,成功（100条，已去重）,100,2.0,1.0,1.0,molecule_ID精确匹配,全量源表未提供可核验SMILES；仅保留Swiss原始SMILES供原始行号审计
714,3152,COc1cc(O)c2c(=O)c3cc(O)ccc3oc2c1,STP00713,成功（100条，已去重）,100,2.0,1.0,1.0,molecule_ID精确匹配,全量源表未提供可核验SMILES；仅保留Swiss原始SMILES供原始行号审计
1492,3155,COc1ccc2ccc(=O)oc2c1C[C@H]1OC(C)(C)OC1(C)C,STP01489,成功（100条，已去重）,100,1.0,1.0,1.0,molecule_ID精确匹配,全量源表未提供可核验SMILES；仅保留Swiss原始SMILES供原始行号审计
3903,316,C=CC[C@]12C(=O)C=C(OC)[C@]3(OC)[C@H]1[C@]3(C)[C@@H]2c1ccc2c(c1)OCO2,STP03896,成功（100条，已去重）,100,1.0,1.0,1.0,molecule_ID精确匹配,全量源表未提供可核验SMILES；仅保留Swiss原始SMILES供原始行号审计
4129,3164,C=C[C@@H]1C2=C(C(=O)OCC2)[C@H](OC)O[C@H]1O,STP04122,成功（100条，已去重）,100,1.0,1.0,1.0,molecule_ID精确匹配,全量源表未提供可核验SMILES；仅保留Swiss原始SMILES供原始行号审计
1337,317,C=CCC1=C[C@]2(OC)[C@H](C)[C@@H](c3ccc4c(c3)OCO4)[C@H](C1=O)[C@H]2O,STP01335,成功（100条，已去重）,100,1.0,1.0,1.0,molecule_ID精确匹配,全量源表未提供可核验SMILES；仅保留Swiss原始SMILES供原始行号审计
2240,3170,O=c1c2cc(O)ccc2oc2cc(O)cc(O)c12,STP02235,成功（100条，已去重）,100,1.0,1.0,1.0,molecule_ID精确匹配,全量源表未提供可核验SMILES；仅保留Swiss原始SMILES供原始行号审计
3073,3177,COc1cc(C=O)cc(OC)c1O,STP03068,成功（100条，已去重）,100,15.0,1.0,1.0,molecule_ID精确匹配,全量源表未提供可核验SMILES；仅保留Swiss原始SMILES供原始行号审计
2478,3178,O=C(O)c1cc(O)ccc1O,STP02473,成功（100条，已去重）,100,8.0,1.0,1.0,molecule_ID精确匹配,全量源表未提供可核验SMILES；仅保留Swiss原始SMILES供原始行号审计
2230,3179,COc1cc(/C=C\C=O)ccc1O,STP02225,成功（100条，已去重）,100,3.0,1.0,1.0,molecule_ID精确匹配,全量源表未提供可核验SMILES；仅保留Swiss原始SMILES供原始行号审计
602,318,C=CCC1=C[C@]2(OC)[C@H](C)[C@@H](c3ccc(OC)c(OC)c3)[C@H](C1=O)[C@H]2O,STP00601,成功（100条，已去重）,100,1.0,1.0,1.0,molecule_ID精确匹配,全量源表未提供可核验SMILES；仅保留Swiss原始SMILES供原始行号审计
2697,3182,COc1cc([C@@H]2OC[C@H]3[C@@H]2CO[C@@H]3c2cc(OC)c(O)c(OC)c2)ccc1O,STP02692,成功（100条，已去重）,100,1.0,1.0,1.0,molecule_ID精确匹配,全量源表未提供可核验SMILES；仅保留Swiss原始SMILES供原始行号审计
631,3184,COc1c(C(C)C)cc(O)c2c1CC[C@H]1C3=C(CC[C@]21C)C(=O)OC3,STP00630,成功（100条，已去重）,100,1.0,1.0,1.0,molecule_ID精确匹配,全量源表未提供可核验SMILES；仅保留Swiss原始SMILES供原始行号审计
725,3185,COc1c(C(C)C)cc(O)c2c1CC[C@H]1[C@@]2(C)CCC(=O)[C@@]1(C)CO,STP00724,成功（100条，已去重）,100,1.0,1.0,1.0,molecule_ID精确匹配,全量源表未提供可核验SMILES；仅保留Swiss原始SMILES供原始行号审计
4194,3186,CC1=C(O)C(=O)C=C2C1=CC=C1[C@@]2(C)CC[C@@]2(C)[C@@H]3C[C@](C)(C(=O)O)CC[C@]3(C)CC[C@]12C,STP04187,成功（100条，已去重）,100,2.0,1.0,1.0,molecule_ID精确匹配,全量源表未提供可核验SMILES；仅保留Swiss原始SMILES供原始行号审计
4186,3187,CC(C)[C@]12O[C@H]1[C@@H]1OC13[C@]1(O[C@H]1C[C@H]1C4=C(CC[C@@]13C)C(=O)OC4)[C@@H]2O,STP04179,成功（100条，已去重）,100,1.0,1.0,1.0,molecule_ID精确匹配,全量源表未提供可核验SMILES；仅保留Swiss原始SMILES供原始行号审计
2585,319,C=CCC1=C[C@@]2(OC)C(=O)[C@@H](C1=O)[C@H](c1ccc(O)c(OC)c1)[C@H]2C,STP02580,成功（100条，已去重）,100,1.0,1.0,1.0,molecule_ID精确匹配,全量源表未提供可核验SMILES；仅保留Swiss原始SMILES供原始行号审计
284,3196,CC(C)c1ccc2c(c1O)CC[C@H]1C3=C(CC[C@]21C)C(=O)OC3,STP00283,成功（100条，已去重）,100,1.0,1.0,1.0,molecule_ID精确匹配,全量源表未提供可核验SMILES；仅保留Swiss原始SMILES供原始行号审计
2290,3199,Cc1cccc2oc(=O)c(-c3cc(O)c4ccc(=O)oc4c3O)c(O)c12,STP02285,成功（100条，已去重）,100,1.0,1.0,1.0,molecule_ID精确匹配,全量源表未提供可核验SMILES；仅保留Swiss原始SMILES供原始行号审计
4159,32,C=C1CCC[C@]2(C)CC[C@@H](C(C)(C)O)C[C@@H]12,STP04152,成功（100条，已去重）,100,30.0,1.0,1.0,molecule_ID精确匹配,全量源表未提供可核验SMILES；仅保留Swiss原始SMILES供原始行号审计
2904,320,C=CCC1=C[C@]2(OC)[C@H](C)[C@@H](c3ccc(OC)c(OC)c3)[C@H](C1=O)[C@H]2OC(C)=O,STP02899,成功（100条，已去重）,100,1.0,1.0,1.0,molecule_ID精确匹配,全量源表未提供可核验SMILES；仅保留Swiss原始SMILES供原始行号审计
1978,3200,N[C@H](Cc1c[nH]c2ccc(O)cc12)C(=O)O,STP01973,成功（100条，已去重）,100,1.0,1.0,1.0,molecule_ID精确匹配,全量源表未提供可核验SMILES；仅保留Swiss原始SMILES供原始行号审计
3563,3202,C[C@H]1[C@H]2[C@H](O[C@@H]3O[C@H](CO)[C@@H](O)[C@H](O)[C@H]3O)OC=C(C(=O)O)[C@H]2C[C@@H]1O,STP03557,成功（100条，已去重）,100,3.0,1.0,1.0,molecule_ID精确匹配,全量源表未提供可核验SMILES；仅保留Swiss原始SMILES供原始行号审计
302,321,COc1ccc([C@H]2Oc3c(OC)cc(C=O)cc3[C@@H]2C)cc1OC,STP00301,成功（100条，已去重）,100,1.0,1.0,1.0,molecule_ID精确匹配,全量源表未提供可核验SMILES；仅保留Swiss原始SMILES供原始行号审计
1296,3212,C=C(C)c1c(O)c2c(c(O)c1OC)[C@@]1(C)CC[C@H](C)C(=C)[C@@H]1CC2=O,STP01294,成功（100条，已去重）,100,1.0,1.0,1.0,molecule_ID精确匹配,全量源表未提供可核验SMILES；仅保留Swiss原始SMILES供原始行号审计
875,3213,COc1cc2c(c(OC)c1OC)-c1c(cc3c(c1OC)OCO3)C[C@H](C)[C@H](C)C2,STP00874,成功（100条，已去重）,100,2.0,1.0,1.0,molecule_ID精确匹配,全量源表未提供可核验SMILES；仅保留Swiss原始SMILES供原始行号审计
1030,3216,CC1=COC(=O)[C@@H]2[C@@H]1CC[C@@H]2C,STP01029,成功（100条，已去重）,100,1.0,1.0,1.0,molecule_ID精确匹配,全量源表未提供可核验SMILES；仅保留Swiss原始SMILES供原始行号审计
2112,3217,COc1cc(O)c(CC=C(C)C)c2c1C(=O)C[C@H](c1ccc(O)cc1)O2,STP02107,成功（100条，已去重）,100,2.0,1.0,1.0,molecule_ID精确匹配,全量源表未提供可核验SMILES；仅保留Swiss原始SMILES供原始行号审计
726,3218,CC(C)=CCc1c(-c2oc3cc(O)c(O)cc3c(=O)c2O)ccc(O)c1O,STP00725,成功（100条，已去重）,100,2.0,1.0,1.0,molecule_ID精确匹配,全量源表未提供可核验SMILES；仅保留Swiss原始SMILES供原始行号审计
24,322,C=CCC1=C[C@@]2(OC)C(=CC1=O)O[C@H](c1ccc(OC)c(OC)c1)[C@H]2C,STP00023,成功（100条，已去重）,100,2.0,1.0,1.0,molecule_ID精确匹配,全量源表未提供可核验SMILES；仅保留Swiss原始SMILES供原始行号审计
2315,3220,C=C1C(=O)O[C@@H]2/C=C(/C)[C@@H](O)C/C=C(\C)C[C@H](OC(=O)/C(C)=C/C)[C@@H]12,STP02310,成功（100条，已去重）,100,1.0,1.0,1.0,molecule_ID精确匹配,全量源表未提供可核验SMILES；仅保留Swiss原始SMILES供原始行号审计
2316,3228,O=c1c2cc(O)c(O)cc2oc2cc(O)cc(O)c12,STP02311,成功（100条，已去重）,100,4.0,1.0,1.0,molecule_ID精确匹配,全量源表未提供可核验SMILES；仅保留Swiss原始SMILES供原始行号审计
720,3229,CC1=C(C(=O)O)CC[C@@]2(C)c3ccc(C(C)C)c(O)c3CC[C@@H]12,STP00719,成功（100条，已去重）,100,1.0,1.0,1.0,molecule_ID精确匹配,全量源表未提供可核验SMILES；仅保留Swiss原始SMILES供原始行号审计
2491,323,C=CCC1=C[C@]2(OC)[C@H](C)[C@@H](c3ccc4c(c3)OCO4)O[C@]2(OC)CC1=O,STP02486,成功（100条，已去重）,100,1.0,1.0,1.0,molecule_ID精确匹配,全量源表未提供可核验SMILES；仅保留Swiss原始SMILES供原始行号审计
401,3231,COc1c(C(C)C)ccc2c1CC[C@H]1C(C)=C(C(=O)O)CC[C@@]21C,STP00400,成功（100条，已去重）,100,1.0,1.0,1.0,molecule_ID精确匹配,全量源表未提供可核验SMILES；仅保留Swiss原始SMILES供原始行号审计
617,324,C=CCC1=C[C@]2(OC)[C@H](C)[C@@H](c3ccc4c(c3)OCO4)O[C@]2(OC)CC1,STP00616,成功（100条，已去重）,100,1.0,1.0,1.0,molecule_ID精确匹配,全量源表未提供可核验SMILES；仅保留Swiss原始SMILES供原始行号审计
1258,3245,COc1cc2c(c(O)c1C(C)C)CC[C@@H]1C(C)=C(C(=O)O)CC[C@@]21C,STP01256,成功（100条，已去重）,100,1.0,1.0,1.0,molecule_ID精确匹配,全量源表未提供可核验SMILES；仅保留Swiss原始SMILES供原始行号审计
4070,3246,CC[C@@]12CC(C(=O)OC)=C3Nc4cc(O)ccc4[C@]34CCN(C[C@@H]3O[C@@H]31)[C@@H]24,STP04063,成功（100条，已去重）,100,1.0,1.0,1.0,molecule_ID精确匹配,全量源表未提供可核验SMILES；仅保留Swiss原始SMILES供原始行号审计
114,3247,COc1c(C(C)C)cc(O)c2c1CC[C@@H]1C(C)(C)C(=O)CC[C@@]21C,STP00113,成功（100条，已去重）,100,1.0,1.0,1.0,molecule_ID精确匹配,全量源表未提供可核验SMILES；仅保留Swiss原始SMILES供原始行号审计
130,3248,CC(C)c1ccc2c(c1O)CC[C@@H]1C(C)(C)C(=O)CC[C@@]21C,STP00129,成功（100条，已去重）,100,1.0,1.0,1.0,molecule_ID精确匹配,全量源表未提供可核验SMILES；仅保留Swiss原始SMILES供原始行号审计
42,325,C/C=C/c1cc(OC)c2c(c1)[C@@H](C)[C@H](c1ccc(OC)c(OC)c1)O2,STP00041,成功（100条，已去重）,100,2.0,1.0,1.0,molecule_ID精确匹配,全量源表未提供可核验SMILES；仅保留Swiss原始SMILES供原始行号审计
2686,326,C=CC[C@H]1C[C@]2(OC)[C@H](C)[C@@H](c3ccc(O)c(OC)c3)O[C@]2(OC)CC1=O,STP02681,成功（100条，已去重）,100,1.0,1.0,1.0,molecule_ID精确匹配,全量源表未提供可核验SMILES；仅保留Swiss原始SMILES供原始行号审计
2705,3263,C[C@H](CC(=O)O)Cc1ncccc1C(=O)O,STP02700,成功（100条，已去重）,100,1.0,1.0,1.0,molecule_ID精确匹配,全量源表未提供可核验SMILES；仅保留Swiss原始SMILES供原始行号审计
661,3272,COc1cc2c(cc1OC)[C@@]13C[C@H](OC)C=C[C@@]14O[C@H]4CN3CCC2,STP00660,成功（100条，已去重）,100,1.0,1.0,1.0,molecule_ID精确匹配,全量源表未提供可核验SMILES；仅保留Swiss原始SMILES供原始行号审计
2896,328,C=CC[C@]1([C@H](C)[C@@H](OC(C)=O)c2ccc(OC)c(OC)c2)C=C(OC)C(OC)=CC1=O,STP02891,成功（100条，已去重）,100,1.0,1.0,1.0,molecule_ID精确匹配,全量源表未提供可核验SMILES；仅保留Swiss原始SMILES供原始行号审计
305,3280,CC(C)c1ccc2c(c1O)C(=O)C[C@H]1C3=C(CC[C@]21C)C(=O)OC3,STP00304,成功（100条，已去重）,100,1.0,1.0,1.0,molecule_ID精确匹配,全量源表未提供可核验SMILES；仅保留Swiss原始SMILES供原始行号审计
608,3283,COc1cc([C@H]2c3cc(O)c(OC)cc3C[C@@H](CO)[C@@H]2CO)ccc1O,STP00607,成功（100条，已去重）,100,6.0,1.0,1.0,molecule_ID精确匹配,全量源表未提供可核验SMILES；仅保留Swiss原始SMILES供原始行号审计
2762,3287,COc1cc([C@H]2Oc3c(O)cc(CCCO)cc3[C@@H]2CO)ccc1O,STP02757,成功（100条，已去重）,100,1.0,1.0,1.0,molecule_ID精确匹配,全量源表未提供可核验SMILES；仅保留Swiss原始SMILES供原始行号审计
2601,3290,COc1ccc(C[C@H]2COC(=O)[C@@H]2Cc2ccc(OC)c(OC)c2)cc1OC,STP02596,成功（100条，已去重）,100,2.0,1.0,1.0,molecule_ID精确匹配,全量源表未提供可核验SMILES；仅保留Swiss原始SMILES供原始行号审计
1493,3291,CO[C@@H]1O[C@H]([C@H]2c3cc4c(cc3CCN2C)OCO4)c2ccc3c(c21)OCO3,STP01490,成功（100条，已去重）,100,1.0,1.0,1.0,molecule_ID精确匹配,全量源表未提供可核验SMILES；仅保留Swiss原始SMILES供原始行号审计
1315,3294,OC[C@@H](O)[C@H](O)CO,STP01313,成功（100条，已去重）,100,1.0,1.0,1.0,molecule_ID精确匹配,全量源表未提供可核验SMILES；仅保留Swiss原始SMILES供原始行号审计
2641,3295,COc1cc([C@H]2OC[C@@H]3[C@H]2CO[C@H]3c2ccc(OC)c(OC)c2)ccc1O,STP02636,成功（100条，已去重）,100,1.0,1.0,1.0,molecule_ID精确匹配,全量源表未提供可核验SMILES；仅保留Swiss原始SMILES供原始行号审计
2471,3298,COc1cc(O)cc([C@H]2OC[C@@H](C(=O)c3ccc(OC)c(OC)c3)[C@@H]2CO)c1,STP02466,成功（100条，已去重）,100,1.0,1.0,1.0,molecule_ID精确匹配,全量源表未提供可核验SMILES；仅保留Swiss原始SMILES供原始行号审计
2495,330,[H]Oc1c([H])c2c(=O)[n+](OC([H])([H])[H])c3c([H])c4c([H])c([H])c([H])c([H])c4c(c1OC([H])([H])[H])c23,STP02490,成功（100条，已去重）,100,1.0,1.0,1.0,molecule_ID精确匹配,全量源表未提供可核验SMILES；仅保留Swiss原始SMILES供原始行号审计
3678,3300,O=C(O)C1=CO[C@@H](O)[C@@H]2[C@@H](C(=O)O)CC[C@H]12,STP03672,成功（100条，已去重）,100,1.0,1.0,1.0,molecule_ID精确匹配,全量源表未提供可核验SMILES；仅保留Swiss原始SMILES供原始行号审计
1759,3302,CC(=O)O[C@H]1CC[C@@H]2C(C(=O)O)=CO[C@@H](O)[C@H]12,STP01755,成功（100条，已去重）,100,1.0,1.0,1.0,molecule_ID精确匹配,全量源表未提供可核验SMILES；仅保留Swiss原始SMILES供原始行号审计
2720,3306,COc1cc([C@H]2OC[C@H]3[C@@H]2CO[C@@H]3c2ccc(OC)c(OC)c2)ccc1O,STP02715,成功（100条，已去重）,100,1.0,1.0,1.0,molecule_ID精确匹配,全量源表未提供可核验SMILES；仅保留Swiss原始SMILES供原始行号审计
2820,3308,COc1ccc([C@@H]2OC[C@@H]3[C@H]2CO[C@@H]3c2ccc(OC)c(OC)c2)cc1O,STP02815,成功（100条，已去重）,100,1.0,1.0,1.0,molecule_ID精确匹配,全量源表未提供可核验SMILES；仅保留Swiss原始SMILES供原始行号审计
758,3310,CC[C@@H]1OC(=O)c2c(O)cccc21,STP00757,成功（100条，已去重）,100,1.0,1.0,1.0,molecule_ID精确匹配,全量源表未提供可核验SMILES；仅保留Swiss原始SMILES供原始行号审计
1140,3312,CC(=O)OC1CCC(=CC(=O)[O-])CC1,STP01139,成功（100条，已去重）,100,1.0,1.0,1.0,molecule_ID精确匹配,全量源表未提供可核验SMILES；仅保留Swiss原始SMILES供原始行号审计
2608,3319,O=C([O-])Cc1ccc(O)cc1,STP02603,成功（100条，已去重）,100,3.0,1.0,1.0,molecule_ID精确匹配,全量源表未提供可核验SMILES；仅保留Swiss原始SMILES供原始行号审计
2716,3320,COc1cc(C[C@@]2(O)CO[C@H](c3ccc(O)c(OC)c3)[C@H]2CO)ccc1O,STP02711,成功（100条，已去重）,100,3.0,1.0,1.0,molecule_ID精确匹配,全量源表未提供可核验SMILES；仅保留Swiss原始SMILES供原始行号审计
2518,3322,COc1ccc([C@H]2OC[C@H]3[C@@H]2CO[C@@H]3c2ccc(O)cc2OC)cc1OC,STP02513,成功（100条，已去重）,100,1.0,1.0,1.0,molecule_ID精确匹配,全量源表未提供可核验SMILES；仅保留Swiss原始SMILES供原始行号审计
3641,3328,O=C(O)C[C@]1(O)CC[C@@H](O)CC1,STP03635,成功（100条，已去重）,100,1.0,1.0,1.0,molecule_ID精确匹配,全量源表未提供可核验SMILES；仅保留Swiss原始SMILES供原始行号审计
659,333,COc1ccc([C@H]2O[C@@H](c3ccc(OC)c(OC)c3)[C@@H](C)[C@@H]2C)cc1OC,STP00658,成功（100条，已去重）,100,4.0,1.0,1.0,molecule_ID精确匹配,全量源表未提供可核验SMILES；仅保留Swiss原始SMILES供原始行号审计
1342,3330,COc1cc([C@@H]2OC[C@@H]3[C@H]2CO[C@H]3c2ccc(OC)c(OC)c2)ccc1O,STP01340,成功（100条，已去重）,100,1.0,1.0,1.0,molecule_ID精确匹配,全量源表未提供可核验SMILES；仅保留Swiss原始SMILES供原始行号审计
1127,334,C=CCC1=C[C@@](OC)(/C(C)=C/c2ccc(OC)c(OC)c2)C(OC)=CC1=O,STP01126,成功（100条，已去重）,100,1.0,1.0,1.0,molecule_ID精确匹配,全量源表未提供可核验SMILES；仅保留Swiss原始SMILES供原始行号审计
3047,3341,OC[C@H]1O[C@@H](OCCc2ccc(O)cc2)[C@H](O)[C@@H](O)[C@@H]1O,STP03042,成功（100条，已去重）,100,7.0,1.0,1.0,molecule_ID精确匹配,全量源表未提供可核验SMILES；仅保留Swiss原始SMILES供原始行号审计
870,335,CC(C)CNC(=O)/C=C/CC/C=C\c1ccc2c(c1)OCO2,STP00869,成功（100条，已去重）,100,1.0,1.0,1.0,molecule_ID精确匹配,全量源表未提供可核验SMILES；仅保留Swiss原始SMILES供原始行号审计
2158,3354,Oc1cc(O)c2c(c1)O[C@H](c1ccc(O)c(O)c1)[C@H](O)[C@@H]2O,STP02153,成功（100条，已去重）,100,1.0,1.0,1.0,molecule_ID精确匹配,全量源表未提供可核验SMILES；仅保留Swiss原始SMILES供原始行号审计
2776,3355,COc1cc(C[C@]2(O)CO[C@@H](c3ccc(O)c(OC)c3)[C@@H]2CO)ccc1O,STP02771,成功（100条，已去重）,100,2.0,1.0,1.0,molecule_ID精确匹配,全量源表未提供可核验SMILES；仅保留Swiss原始SMILES供原始行号审计
2920,3356,COc1ccc([C@H]2OC[C@@H]3[C@@H](c4ccc(O)c(OC)c4)OC[C@]23O)cc1O,STP02915,成功（100条，已去重）,100,1.0,1.0,1.0,molecule_ID精确匹配,全量源表未提供可核验SMILES；仅保留Swiss原始SMILES供原始行号审计
2458,3357,COc1cc([C@H]2OC[C@@H]3[C@H](c4ccc(O)c(OC)c4)OC[C@]23O)ccc1O,STP02453,成功（100条，已去重）,100,1.0,1.0,1.0,molecule_ID精确匹配,全量源表未提供可核验SMILES；仅保留Swiss原始SMILES供原始行号审计
1955,3358,O=c1c2cc(O)ccc2oc2cccc(O)c12,STP01950,成功（100条，已去重）,100,2.0,1.0,1.0,molecule_ID精确匹配,全量源表未提供可核验SMILES；仅保留Swiss原始SMILES供原始行号审计
4102,3359,C=CC(=C)CCCC(C)(C)O,STP04095,成功（100条，已去重）,100,1.0,1.0,1.0,molecule_ID精确匹配,全量源表未提供可核验SMILES；仅保留Swiss原始SMILES供原始行号审计
1197,336,C=CCC1=C[C@](OC)(/C(C)=C\c2ccc3c(c2)OCO3)C(OC)=CC1=O,STP01195,成功（100条，已去重）,100,1.0,1.0,1.0,molecule_ID精确匹配,全量源表未提供可核验SMILES；仅保留Swiss原始SMILES供原始行号审计
579,3360,CC(C)=CC1=C(O)c2ccccc2C(=O)C1=O,STP00578,成功（100条，已去重）,100,1.0,1.0,1.0,molecule_ID精确匹配,全量源表未提供可核验SMILES；仅保留Swiss原始SMILES供原始行号审计
140,3366,C=C1[C@H]2CCC[C@@]1(C)OC[C@@H]2C,STP00139,成功（100条，已去重）,100,1.0,1.0,1.0,molecule_ID精确匹配,全量源表未提供可核验SMILES；仅保留Swiss原始SMILES供原始行号审计
2139,337,COc1cc([C@H]2CC(=O)c3c(O)cc(O[C@@H]4O[C@H](CO)[C@@H](O)[C@H](O)[C@H]4O)cc3O2)ccc1O,STP02134,成功（100条，已去重）,100,1.0,1.0,1.0,molecule_ID精确匹配,全量源表未提供可核验SMILES；仅保留Swiss原始SMILES供原始行号审计
2065,3370,COc1cc2oc3ccc(O)cc3c(=O)c2c(OC)c1OC,STP02060,成功（100条，已去重）,100,1.0,1.0,1.0,molecule_ID精确匹配,全量源表未提供可核验SMILES；仅保留Swiss原始SMILES供原始行号审计
2340,338,COc1cc([C@H]2CC(=O)c3c(O)cc(O)cc3O2)ccc1O,STP02335,成功（100条，已去重）,100,2.0,1.0,1.0,molecule_ID精确匹配,全量源表未提供可核验SMILES；仅保留Swiss原始SMILES供原始行号审计
4065,3388,CCCC[C@H](O)[C@H]1CC[C@H]([C@H]2CC[C@H]([C@H](O)CCCC3=C[C@H](C)OC3=O)O2)O1,STP04058,成功（100条，已去重）,100,1.0,1.0,1.0,molecule_ID精确匹配,全量源表未提供可核验SMILES；仅保留Swiss原始SMILES供原始行号审计
640,3389,COc1cc(-c2coc3cc(O)cc(O)c3c2=O)ccc1O,STP00639,成功（100条，已去重）,100,1.0,1.0,1.0,molecule_ID精确匹配,全量源表未提供可核验SMILES；仅保留Swiss原始SMILES供原始行号审计
1497,339,COc1cc2oc(=O)ccc2cc1O,STP01494,成功（100条，已去重）,100,10.0,1.0,1.0,molecule_ID精确匹配,全量源表未提供可核验SMILES；仅保留Swiss原始SMILES供原始行号审计
525,3398,COc1ccc(-c2coc3cc(O)cc([O-])c3c2=O)cc1O,STP00524,成功（100条，已去重）,100,3.0,1.0,1.0,molecule_ID精确匹配,全量源表未提供可核验SMILES；仅保留Swiss原始SMILES供原始行号审计
327,34,C=C[C@]1(C)CC[C@@H](C(C)(C)O)C[C@H]1C(=C)C,STP00326,成功（100条，已去重）,100,24.0,1.0,1.0,molecule_ID精确匹配,全量源表未提供可核验SMILES；仅保留Swiss原始SMILES供原始行号审计
3228,340,O=C(O)CCc1ccccc1,STP03223,成功（100条，已去重）,100,8.0,1.0,1.0,molecule_ID精确匹配,全量源表未提供可核验SMILES；仅保留Swiss原始SMILES供原始行号审计
1830,3402,O=C1O[C@H]2C=C(O)C=C(O)[C@@H]2c2oc3cc(O)c(O)cc3c21,STP01825,成功（100条，已去重）,100,1.0,1.0,1.0,molecule_ID精确匹配,全量源表未提供可核验SMILES；仅保留Swiss原始SMILES供原始行号审计
108,3403,CN1CCC[C@H]1c1cccnc1,STP00107,成功（100条，已去重）,100,4.0,1.0,1.0,molecule_ID精确匹配,全量源表未提供可核验SMILES；仅保留Swiss原始SMILES供原始行号审计
3995,3404,COc1cc(O)c2c(c1)oc(=O)c1c3cc(O)c(O)cc3oc21,STP03988,成功（100条，已去重）,100,1.0,1.0,1.0,molecule_ID精确匹配,全量源表未提供可核验SMILES；仅保留Swiss原始SMILES供原始行号审计
1305,3407,COc1cc2c(cc1O)[C@@H](c1cc(OC)c(O)c(OC)c1)[C@H](CO)[C@@H](CO)C2,STP01303,成功（100条，已去重）,100,1.0,1.0,1.0,molecule_ID精确匹配,全量源表未提供可核验SMILES；仅保留Swiss原始SMILES供原始行号审计
1850,3408,COc1ccc2c(c1)[C@@]13CCN4CC5=CCO[C@H]6CC(=O)N2[C@H]1[C@H]6[C@H]5C[C@]43O,STP01845,成功（100条，已去重）,100,1.0,1.0,1.0,molecule_ID精确匹配,全量源表未提供可核验SMILES；仅保留Swiss原始SMILES供原始行号审计
3366,3411,COc1cc(CCCO)ccc1O[C@@H](C)C(=O)c1cc(OC)c(OC)c(OC)c1,STP03360,成功（100条，已去重）,100,1.0,1.0,1.0,molecule_ID精确匹配,全量源表未提供可核验SMILES；仅保留Swiss原始SMILES供原始行号审计
4104,3412,COc1cc2c(cc1OC)[C@]13CC[N@@+]4([O-])C/C(=C\CO)[C@H](C[C@@H]14)C1=CCC(=O)N2[C@@H]13,STP04097,成功（100条，已去重）,100,1.0,1.0,1.0,molecule_ID精确匹配,全量源表未提供可核验SMILES；仅保留Swiss原始SMILES供原始行号审计
1552,3413,O=C1CC[C@@H]2[C@@H]3N1c1ccccc1[C@@]31CC[N@+]3([O-])C/C(=C\CO)[C@@H]2C[C@@H]13,STP01549,成功（100条，已去重）,100,1.0,1.0,1.0,molecule_ID精确匹配,全量源表未提供可核验SMILES；仅保留Swiss原始SMILES供原始行号审计
3402,3414,O=C1CC=C2[C@H]3C[C@H]4[C@@]5(CC[N@@+]4([O-])C/C3=C\CO)c3ccccc3N1[C@@H]25,STP03396,成功（100条，已去重）,100,1.0,1.0,1.0,molecule_ID精确匹配,全量源表未提供可核验SMILES；仅保留Swiss原始SMILES供原始行号审计
1818,3425,O=C1C[C@@H]2OCC=C3CN4C[C@@H](O)[C@]56c7ccccc7N1[C@H]5[C@H]2[C@H]3C[C@H]46,STP01813,成功（100条，已去重）,100,1.0,1.0,1.0,molecule_ID精确匹配,全量源表未提供可核验SMILES；仅保留Swiss原始SMILES供原始行号审计
3686,3426,O=C1C[C@H](c2ccc(O)cc2)Oc2cc(O)cc(O[C@H]3O[C@H](CO)[C@H](O)[C@@H](O)[C@H]3O)c21,STP03680,成功（100条，已去重）,100,1.0,1.0,1.0,molecule_ID精确匹配,全量源表未提供可核验SMILES；仅保留Swiss原始SMILES供原始行号审计
1203,3427,O=C1c2ccccc2C(=O)c2cc(CO)ccc21,STP01201,成功（100条，已去重）,100,1.0,1.0,1.0,molecule_ID精确匹配,全量源表未提供可核验SMILES；仅保留Swiss原始SMILES供原始行号审计
1841,3429,COc1ccc2c(c1)[C@@]13CCN4CC5=CCO[C@H]6CC(=O)N2[C@H]1[C@H]6[C@H]5C[C@H]43,STP01836,成功（100条，已去重）,100,1.0,1.0,1.0,molecule_ID精确匹配,全量源表未提供可核验SMILES；仅保留Swiss原始SMILES供原始行号审计
4033,3432,CN1CCCC[C@]23C(=O)C[C@H]4C(=CCO[C@H]5CC(=O)N(c6c(O)cccc62)[C@H]3[C@H]54)C1,STP04026,成功（100条，已去重）,100,1.0,1.0,1.0,molecule_ID精确匹配,全量源表未提供可核验SMILES；仅保留Swiss原始SMILES供原始行号审计
1912,3435,COc1cc2c(cc1OC)[C@@]13CCN4CC5=CCO[C@H]6CC(=O)N2[C@H]1[C@H]6[C@H]5C[C@H]43,STP01907,成功（100条，已去重）,100,2.0,1.0,1.0,molecule_ID精确匹配,全量源表未提供可核验SMILES；仅保留Swiss原始SMILES供原始行号审计
1254,3436,O=C1CC=C2[C@@H]3C[C@H]4N(CC[C@]45c4ccccc4N1[C@H]25)C/C3=C/CO,STP01252,成功（100条，已去重）,100,1.0,1.0,1.0,molecule_ID精确匹配,全量源表未提供可核验SMILES；仅保留Swiss原始SMILES供原始行号审计
2852,3437,COc1cc2c(cc1OC)[C@]13CCN4C/C(=C/CO)[C@H](C[C@H]41)C1=CCC(=O)N2[C@@H]13,STP02847,成功（100条，已去重）,100,1.0,1.0,1.0,molecule_ID精确匹配,全量源表未提供可核验SMILES；仅保留Swiss原始SMILES供原始行号审计
3908,3438,O=C1C[C@@H]2OCC=C3CN4CC[C@]56c7cccc(O)c7N1[C@H]5[C@H]2[C@H]3C[C@H]46,STP03901,成功（100条，已去重）,100,1.0,1.0,1.0,molecule_ID精确匹配,全量源表未提供可核验SMILES；仅保留Swiss原始SMILES供原始行号审计
1678,3444,CC(C)=CCC[C@@H](C)Cc1ccccc1,STP01674,成功（100条，已去重）,100,1.0,1.0,1.0,molecule_ID精确匹配,全量源表未提供可核验SMILES；仅保留Swiss原始SMILES供原始行号审计
1746,346,O=C(O)CCC(=O)O,STP01742,成功（100条，已去重）,100,70.0,1.0,1.0,molecule_ID精确匹配,全量源表未提供可核验SMILES；仅保留Swiss原始SMILES供原始行号审计
932,347,COc1cc(/C=C/CO)cc(OC)c1O[C@@H]1O[C@H](CO)[C@@H](O)[C@H](O)[C@H]1O,STP00931,成功（100条，已去重）,100,18.0,1.0,1.0,molecule_ID精确匹配,全量源表未提供可核验SMILES；仅保留Swiss原始SMILES供原始行号审计
3097,3470,CCCCCC#CCC#CCC#CCCCC(=O)OC,STP03092,成功（100条，已去重）,100,2.0,1.0,1.0,molecule_ID精确匹配,全量源表未提供可核验SMILES；仅保留Swiss原始SMILES供原始行号审计
802,3478,C=C1CC[C@H]2C(C)(C)[C@H]3C[C@@]12CC[C@H]3C,STP00801,成功（100条，已去重）,100,1.0,1.0,1.0,molecule_ID精确匹配,全量源表未提供可核验SMILES；仅保留Swiss原始SMILES供原始行号审计
683,348,COc1cc(/C=C\CO)cc(OC)c1O,STP00682,成功（100条，已去重）,100,9.0,1.0,1.0,molecule_ID精确匹配,全量源表未提供可核验SMILES；仅保留Swiss原始SMILES供原始行号审计
3446,3484,c1ccc2c(c1)ccc1ccccc12,STP03440,成功（100条，已去重）,100,20.0,1.0,1.0,molecule_ID精确匹配,全量源表未提供可核验SMILES；仅保留Swiss原始SMILES供原始行号审计
2462,3486,C/C=C(/C)C(=O)O[C@H]1[C@H](OC(C)=O)c2c(ccc3ccc(=O)oc23)OC1(C)C,STP02457,成功（100条，已去重）,100,1.0,1.0,1.0,molecule_ID精确匹配,全量源表未提供可核验SMILES；仅保留Swiss原始SMILES供原始行号审计
2250,349,COc1cc([C@@H]2CC(=O)c3c(O)cc(O[C@@H]4O[C@H](CO)[C@@H](O)[C@H](O)[C@H]4O)cc3O2)ccc1O,STP02245,成功（100条，已去重）,100,1.0,1.0,1.0,molecule_ID精确匹配,全量源表未提供可核验SMILES；仅保留Swiss原始SMILES供原始行号审计
4192,3493,c1ccc2ccccc2c1,STP04185,成功（84条，已去重）,84,23.0,1.0,1.0,molecule_ID精确匹配,全量源表未提供可核验SMILES；仅保留Swiss原始SMILES供原始行号审计
719,35,C=C(C)[C@@H]1CC[C@@]2(C)CCCC(=C)[C@@H]2C1,STP00718,成功（100条，已去重）,100,41.0,1.0,1.0,molecule_ID精确匹配,全量源表未提供可核验SMILES；仅保留Swiss原始SMILES供原始行号审计
2133,3502,COc1cc(C[C@@]2(O)COc3cc(O)ccc3[C@@H]2O)ccc1O,STP02128,成功（100条，已去重）,100,3.0,1.0,1.0,molecule_ID精确匹配,全量源表未提供可核验SMILES；仅保留Swiss原始SMILES供原始行号审计
2463,3503,COC(=O)c1ccc(O)c(O)c1,STP02458,成功（100条，已去重）,100,6.0,1.0,1.0,molecule_ID精确匹配,全量源表未提供可核验SMILES；仅保留Swiss原始SMILES供原始行号审计
1569,3506,O=C(OCc1ccccc1)c1ccccc1O,STP01566,成功（100条，已去重）,100,3.0,1.0,1.0,molecule_ID精确匹配,全量源表未提供可核验SMILES；仅保留Swiss原始SMILES供原始行号审计
517,351,COc1cc(O)c2c(=O)c(O)c(-c3ccc(O)c(OC)c3)oc2c1,STP00516,成功（100条，已去重）,100,5.0,1.0,1.0,molecule_ID精确匹配,全量源表未提供可核验SMILES；仅保留Swiss原始SMILES供原始行号审计
77,3520,C/C=C\C(=O)C1=C(C)C=CCC1(C)C,STP00076,成功（100条，已去重）,100,17.0,1.0,1.0,molecule_ID精确匹配,全量源表未提供可核验SMILES；仅保留Swiss原始SMILES供原始行号审计
531,3521,C/C=C/c1ccc(OC)c(OC)c1,STP00530,成功（100条，已去重）,100,8.0,1.0,1.0,molecule_ID精确匹配,全量源表未提供可核验SMILES；仅保留Swiss原始SMILES供原始行号审计
202,3522,C=C1[C@H]2CC[C@@H]3[C@H]2[C@H](C(C)C)CC[C@]13C,STP00201,成功（100条，已去重）,100,1.0,1.0,1.0,molecule_ID精确匹配,全量源表未提供可核验SMILES；仅保留Swiss原始SMILES供原始行号审计
3814,3525,CC(=O)C(=O)c1ccccc1,STP03808,成功（100条，已去重）,100,4.0,1.0,1.0,molecule_ID精确匹配,全量源表未提供可核验SMILES；仅保留Swiss原始SMILES供原始行号审计
807,3527,CC(=O)CC(C)(C)O,STP00806,成功（100条，已去重）,100,7.0,1.0,1.0,molecule_ID精确匹配,全量源表未提供可核验SMILES；仅保留Swiss原始SMILES供原始行号审计
3267,3531,COc1cccc(/C=C\C=O)c1,STP03261,成功（100条，已去重）,100,1.0,1.0,1.0,molecule_ID精确匹配,全量源表未提供可核验SMILES；仅保留Swiss原始SMILES供原始行号审计
1344,3534,CC1=CC[C@H]2C(C)=CC[C@@H](C(C)C)[C@@H]2C1,STP01342,成功（100条，已去重）,100,23.0,1.0,1.0,molecule_ID精确匹配,全量源表未提供可核验SMILES；仅保留Swiss原始SMILES供原始行号审计
3410,3536,CC1=C[C@@H]2[C@@H](CC1)[C@@](C)(O)CC[C@H]2C(C)C,STP03404,成功（100条，已去重）,100,11.0,1.0,1.0,molecule_ID精确匹配,全量源表未提供可核验SMILES；仅保留Swiss原始SMILES供原始行号审计
1796,3537,CC1=C[C@H]2[C@H](C(C)C)CC[C@](C)(O)[C@H]2CC1,STP01792,成功（100条，已去重）,100,17.0,1.0,1.0,molecule_ID精确匹配,全量源表未提供可核验SMILES；仅保留Swiss原始SMILES供原始行号审计
2942,3538,CC1=C2CC[C@@H](C)[C@H]2[C@H]2[C@@H](CC1)C2(C)C,STP02937,成功（100条，已去重）,100,9.0,1.0,1.0,molecule_ID精确匹配,全量源表未提供可核验SMILES；仅保留Swiss原始SMILES供原始行号审计
310,3539,COC(=O)/C=C/C1=C(C)[C@@H](O)CCC1(C)C,STP00309,成功（100条，已去重）,100,1.0,1.0,1.0,molecule_ID精确匹配,全量源表未提供可核验SMILES；仅保留Swiss原始SMILES供原始行号审计
99,354,COc1cc(-c2oc3cc(O)cc(O)c3c(=O)c2O)ccc1O,STP00098,成功（100条，已去重）,100,40.0,1.0,1.0,molecule_ID精确匹配,全量源表未提供可核验SMILES；仅保留Swiss原始SMILES供原始行号审计
3358,3541,CC1=CC[C@@H]2[C@H]3[C@H]1[C@]2(C)CCCC3(C)C,STP03352,成功（100条，已去重）,100,7.0,1.0,1.0,molecule_ID精确匹配,全量源表未提供可核验SMILES；仅保留Swiss原始SMILES供原始行号审计
543,3542,CC(C)=CCc1c(O)cc(O)c2c(=O)c(O)c(-c3ccc(O)cc3)oc12,STP00542,成功（100条，已去重）,100,6.0,1.0,1.0,molecule_ID精确匹配,全量源表未提供可核验SMILES；仅保留Swiss原始SMILES供原始行号审计
2157,3543,Nc1c2ccccc2nc2ccccc12,STP02152,成功（100条，已去重）,100,1.0,1.0,1.0,molecule_ID精确匹配,全量源表未提供可核验SMILES；仅保留Swiss原始SMILES供原始行号审计
1362,3544,COc1cc(OC)c(OC)cc1CC(C)=O,STP01360,成功（100条，已去重）,100,1.0,1.0,1.0,molecule_ID精确匹配,全量源表未提供可核验SMILES；仅保留Swiss原始SMILES供原始行号审计
1081,3546,C[C@@H]1CCCC2=CC(=O)[C@@H]3[C@@H](C3(C)C)[C@]21C,STP01080,成功（100条，已去重）,100,8.0,1.0,1.0,molecule_ID精确匹配,全量源表未提供可核验SMILES；仅保留Swiss原始SMILES供原始行号审计
705,3547,C/C=C/c1cc(OC)c(OC)cc1OC,STP00704,成功（100条，已去重）,100,14.0,1.0,1.0,molecule_ID精确匹配,全量源表未提供可核验SMILES；仅保留Swiss原始SMILES供原始行号审计
532,3549,C=CCc1cc(OC)c(OC)cc1OC,STP00531,成功（100条，已去重）,100,3.0,1.0,1.0,molecule_ID精确匹配,全量源表未提供可核验SMILES；仅保留Swiss原始SMILES供原始行号审计
614,3551,COc1cc(OC)c([C@H]2[C@H](C)[C@@H](C)[C@@H]2c2cc(OC)c(OC)cc2OC)cc1OC,STP00613,成功（100条，已去重）,100,2.0,1.0,1.0,molecule_ID精确匹配,全量源表未提供可核验SMILES；仅保留Swiss原始SMILES供原始行号审计
318,3553,C=C1CC[C@H]2[C@@](C)(O)CC=C(C(C)C)[C@@]2(O)C1,STP00317,成功（100条，已去重）,100,1.0,1.0,1.0,molecule_ID精确匹配,全量源表未提供可核验SMILES；仅保留Swiss原始SMILES供原始行号审计
1352,3554,COc1cc(OC)c(OC)cc1C=O,STP01350,成功（100条，已去重）,100,3.0,1.0,1.0,molecule_ID精确匹配,全量源表未提供可核验SMILES；仅保留Swiss原始SMILES供原始行号审计
548,3555,C/C=C\c1ccc(OC)c(OC)c1,STP00547,成功（100条，已去重）,100,1.0,1.0,1.0,molecule_ID精确匹配,全量源表未提供可核验SMILES；仅保留Swiss原始SMILES供原始行号审计
604,3557,C=C(C)[C@@H]1CCC2=CCC[C@@H](C)[C@@]2(C)C1,STP00603,成功（100条，已去重）,100,4.0,1.0,1.0,molecule_ID精确匹配,全量源表未提供可核验SMILES；仅保留Swiss原始SMILES供原始行号审计
3414,3558,COc1cc(OC)c(C(=O)O)cc1OC,STP03408,成功（100条，已去重）,100,1.0,1.0,1.0,molecule_ID精确匹配,全量源表未提供可核验SMILES；仅保留Swiss原始SMILES供原始行号审计
1640,3560,C=C1CC[C@H]2[C@@](O)(C1)[C@H](C(C)C)CC[C@@]2(C)O,STP01637,成功（100条，已去重）,100,1.0,1.0,1.0,molecule_ID精确匹配,全量源表未提供可核验SMILES；仅保留Swiss原始SMILES供原始行号审计
2936,3564,Cc1ccc(/C=C/C(=O)O)c(C)c1,STP02931,成功（100条，已去重）,100,1.0,1.0,1.0,molecule_ID精确匹配,全量源表未提供可核验SMILES；仅保留Swiss原始SMILES供原始行号审计
1716,3566,C=C1CC[C@@H]2[C@@H]([C@H]1OO)[C@H](C(C)C)C=C[C@H]2C,STP01712,成功（100条，已去重）,100,1.0,1.0,1.0,molecule_ID精确匹配,全量源表未提供可核验SMILES；仅保留Swiss原始SMILES供原始行号审计
1207,3567,CCN(CC)Cc1ccccc1,STP01205,成功（100条，已去重）,100,1.0,1.0,1.0,molecule_ID精确匹配,全量源表未提供可核验SMILES；仅保留Swiss原始SMILES供原始行号审计
"1329,3231",3568,C[C@H]1CCC2=C1C[C@H]1CC[C@]2(C)C1(C)C,STP01327,成功（100条，已去重）,100,2.0,1.0,1.0,molecule_ID精确匹配,全量源表未提供可核验SMILES；仅保留Swiss原始SMILES供原始行号审计
1131,357,CC[C@H](CC[C@@H](C)[C@H]1CC[C@H]2[C@@H]3CC=C4C[C@@H](O[C@@H]5O[C@H](CO)[C@@H](O)[C@H](O)[C@H]5O)CC[C@]4(C)[C@H]3CC[C@]12C)C(C)C,STP01130,成功（100条，已去重）,100,186.0,1.0,1.0,molecule_ID精确匹配,全量源表未提供可核验SMILES；仅保留Swiss原始SMILES供原始行号审计
871,3570,C=C[C@]1(C)CC[C@@H](C(C)C)C(=O)[C@@H]1C(=C)C,STP00870,成功（100条，已去重）,100,1.0,1.0,1.0,molecule_ID精确匹配,全量源表未提供可核验SMILES；仅保留Swiss原始SMILES供原始行号审计
1770,3571,C=C1CC[C@@H]2[C@H]([C@H]3[C@H]1CC[C@@]3(C)O)C2(C)C,STP01766,成功（100条，已去重）,100,6.0,1.0,1.0,molecule_ID精确匹配,全量源表未提供可核验SMILES；仅保留Swiss原始SMILES供原始行号审计
3657,3572,CC(C)=CCC[C@@](C)(O)[C@@H]1CC=C(C)CC1,STP03651,成功（100条，已去重）,100,3.0,1.0,1.0,molecule_ID精确匹配,全量源表未提供可核验SMILES；仅保留Swiss原始SMILES供原始行号审计
1391,3573,CC1=CC[C@@H](C(C)C)c2cc(C)ccc21,STP01389,成功（100条，已去重）,100,12.0,1.0,1.0,molecule_ID精确匹配,全量源表未提供可核验SMILES；仅保留Swiss原始SMILES供原始行号审计
3070,3575,CC1=CCC[C@@]2(C)CC[C@@H]3C(C)(C)C[C@@]132,STP03065,成功（100条，已去重）,100,3.0,1.0,1.0,molecule_ID精确匹配,全量源表未提供可核验SMILES；仅保留Swiss原始SMILES供原始行号审计
2724,3576,COc1ccc([C@@H]2OC[C@@H]3[C@H]2CO[C@H]3c2ccc(OC)c(OC)c2)cc1OC,STP02719,成功（100条，已去重）,100,1.0,1.0,1.0,molecule_ID精确匹配,全量源表未提供可核验SMILES；仅保留Swiss原始SMILES供原始行号审计
2545,3577,COc1cc(OC)c([C@@H]2[C@H](C)[C@H](C)[C@@H]2c2cc(OC)c(OC)cc2OC)cc1OC,STP02540,成功（100条，已去重）,100,1.0,1.0,1.0,molecule_ID精确匹配,全量源表未提供可核验SMILES；仅保留Swiss原始SMILES供原始行号审计
82,358,CC[C@H](CC[C@@H](C)[C@H]1CC[C@H]2[C@@H]3CC=C4C[C@@H](O)CC[C@]4(C)[C@H]3CC[C@]12C)C(C)C,STP00081,成功（100条，已去重）,100,247.0,1.0,1.0,molecule_ID精确匹配,全量源表未提供可核验SMILES；仅保留Swiss原始SMILES供原始行号审计
3457,3582,CC(C)=CCO,STP03451,成功（100条，已去重）,100,4.0,1.0,1.0,molecule_ID精确匹配,全量源表未提供可核验SMILES；仅保留Swiss原始SMILES供原始行号审计
2847,3583,C=C(C)[C@@H]1CC=C(COC(C)=O)CC1,STP02842,成功（100条，已去重）,100,1.0,1.0,1.0,molecule_ID精确匹配,全量源表未提供可核验SMILES；仅保留Swiss原始SMILES供原始行号审计
849,3584,COc1c2c(cc3oc(=O)ccc13)OC(C)(C)C=C2,STP00848,成功（100条，已去重）,100,1.0,1.0,1.0,molecule_ID精确匹配,全量源表未提供可核验SMILES；仅保留Swiss原始SMILES供原始行号审计
440,3587,C=C(C)[C@@H]1CC[C@@H](C)[C@]12CC=C(C)CC2,STP00439,成功（100条，已去重）,100,6.0,1.0,1.0,molecule_ID精确匹配,全量源表未提供可核验SMILES；仅保留Swiss原始SMILES供原始行号审计
2587,3588,CC(C)=CCc1c2ccoc2c(O)c2oc(=O)ccc12,STP02582,成功（100条，已去重）,100,3.0,1.0,1.0,molecule_ID精确匹配,全量源表未提供可核验SMILES；仅保留Swiss原始SMILES供原始行号审计
1863,3589,CC(=O)O[C@H](C)CO,STP01858,成功（100条，已去重）,100,1.0,1.0,1.0,molecule_ID精确匹配,全量源表未提供可核验SMILES；仅保留Swiss原始SMILES供原始行号审计
2517,3591,C/C=C(/C)C(=O)OC(C)(C)[C@@H]1Oc2ccc3ccc(=O)oc3c2[C@@H]1OC(=O)/C(C)=C/C,STP02512,成功（100条，已去重）,100,1.0,1.0,1.0,molecule_ID精确匹配,全量源表未提供可核验SMILES；仅保留Swiss原始SMILES供原始行号审计
1202,3592,C=C(C)[C@@H](O)Cc1c(OC)ccc2ccc(=O)oc12,STP01200,成功（100条，已去重）,100,2.0,1.0,1.0,molecule_ID精确匹配,全量源表未提供可核验SMILES；仅保留Swiss原始SMILES供原始行号审计
2877,3593,CC(=O)c1cc2c(ccc3ccc(=O)oc32)o1,STP02872,成功（100条，已去重）,100,1.0,1.0,1.0,molecule_ID精确匹配,全量源表未提供可核验SMILES；仅保留Swiss原始SMILES供原始行号审计
909,3594,C=C(C)[C@@H]1CC=C(C)[C@H](OC(C)=O)C1,STP00908,成功（100条，已去重）,100,3.0,1.0,1.0,molecule_ID精确匹配,全量源表未提供可核验SMILES；仅保留Swiss原始SMILES供原始行号审计
835,3595,C=C(C)[C@@H]1C=C[C@](C)(O)CC1,STP00834,成功（100条，已去重）,100,5.0,1.0,1.0,molecule_ID精确匹配,全量源表未提供可核验SMILES；仅保留Swiss原始SMILES供原始行号审计
797,3597,CC(C)C(=O)OC(C)(C)[C@@H]1Cc2c(ccc3ccc(=O)oc23)O1,STP00796,成功（100条，已去重）,100,1.0,1.0,1.0,molecule_ID精确匹配,全量源表未提供可核验SMILES；仅保留Swiss原始SMILES供原始行号审计
3390,3598,COc1ccc2ccc(=O)oc2c1Cc1c2ccoc2c(O)c2oc(=O)ccc12,STP03384,成功（100条，已去重）,100,1.0,1.0,1.0,molecule_ID精确匹配,全量源表未提供可核验SMILES；仅保留Swiss原始SMILES供原始行号审计
486,36,C=C1CC/C=C(\C)CC[C@@H]2[C@@H]1CC2(C)C,STP00485,成功（100条，已去重）,100,34.0,1.0,1.0,molecule_ID精确匹配,全量源表未提供可核验SMILES；仅保留Swiss原始SMILES供原始行号审计
1982,360,COc1cc(/C=C/C(=O)O)ccc1O,STP01977,成功（100条，已去重）,100,55.0,1.0,1.0,molecule_ID精确匹配,全量源表未提供可核验SMILES；仅保留Swiss原始SMILES供原始行号审计
1502,3600,Cc1cc(=O)c2c(O)c3c(cc2o1)O[C@@H]([C@@](C)(O)CO)C3,STP01499,成功（100条，已去重）,100,1.0,1.0,1.0,molecule_ID精确匹配,全量源表未提供可核验SMILES；仅保留Swiss原始SMILES供原始行号审计
2353,3603,C=C(C)[C@H](O)Cc1c(O)cc2oc(CO)cc(=O)c2c1O,STP02348,成功（100条，已去重）,100,1.0,1.0,1.0,molecule_ID精确匹配,全量源表未提供可核验SMILES；仅保留Swiss原始SMILES供原始行号审计
3152,3604,C[C@]1(O)C=Cc2c(cc3oc(CO)cc(=O)c3c2O)OC1,STP03147,成功（100条，已去重）,100,1.0,1.0,1.0,molecule_ID精确匹配,全量源表未提供可核验SMILES；仅保留Swiss原始SMILES供原始行号审计
2142,3605,COc1ccc2ccc(=O)oc2c1/C=C(/C=O)c1c(OC)ccc2ccc(=O)oc12,STP02137,成功（100条，已去重）,100,1.0,1.0,1.0,molecule_ID精确匹配,全量源表未提供可核验SMILES；仅保留Swiss原始SMILES供原始行号审计
2486,3606,CC(=O)OC(C)(C)[C@H]1Oc2ccc3ccc(=O)oc3c2[C@H]1OC(=O)C(C)C,STP02481,成功（100条，已去重）,100,1.0,1.0,1.0,molecule_ID精确匹配,全量源表未提供可核验SMILES；仅保留Swiss原始SMILES供原始行号审计
2630,3607,C/C=C(/C)C(=O)OC(C)(C)[C@H]1Oc2ccc3ccc(=O)oc3c2[C@H]1OC(=O)C(C)C,STP02625,成功（100条，已去重）,100,1.0,1.0,1.0,molecule_ID精确匹配,全量源表未提供可核验SMILES；仅保留Swiss原始SMILES供原始行号审计
322,3608,CC(=O)OC(C)(C)[C@@H]1Cc2c(ccc3ccc(=O)oc23)O1,STP00321,成功（100条，已去重）,100,2.0,1.0,1.0,molecule_ID精确匹配,全量源表未提供可核验SMILES；仅保留Swiss原始SMILES供原始行号审计
860,3609,CC(C)(O)[C@@H]1Cc2c(ccc3ccc(=O)oc23)O1,STP00859,成功（100条，已去重）,100,3.0,1.0,1.0,molecule_ID精确匹配,全量源表未提供可核验SMILES；仅保留Swiss原始SMILES供原始行号审计
4005,3610,C[C@@]12C[C@@H](c3ccoc3)OC(=O)[C@@H]1CC[C@]1(C)[C@H]2[C@H]2C=C[C@]1(O)C(=O)O2,STP03998,成功（100条，已去重）,100,2.0,1.0,1.0,molecule_ID精确匹配,全量源表未提供可核验SMILES；仅保留Swiss原始SMILES供原始行号审计
2326,3612,C/C=C(/C)C(=O)O[C@@H]1c2c(ccc3ccc(=O)oc23)O[C@@H]1C(C)(C)OC(C)=O,STP02321,成功（100条，已去重）,100,2.0,1.0,1.0,molecule_ID精确匹配,全量源表未提供可核验SMILES；仅保留Swiss原始SMILES供原始行号审计
27,3614,CC(=O)O[C@@H]1C(C)(C)[C@@H]2CC[C@@]1(C)C2,STP00026,成功（100条，已去重）,100,2.0,1.0,1.0,molecule_ID精确匹配,全量源表未提供可核验SMILES；仅保留Swiss原始SMILES供原始行号审计
1823,3615,C[C@H](CCC/C=C/CO)O[C@@H]1CCCCO1,STP01818,成功（100条，已去重）,100,1.0,1.0,1.0,molecule_ID精确匹配,全量源表未提供可核验SMILES；仅保留Swiss原始SMILES供原始行号审计
2496,3616,CC(C)=CC[C@H](OC(=O)C(C)C)C1=CC(=O)c2c(O)ccc(O)c2C1=O,STP02491,成功（100条，已去重）,100,2.0,1.0,1.0,molecule_ID精确匹配,全量源表未提供可核验SMILES；仅保留Swiss原始SMILES供原始行号审计
2679,3617,C=C(C)[C@@H](O)COc1c2occc2cc2ccc(=O)oc12,STP02674,成功（100条，已去重）,100,1.0,1.0,1.0,molecule_ID精确匹配,全量源表未提供可核验SMILES；仅保留Swiss原始SMILES供原始行号审计
2419,3619,CC(C)=CC[C@@H](OC(=O)CC(C)C)C1=CC(=O)c2c(O)ccc(O)c2C1=O,STP02414,成功（100条，已去重）,100,2.0,1.0,1.0,molecule_ID精确匹配,全量源表未提供可核验SMILES；仅保留Swiss原始SMILES供原始行号审计
2548,3621,COc1ccc2ccc(=O)oc2c1C[C@H](O)C(C)(C)O,STP02543,成功（100条，已去重）,100,1.0,1.0,1.0,molecule_ID精确匹配,全量源表未提供可核验SMILES；仅保留Swiss原始SMILES供原始行号审计
338,3624,CC(C)CC(=O)OC(C)(C)[C@H]1Cc2c(ccc3ccc(=O)oc23)O1,STP00337,成功（100条，已去重）,100,1.0,1.0,1.0,molecule_ID精确匹配,全量源表未提供可核验SMILES；仅保留Swiss原始SMILES供原始行号审计
2622,3625,C=C(C)c1cc2c(ccc3ccc(=O)oc32)o1,STP02617,成功（100条，已去重）,100,1.0,1.0,1.0,molecule_ID精确匹配,全量源表未提供可核验SMILES；仅保留Swiss原始SMILES供原始行号审计
933,3631,COc1cc2oc(=O)ccc2cc1-c1c(OC)ccc2ccc(=O)oc12,STP00932,成功（100条，已去重）,100,1.0,1.0,1.0,molecule_ID精确匹配,全量源表未提供可核验SMILES；仅保留Swiss原始SMILES供原始行号审计
3154,3633,CNCCc1cc2c(c(OC)c1CC(=O)c1ccc(OC)c(OC)c1C(=O)O)OCO2,STP03149,成功（100条，已去重）,100,1.0,1.0,1.0,molecule_ID精确匹配,全量源表未提供可核验SMILES；仅保留Swiss原始SMILES供原始行号审计
12,3635,COc1ccc([C@H]2COc3c(ccc(O)c3OC)C2)cc1,STP00011,成功（100条，已去重）,100,1.0,1.0,1.0,molecule_ID精确匹配,全量源表未提供可核验SMILES；仅保留Swiss原始SMILES供原始行号审计
3306,3636,CC(C)=CCc1cc(/C=C/C(=O)c2ccc(O)c(CC=C(C)C)c2O)cc2c1OC(C)(C)C=C2,STP03300,成功（100条，已去重）,100,1.0,1.0,1.0,molecule_ID精确匹配,全量源表未提供可核验SMILES；仅保留Swiss原始SMILES供原始行号审计
4120,3637,O=c1c(-c2ccc(O[C@@H]3O[C@H](CO)[C@@H](O)[C@H](O)[C@H]3O)cc2)coc2cc(O)cc(O)c12,STP04113,成功（100条，已去重）,100,2.0,1.0,1.0,molecule_ID精确匹配,全量源表未提供可核验SMILES；仅保留Swiss原始SMILES供原始行号审计
1434,3648,Oc1ccc2c(c1)OC[C@@H]1c3cc4c(cc3O[C@H]21)OCO4,STP01431,成功（100条，已去重）,100,4.0,1.0,1.0,molecule_ID精确匹配,全量源表未提供可核验SMILES；仅保留Swiss原始SMILES供原始行号审计
3165,3649,O=c1cc(-c2ccc(O)cc2)oc2c([C@@H]3O[C@H](CO)[C@@H](O)[C@H](O)[C@H]3O)c(O)ccc12,STP03160,成功（100条，已去重）,100,1.0,1.0,1.0,molecule_ID精确匹配,全量源表未提供可核验SMILES；仅保留Swiss原始SMILES供原始行号审计
2948,365,COc1cc([C@H]2OC[C@H]3[C@@H]2CO[C@H]3c2cc(OC)c(O)c(OC)c2)cc(OC)c1O,STP02943,成功（100条，已去重）,100,8.0,1.0,1.0,molecule_ID精确匹配,全量源表未提供可核验SMILES；仅保留Swiss原始SMILES供原始行号审计
526,3656,CC(C)=CCc1c(O)cc(O)c2c(=O)c(-c3ccc(O)cc3)coc12,STP00525,成功（100条，已去重）,100,2.0,1.0,1.0,molecule_ID精确匹配,全量源表未提供可核验SMILES；仅保留Swiss原始SMILES供原始行号审计
2952,3660,O=c1cc(-c2ccc(O)cc2)oc2c([C@@H]3O[C@@H](CO)[C@@H](O)[C@H](O)[C@@H]3O)c(O)ccc12,STP02947,成功（100条，已去重）,100,1.0,1.0,1.0,molecule_ID精确匹配,全量源表未提供可核验SMILES；仅保留Swiss原始SMILES供原始行号审计
3551,3664,CC(C)=CCc1cc([C@@H]2CC(=O)c3ccc(O)c(CC=C(C)C)c3O2)cc(CC=C(C)C)c1O,STP03545,成功（100条，已去重）,100,1.0,1.0,1.0,molecule_ID精确匹配,全量源表未提供可核验SMILES；仅保留Swiss原始SMILES供原始行号审计
2853,3671,CC(C)=CCc1c2c(c(O)c3c(=O)c(O)c(-c4ccc(O)cc4)oc13)C=CC(C)(C)O2,STP02848,成功（100条，已去重）,100,1.0,1.0,1.0,molecule_ID精确匹配,全量源表未提供可核验SMILES；仅保留Swiss原始SMILES供原始行号审计
663,3673,CC(C)=CCc1c(O)cc2occ(-c3ccc(O)cc3)c(=O)c2c1O,STP00662,成功（100条，已去重）,100,2.0,1.0,1.0,molecule_ID精确匹配,全量源表未提供可核验SMILES；仅保留Swiss原始SMILES供原始行号审计
3505,3689,CC(/C=C/[C@]1(O)C(C)(C)CCC[C@@]1(C)O)=C\C(=O)O,STP03499,成功（100条，已去重）,100,1.0,1.0,1.0,molecule_ID精确匹配,全量源表未提供可核验SMILES；仅保留Swiss原始SMILES供原始行号审计
1848,3698,OCC1=C[C@@H](O)[C@]2(O)C=CO[C@@H](O[C@@H]3O[C@H](CO)[C@@H](O)[C@@H](O)[C@H]3O)[C@H]12,STP01843,成功（100条，已去重）,100,1.0,1.0,1.0,molecule_ID精确匹配,全量源表未提供可核验SMILES；仅保留Swiss原始SMILES供原始行号审计
3793,3699,OCC1=C[C@@H](O)[C@]2(O)C=CO[C@@H](O)[C@H]12,STP03787,成功（100条，已去重）,100,1.0,1.0,1.0,molecule_ID精确匹配,全量源表未提供可核验SMILES；仅保留Swiss原始SMILES供原始行号审计
1283,37,C=C[C@@]1(C)CCC(=C(C)C)C[C@@H]1C(=C)C,STP01281,成功（100条，已去重）,100,18.0,1.0,1.0,molecule_ID精确匹配,全量源表未提供可核验SMILES；仅保留Swiss原始SMILES供原始行号审计
3749,3708,CO[C@@H]1C[C@@H]2[C@@H](O)[C@H]3O[C@@]3(CO)[C@@H]2[C@@H](OC)O1,STP03743,成功（100条，已去重）,100,1.0,1.0,1.0,molecule_ID精确匹配,全量源表未提供可核验SMILES；仅保留Swiss原始SMILES供原始行号审计
1614,3709,CO[C@H]1C[C@H]2[C@@H]([C@@H](OC)O1)[C@@](C)(O)C[C@@H]2O,STP01611,成功（100条，已去重）,100,1.0,1.0,1.0,molecule_ID精确匹配,全量源表未提供可核验SMILES；仅保留Swiss原始SMILES供原始行号审计
529,371,COc1ccc2c(c1)OC[C@H]1c3ccc(OC)c(OC)c3O[C@@H]21,STP00528,成功（100条，已去重）,100,1.0,1.0,1.0,molecule_ID精确匹配,全量源表未提供可核验SMILES；仅保留Swiss原始SMILES供原始行号审计
3604,3710,C[C@]1(O)C[C@@H](O)[C@H]2CC(=O)OC[C@H]21,STP03598,成功（100条，已去重）,100,1.0,1.0,1.0,molecule_ID精确匹配,全量源表未提供可核验SMILES；仅保留Swiss原始SMILES供原始行号审计
3844,3717,CCCCCC/C=C\CCCCCCCC(=O)OC,STP03838,成功（100条，已去重）,100,8.0,1.0,1.0,molecule_ID精确匹配,全量源表未提供可核验SMILES；仅保留Swiss原始SMILES供原始行号审计
3966,3722,O=C1C[C@H]2[C@H](O)C=C(CO)[C@@]2(CO)O1,STP03959,成功（100条，已去重）,100,1.0,1.0,1.0,molecule_ID精确匹配,全量源表未提供可核验SMILES；仅保留Swiss原始SMILES供原始行号审计
3413,3735,OCC1=C[C@@H](O)[C@@H]2C=CO[C@@H](O[C@@H]3O[C@H](CO)[C@@H](O)[C@H](O)[C@H]3O)[C@H]12,STP03407,成功（100条，已去重）,100,8.0,1.0,1.0,molecule_ID精确匹配,全量源表未提供可核验SMILES；仅保留Swiss原始SMILES供原始行号审计
3513,3737,CC1=CO[C@@H](O)[C@H]2[C@@H]1CC[C@@H]2C,STP03507,成功（100条，已去重）,100,1.0,1.0,1.0,molecule_ID精确匹配,全量源表未提供可核验SMILES；仅保留Swiss原始SMILES供原始行号审计
2814,3740,COc1cc(C(C)=O)ccc1O[C@@H]1O[C@H](CO)[C@@H](O)[C@H](O)[C@H]1O,STP02809,成功（100条，已去重）,100,3.0,1.0,1.0,molecule_ID精确匹配,全量源表未提供可核验SMILES；仅保留Swiss原始SMILES供原始行号审计
1819,3745,CCCC/C=C\CCCCCCCCCc1cc(OC)cc(OC)c1O,STP01814,成功（100条，已去重）,100,2.0,1.0,1.0,molecule_ID精确匹配,全量源表未提供可核验SMILES；仅保留Swiss原始SMILES供原始行号审计
242,3749,COc1ccc(-c2coc3cc(OC)c(OC)c(O)c3c2=O)cc1OC,STP00241,成功（100条，已去重）,100,1.0,1.0,1.0,molecule_ID精确匹配,全量源表未提供可核验SMILES；仅保留Swiss原始SMILES供原始行号审计
646,3751,COc1ccc(-c2cc(=O)c3c(O)c(OC)c(OC)cc3o2)cc1OC,STP00645,成功（100条，已去重）,100,1.0,1.0,1.0,molecule_ID精确匹配,全量源表未提供可核验SMILES；仅保留Swiss原始SMILES供原始行号审计
2016,3753,COc1ccc([C@H]2Oc3cc(O)cc(O)c3C(=O)[C@H]2O)cc1,STP02011,成功（100条，已去重）,100,1.0,1.0,1.0,molecule_ID精确匹配,全量源表未提供可核验SMILES；仅保留Swiss原始SMILES供原始行号审计
248,3755,COc1cc(-c2coc3cc(O)c(OC)c(O)c3c2=O)cc(O)c1OC,STP00247,成功（100条，已去重）,100,2.0,1.0,1.0,molecule_ID精确匹配,全量源表未提供可核验SMILES；仅保留Swiss原始SMILES供原始行号审计
237,3756,COc1cc(-c2coc3cc4c(c(OC)c3c2=O)OCO4)cc(OC)c1OC,STP00236,成功（100条，已去重）,100,2.0,1.0,1.0,molecule_ID精确匹配,全量源表未提供可核验SMILES；仅保留Swiss原始SMILES供原始行号审计
262,3758,COc1ccc(-c2coc3cc(O)c(OC)c(O)c3c2=O)cc1O,STP00261,成功（100条，已去重）,100,4.0,1.0,1.0,molecule_ID精确匹配,全量源表未提供可核验SMILES；仅保留Swiss原始SMILES供原始行号审计
421,3759,COc1cc(-c2coc3cc(O)c(OC)c(O)c3c2=O)ccc1O,STP00420,成功（100条，已去重）,100,3.0,1.0,1.0,molecule_ID精确匹配,全量源表未提供可核验SMILES；仅保留Swiss原始SMILES供原始行号审计
2015,3763,COc1cc(/C=C\c2cc(O)cc(O)c2)ccc1O,STP02010,成功（100条，已去重）,100,1.0,1.0,1.0,molecule_ID精确匹配,全量源表未提供可核验SMILES；仅保留Swiss原始SMILES供原始行号审计
477,3764,COc1cc2occ(-c3ccc(O)cc3)c(=O)c2c(OC)c1O,STP00476,成功（100条，已去重）,100,1.0,1.0,1.0,molecule_ID精确匹配,全量源表未提供可核验SMILES；仅保留Swiss原始SMILES供原始行号审计
558,3765,COc1cc(-c2coc3cc4c(c(O)c3c2=O)OCO4)cc(OC)c1OC,STP00557,成功（100条，已去重）,100,1.0,1.0,1.0,molecule_ID精确匹配,全量源表未提供可核验SMILES；仅保留Swiss原始SMILES供原始行号审计
644,3767,COc1c(O)cc2occ(-c3ccc(O)cc3)c(=O)c2c1O,STP00643,成功（100条，已去重）,100,7.0,1.0,1.0,molecule_ID精确匹配,全量源表未提供可核验SMILES；仅保留Swiss原始SMILES供原始行号审计
2215,3769,O=c1c(-c2ccc(O)cc2)coc2cc3c(c(O)c12)OCO3,STP02210,成功（100条，已去重）,100,2.0,1.0,1.0,molecule_ID精确匹配,全量源表未提供可核验SMILES；仅保留Swiss原始SMILES供原始行号审计
1793,3774,CCCOC(=O)/C=C/c1ccccc1,STP01789,成功（100条，已去重）,100,1.0,1.0,1.0,molecule_ID精确匹配,全量源表未提供可核验SMILES；仅保留Swiss原始SMILES供原始行号审计
21,378,COc1ccc2c(c1)OC[C@@H](c1ccc(OC)c(OC)c1O)C2,STP00020,成功（100条，已去重）,100,1.0,1.0,1.0,molecule_ID精确匹配,全量源表未提供可核验SMILES；仅保留Swiss原始SMILES供原始行号审计
1637,3780,CC(C)[C@H]1CC[C@H]2C(=CC=C3C(C)(C)[C@@H](O)C=C[C@@]32C)C1,STP01634,成功（100条，已去重）,100,1.0,1.0,1.0,molecule_ID精确匹配,全量源表未提供可核验SMILES；仅保留Swiss原始SMILES供原始行号审计
37,3782,CC(C)c1ccc2c(c1)CC[C@@H]1[C@@]2(C)CCC[C@]1(C)C(=O)O,STP00036,成功（100条，已去重）,100,1.0,1.0,1.0,molecule_ID精确匹配,全量源表未提供可核验SMILES；仅保留Swiss原始SMILES供原始行号审计
718,3787,CC(C)/C=C\C1=C(O)c2ccccc2C(=O)C1=O,STP00717,成功（100条，已去重）,100,1.0,1.0,1.0,molecule_ID精确匹配,全量源表未提供可核验SMILES；仅保留Swiss原始SMILES供原始行号审计
4096,3788,O=C(/C=C/c1ccccc1)OCc1ccccc1,STP04089,成功（100条，已去重）,100,4.0,1.0,1.0,molecule_ID精确匹配,全量源表未提供可核验SMILES；仅保留Swiss原始SMILES供原始行号审计
4073,379,COc1ccc2c(c1OC)O[C@H]1c3ccc(O[C@@H]4O[C@H](CO)[C@@H](O)[C@H](O)[C@H]4O)cc3OC[C@@H]21,STP04066,成功（100条，已去重）,100,1.0,1.0,1.0,molecule_ID精确匹配,全量源表未提供可核验SMILES；仅保留Swiss原始SMILES供原始行号审计
1857,3790,C[C@@]12CCC[C@H]1[C@@H]1CC[C@H]3CCCC[C@]3(C)[C@H]1CC2,STP01852,成功（100条，已去重）,100,1.0,1.0,1.0,molecule_ID精确匹配,全量源表未提供可核验SMILES；仅保留Swiss原始SMILES供原始行号审计
3862,3791,CCCCC/C=C\C/C=C\CCCCCCCC(=O)OC(CO)CO,STP03856,成功（100条，已去重）,100,2.0,1.0,1.0,molecule_ID精确匹配,全量源表未提供可核验SMILES；仅保留Swiss原始SMILES供原始行号审计
3161,3795,O=C(O)[C@@H]1CCCCN1,STP03156,成功（100条，已去重）,100,3.0,1.0,1.0,molecule_ID精确匹配,全量源表未提供可核验SMILES；仅保留Swiss原始SMILES供原始行号审计
2239,3796,COc1c(OC)c(O)c2c(=O)cc(-c3ccc(O)cc3)oc2c1OC,STP02234,成功（100条，已去重）,100,1.0,1.0,1.0,molecule_ID精确匹配,全量源表未提供可核验SMILES；仅保留Swiss原始SMILES供原始行号审计
3902,3799,N[C@H](CCC(=O)N[C@H](Cc1cnc[nH]1)C(=O)O)C(=O)O,STP03895,成功（100条，已去重）,100,1.0,1.0,1.0,molecule_ID精确匹配,全量源表未提供可核验SMILES；仅保留Swiss原始SMILES供原始行号审计
3130,38,c1ccc2nc3ccccc3cc2c1,STP03125,成功（100条，已去重）,100,1.0,1.0,1.0,molecule_ID精确匹配,全量源表未提供可核验SMILES；仅保留Swiss原始SMILES供原始行号审计
265,380,COc1ccc2c(c1OC)O[C@H]1c3ccc(O)cc3OC[C@@H]21,STP00264,成功（100条，已去重）,100,2.0,1.0,1.0,molecule_ID精确匹配,全量源表未提供可核验SMILES；仅保留Swiss原始SMILES供原始行号审计
4142,3800,NC(=O)NCCC[C@H](N)C(=O)O,STP04135,成功（100条，已去重）,100,3.0,1.0,1.0,molecule_ID精确匹配,全量源表未提供可核验SMILES；仅保留Swiss原始SMILES供原始行号审计
3877,381,CCCCC[C@@H](O)/C=C/C=C/CCCCCCCC(=O)O,STP03871,成功（100条，已去重）,100,1.0,1.0,1.0,molecule_ID精确匹配,全量源表未提供可核验SMILES；仅保留Swiss原始SMILES供原始行号审计
2357,3840,COC(=O)c1c2c(c3ccccc3c1O)OC(C)(C)[C@H](O)[C@H]2OC,STP02352,成功（100条，已去重）,100,4.0,1.0,1.0,molecule_ID精确匹配,全量源表未提供可核验SMILES；仅保留Swiss原始SMILES供原始行号审计
1440,3847,C[C@@H]1C(=O)c2c(c3c(c4c(-c5ccccc5)cc(=O)oc24)OC(C)(C)C=C3)O[C@@H]1C,STP01437,成功（100条，已去重）,100,2.0,1.0,1.0,molecule_ID精确匹配,全量源表未提供可核验SMILES；仅保留Swiss原始SMILES供原始行号审计
961,3858,CC1(C)C=Cc2c(O)cc(-c3cc4ccc(O)cc4o3)cc2O1,STP00960,成功（100条，已去重）,100,3.0,1.0,1.0,molecule_ID精确匹配,全量源表未提供可核验SMILES；仅保留Swiss原始SMILES供原始行号审计
1019,3859,CC1(C)C=Cc2c(cc(O)cc2-c2cc3ccc(O)cc3o2)O1,STP01018,成功（100条，已去重）,100,1.0,1.0,1.0,molecule_ID精确匹配,全量源表未提供可核验SMILES；仅保留Swiss原始SMILES供原始行号审计
1894,3861,CC1=CCc2c(ccc3cc(-c4cc(O)cc(O)c4)oc23)OC1,STP01889,成功（100条，已去重）,100,1.0,1.0,1.0,molecule_ID精确匹配,全量源表未提供可核验SMILES；仅保留Swiss原始SMILES供原始行号审计
3336,3862,COc1cc2c(c3oc(-c4cc(O)cc(O)c4)cc13)CC=C(C)CO2,STP03330,成功（100条，已去重）,100,1.0,1.0,1.0,molecule_ID精确匹配,全量源表未提供可核验SMILES；仅保留Swiss原始SMILES供原始行号审计
3071,3868,CC[C@@H](CC[C@@H](C)[C@H]1CC[C@H]2[C@@H]3CC=C4C[C@@H](O[C@@H]5OC[C@@H](O)[C@H](O)[C@H]5O)CC[C@]4(C)[C@H]3CC[C@]12C)C(C)C,STP03066,成功（100条，已去重）,100,4.0,1.0,1.0,molecule_ID精确匹配,全量源表未提供可核验SMILES；仅保留Swiss原始SMILES供原始行号审计
3559,387,COC(=O)c1cc(OC)c2c(c1-c1c(C(=O)OC)cc(OC)c3c1OCO3)OCO2,STP03553,成功（100条，已去重）,100,2.0,1.0,1.0,molecule_ID精确匹配,全量源表未提供可核验SMILES；仅保留Swiss原始SMILES供原始行号审计
3376,3870,C[n+]1cccc(C(=O)[O-])c1,STP03370,成功（100条，已去重）,100,6.0,1.0,1.0,molecule_ID精确匹配,全量源表未提供可核验SMILES；仅保留Swiss原始SMILES供原始行号审计
4043,3871,C[C@]1(OC(=O)/C=C/c2ccc(O)c(O)c2)[C@H](O)[C@@H](O)C[C@]1(O)C(=O)O,STP04036,成功（100条，已去重）,100,1.0,1.0,1.0,molecule_ID精确匹配,全量源表未提供可核验SMILES；仅保留Swiss原始SMILES供原始行号审计
1489,3872,O=c1cc(O)c2ccccc2o1,STP01486,成功（100条，已去重）,100,3.0,1.0,1.0,molecule_ID精确匹配,全量源表未提供可核验SMILES；仅保留Swiss原始SMILES供原始行号审计
2673,3877,CC(C)CCO,STP02668,成功（100条，已去重）,100,12.0,1.0,1.0,molecule_ID精确匹配,全量源表未提供可核验SMILES；仅保留Swiss原始SMILES供原始行号审计
200,3879,CC(C)=CCc1c(O)cc(/C=C\c2ccc(O)cc2)cc1O,STP00199,成功（100条，已去重）,100,1.0,1.0,1.0,molecule_ID精确匹配,全量源表未提供可核验SMILES；仅保留Swiss原始SMILES供原始行号审计
1916,388,NCCCC(=O)O,STP01911,成功（100条，已去重）,100,14.0,1.0,1.0,molecule_ID精确匹配,全量源表未提供可核验SMILES；仅保留Swiss原始SMILES供原始行号审计
840,3883,C=C[C@H](/C=C/c1ccc(O)cc1)c1ccc(O)cc1,STP00839,成功（100条，已去重）,100,2.0,1.0,1.0,molecule_ID精确匹配,全量源表未提供可核验SMILES；仅保留Swiss原始SMILES供原始行号审计
713,3884,COc1ccc(-c2cc(=O)c3c(O)c(OC)c(O)c(OC)c3o2)cc1,STP00712,成功（100条，已去重）,100,1.0,1.0,1.0,molecule_ID精确匹配,全量源表未提供可核验SMILES；仅保留Swiss原始SMILES供原始行号审计
1407,389,COc1cc(/C=C\C(=O)O)ccc1O,STP01405,成功（100条，已去重）,100,9.0,1.0,1.0,molecule_ID精确匹配,全量源表未提供可核验SMILES；仅保留Swiss原始SMILES供原始行号审计
10,3896,COc1ccc2c(=O)c(-c3ccccc3)c(C)oc2c1,STP00009,成功（100条，已去重）,100,3.0,1.0,1.0,molecule_ID精确匹配,全量源表未提供可核验SMILES；仅保留Swiss原始SMILES供原始行号审计
2900,3897,c1ccc2c(c1)CCc1ccccc1-2,STP02895,成功（100条，已去重）,100,1.0,1.0,1.0,molecule_ID精确匹配,全量源表未提供可核验SMILES；仅保留Swiss原始SMILES供原始行号审计
1826,39,C=C(C)[C@@H]1CC[C@H](C)[C@H](O)C1,STP01821,成功（100条，已去重）,100,2.0,1.0,1.0,molecule_ID精确匹配,全量源表未提供可核验SMILES；仅保留Swiss原始SMILES供原始行号审计
632,390,O=c1c(-c2ccc(O)cc2)coc2cc(O)ccc12,STP00631,成功（100条，已去重）,100,12.0,1.0,1.0,molecule_ID精确匹配,全量源表未提供可核验SMILES；仅保留Swiss原始SMILES供原始行号审计
3799,391,COc1ccc(-c2coc3cc(O[C@@H]4O[C@H](CO)[C@@H](O)[C@H](O)[C@H]4O)ccc3c2=O)cc1,STP03793,成功（100条，已去重）,100,9.0,1.0,1.0,molecule_ID精确匹配,全量源表未提供可核验SMILES；仅保留Swiss原始SMILES供原始行号审计
2578,3917,N#CCCc1ccc(O)cc1,STP02573,成功（100条，已去重）,100,1.0,1.0,1.0,molecule_ID精确匹配,全量源表未提供可核验SMILES；仅保留Swiss原始SMILES供原始行号审计
70,392,COc1ccc(-c2coc3cc(O)ccc3c2=O)cc1,STP00069,成功（100条，已去重）,100,18.0,1.0,1.0,molecule_ID精确匹配,全量源表未提供可核验SMILES；仅保留Swiss原始SMILES供原始行号审计
1989,3921,COc1cc(/C=C\C(=O)O)cc(OC)c1O,STP01984,成功（100条，已去重）,100,1.0,1.0,1.0,molecule_ID精确匹配,全量源表未提供可核验SMILES；仅保留Swiss原始SMILES供原始行号审计
3013,3923,N#CSCc1ccccc1,STP03008,成功（100条，已去重）,100,1.0,1.0,1.0,molecule_ID精确匹配,全量源表未提供可核验SMILES；仅保留Swiss原始SMILES供原始行号审计
3580,3927,CC/C=C\C/C=C\C/C=C\CCCCCCCCCC(=O)O,STP03574,成功（100条，已去重）,100,2.0,1.0,1.0,molecule_ID精确匹配,全量源表未提供可核验SMILES；仅保留Swiss原始SMILES供原始行号审计
1780,3933,CCOc1cc(C(=O)O)ccc1OC,STP01776,成功（100条，已去重）,100,1.0,1.0,1.0,molecule_ID精确匹配,全量源表未提供可核验SMILES；仅保留Swiss原始SMILES供原始行号审计
2572,3934,COc1c(O)cc(C(=O)O)cc1O,STP02567,成功（100条，已去重）,100,1.0,1.0,1.0,molecule_ID精确匹配,全量源表未提供可核验SMILES；仅保留Swiss原始SMILES供原始行号审计
1420,3937,C=C1CC[C@H](C(C)C)[C@H]2C=C(C)CC[C@H]12,STP01417,成功（100条，已去重）,100,30.0,1.0,1.0,molecule_ID精确匹配,全量源表未提供可核验SMILES；仅保留Swiss原始SMILES供原始行号审计
1368,3938,C=C[C@@](C)(CC/C=C(\C)CCC=C(C)C)OC(C)=O,STP01366,成功（100条，已去重）,100,3.0,1.0,1.0,molecule_ID精确匹配,全量源表未提供可核验SMILES；仅保留Swiss原始SMILES供原始行号审计
796,3939,COc1cc2c3c(c1OC)-c1cc4c(cc1C[C@@H]3N(C)CC2)OCO4,STP00795,成功（100条，已去重）,100,2.0,1.0,1.0,molecule_ID精确匹配,全量源表未提供可核验SMILES；仅保留Swiss原始SMILES供原始行号审计
643,3943,Cn1c2c(c(=O)c3cc(O)ccc31)C[C@H](C(C)(C)O)O2,STP00642,成功（100条，已去重）,100,1.0,1.0,1.0,molecule_ID精确匹配,全量源表未提供可核验SMILES；仅保留Swiss原始SMILES供原始行号审计
699,3945,CCCc1ccc(O)c(-c2cc(CCC)ccc2O)c1,STP00698,成功（100条，已去重）,100,1.0,1.0,1.0,molecule_ID精确匹配,全量源表未提供可核验SMILES；仅保留Swiss原始SMILES供原始行号审计
3783,3949,CNc1ccccc1C(=O)OC,STP03777,成功（100条，已去重）,100,2.0,1.0,1.0,molecule_ID精确匹配,全量源表未提供可核验SMILES；仅保留Swiss原始SMILES供原始行号审计
947,3951,CC(C)CC(=O)OCc1ccccc1,STP00946,成功（100条，已去重）,100,4.0,1.0,1.0,molecule_ID精确匹配,全量源表未提供可核验SMILES；仅保留Swiss原始SMILES供原始行号审计
1617,3953,CC1=C[C@H](O)[C@@H]2C[C@H]1C2(C)C,STP01614,成功（100条，已去重）,100,1.0,1.0,1.0,molecule_ID精确匹配,全量源表未提供可核验SMILES；仅保留Swiss原始SMILES供原始行号审计
2738,3957,CCCCCCCCCCCCCCCc1cc(=O)c2ccccc2n1C,STP02733,成功（100条，已去重）,100,1.0,1.0,1.0,molecule_ID精确匹配,全量源表未提供可核验SMILES；仅保留Swiss原始SMILES供原始行号审计
2961,396,COc1cc([C@H]2OC[C@H]3[C@@H]2CO[C@@H]3c2cc(OC)c(O)c(OC)c2)cc(OC)c1O,STP02956,成功（100条，已去重）,100,15.0,1.0,1.0,molecule_ID精确匹配,全量源表未提供可核验SMILES；仅保留Swiss原始SMILES供原始行号审计
816,3960,COc1c2c(c(OC)c(C(C)=O)c1OC)C=CC(C)(C)O2,STP00815,成功（100条，已去重）,100,1.0,1.0,1.0,molecule_ID精确匹配,全量源表未提供可核验SMILES；仅保留Swiss原始SMILES供原始行号审计
4028,3961,CC(C)=CCC/C(C)=C/COC(=O)C(C)C,STP04021,成功（100条，已去重）,100,1.0,1.0,1.0,molecule_ID精确匹配,全量源表未提供可核验SMILES；仅保留Swiss原始SMILES供原始行号审计
4089,3962,CCC(=O)OC/C=C(\C)CCC=C(C)C,STP04082,成功（100条，已去重）,100,3.0,1.0,1.0,molecule_ID精确匹配,全量源表未提供可核验SMILES；仅保留Swiss原始SMILES供原始行号审计
2771,3964,CCCCCCCCCCCc1cc(=O)c2ccccc2n1C,STP02766,成功（100条，已去重）,100,1.0,1.0,1.0,molecule_ID精确匹配,全量源表未提供可核验SMILES；仅保留Swiss原始SMILES供原始行号审计
903,3969,N[C@@H](CO)C(=O)O,STP00902,成功（100条，已去重）,100,9.0,1.0,1.0,molecule_ID精确匹配,全量源表未提供可核验SMILES；仅保留Swiss原始SMILES供原始行号审计
299,397,O=C(O)/C=C\c1ccc(O)cc1,STP00298,成功（100条，已去重）,100,11.0,1.0,1.0,molecule_ID精确匹配,全量源表未提供可核验SMILES；仅保留Swiss原始SMILES供原始行号审计
982,3970,CNC[C@@H](O)c1ccc(O)cc1,STP00981,成功（100条，已去重）,100,2.0,1.0,1.0,molecule_ID精确匹配,全量源表未提供可核验SMILES；仅保留Swiss原始SMILES供原始行号审计
962,3971,C[C@@H](O)[C@H](N)C(=O)O,STP00961,成功（100条，已去重）,100,11.0,1.0,1.0,molecule_ID精确匹配,全量源表未提供可核验SMILES；仅保留Swiss原始SMILES供原始行号审计
799,3972,CCCCCCCCCc1cc(=O)c2ccccc2n1C,STP00798,成功（100条，已去重）,100,1.0,1.0,1.0,molecule_ID精确匹配,全量源表未提供可核验SMILES；仅保留Swiss原始SMILES供原始行号审计
3124,3973,Cn1c(=O)c2c(ncn2C)n(C)c1=O,STP03119,成功（100条，已去重）,100,6.0,1.0,1.0,molecule_ID精确匹配,全量源表未提供可核验SMILES；仅保留Swiss原始SMILES供原始行号审计
3213,3974,CCCC/C=C\CCCCCCCc1cc(=O)c2ccccc2n1C,STP03208,成功（100条，已去重）,100,1.0,1.0,1.0,molecule_ID精确匹配,全量源表未提供可核验SMILES；仅保留Swiss原始SMILES供原始行号审计
2556,3978,C=C[C@](C)(O)CC/C=C(\C)CC/C=C(\C)CCC=C(C)C,STP02551,成功（100条，已去重）,100,2.0,1.0,1.0,molecule_ID精确匹配,全量源表未提供可核验SMILES；仅保留Swiss原始SMILES供原始行号审计
1413,3982,C=C(C)[C@@H](O)[C@H](O)C(=C)C,STP01411,成功（100条，已去重）,100,1.0,1.0,1.0,molecule_ID精确匹配,全量源表未提供可核验SMILES；仅保留Swiss原始SMILES供原始行号审计
2218,3988,COc1ccc2c(c1)[nH]c1cc(O)c(C=O)cc12,STP02213,成功（100条，已去重）,100,1.0,1.0,1.0,molecule_ID精确匹配,全量源表未提供可核验SMILES；仅保留Swiss原始SMILES供原始行号审计
3444,3990,C=CCC[C@@H](O)C(C)C,STP03438,成功（100条，已去重）,100,1.0,1.0,1.0,molecule_ID精确匹配,全量源表未提供可核验SMILES；仅保留Swiss原始SMILES供原始行号审计
798,3995,C/C=C/c1ccc(OCC=C(C)C)cc1,STP00797,成功（100条，已去重）,100,1.0,1.0,1.0,molecule_ID精确匹配,全量源表未提供可核验SMILES；仅保留Swiss原始SMILES供原始行号审计
1946,4,Oc1cc(O)c2c(c1)O[C@H](c1ccc(O)c(O)c1)[C@H](O)[C@H]2c1c(O)cc(O)c2c1O[C@H](c1ccc(O)c(O)c1)[C@@H](O)C2,STP01941,成功（100条，已去重）,100,6.0,1.0,1.0,molecule_ID精确匹配,全量源表未提供可核验SMILES；仅保留Swiss原始SMILES供原始行号审计
1954,40,COc1cc2ccc(=O)oc2cc1O,STP01949,成功（100条，已去重）,100,56.0,1.0,1.0,molecule_ID精确匹配,全量源表未提供可核验SMILES；仅保留Swiss原始SMILES供原始行号审计
1875,4000,C=C(C)[C@@H]1C=C[C@](C)(OO)CC1,STP01870,成功（100条，已去重）,100,1.0,1.0,1.0,molecule_ID精确匹配,全量源表未提供可核验SMILES；仅保留Swiss原始SMILES供原始行号审计
3397,4001,CCCCC/C=C/C/C=C/CCCC(=O)O,STP03391,成功（100条，已去重）,100,1.0,1.0,1.0,molecule_ID精确匹配,全量源表未提供可核验SMILES；仅保留Swiss原始SMILES供原始行号审计
2297,4004,O=c1cc(-c2ccc(O)c(O)c2)oc2cc(O)c(O)c(O)c12,STP02292,成功（100条，已去重）,100,3.0,1.0,1.0,molecule_ID精确匹配,全量源表未提供可核验SMILES；仅保留Swiss原始SMILES供原始行号审计
1077,4008,CC(C)=C1C/C=C2/CC[C@@H](O)[C@](C)(CC1)C2,STP01076,成功（100条，已去重）,100,2.0,1.0,1.0,molecule_ID精确匹配,全量源表未提供可核验SMILES；仅保留Swiss原始SMILES供原始行号审计
2126,4010,COc1cc([C@@H]2Oc3cc(O)cc(O)c3C[C@H]2O)ccc1O,STP02121,成功（100条，已去重）,100,1.0,1.0,1.0,molecule_ID精确匹配,全量源表未提供可核验SMILES；仅保留Swiss原始SMILES供原始行号审计
2910,4011,COC(=O)c1ccccc1N,STP02905,成功（100条，已去重）,100,3.0,1.0,1.0,molecule_ID精确匹配,全量源表未提供可核验SMILES；仅保留Swiss原始SMILES供原始行号审计
480,4014,CNc1ccccc1C(=O)N(C)CCc1c[nH]c2ccccc12,STP00479,成功（100条，已去重）,100,1.0,1.0,1.0,molecule_ID精确匹配,全量源表未提供可核验SMILES；仅保留Swiss原始SMILES供原始行号审计
420,4018,CNc1ccccc1C(=O)N1CCc2c([nH]c3ccccc23)C1,STP00419,成功（100条，已去重）,100,1.0,1.0,1.0,molecule_ID精确匹配,全量源表未提供可核验SMILES；仅保留Swiss原始SMILES供原始行号审计
2383,4020,O=c1c(O)c(-c2ccc(O)c(O)c2)oc2c(O)c(O)cc(O)c12,STP02378,成功（100条，已去重）,100,3.0,1.0,1.0,molecule_ID精确匹配,全量源表未提供可核验SMILES；仅保留Swiss原始SMILES供原始行号审计
2300,4021,Cn1c2ccccc2c(=O)c2c(O)cc3c(c21)C[C@H]([C@](C)(Cl)CO)O3,STP02295,成功（100条，已去重）,100,1.0,1.0,1.0,molecule_ID精确匹配,全量源表未提供可核验SMILES；仅保留Swiss原始SMILES供原始行号审计
3202,4023,COc1ccc(C=O)cc1OC,STP03197,成功（100条，已去重）,100,1.0,1.0,1.0,molecule_ID精确匹配,全量源表未提供可核验SMILES；仅保留Swiss原始SMILES供原始行号审计
375,4024,COc1ccc2[nH]cc(CCN(C)C)c2c1,STP00374,成功（100条，已去重）,100,1.0,1.0,1.0,molecule_ID精确匹配,全量源表未提供可核验SMILES；仅保留Swiss原始SMILES供原始行号审计
607,4025,CNc1ccccc1C(=O)NCCc1c[nH]c2ccccc12,STP00606,成功（100条，已去重）,100,1.0,1.0,1.0,molecule_ID精确匹配,全量源表未提供可核验SMILES；仅保留Swiss原始SMILES供原始行号审计
3050,4026,CNC(=O)c1ccccc1N,STP03045,成功（100条，已去重）,100,1.0,1.0,1.0,molecule_ID精确匹配,全量源表未提供可核验SMILES；仅保留Swiss原始SMILES供原始行号审计
3893,4030,C=C(C)[C@@H]1CC[C@]2(C)CCC(=O)C(C)=C2C1,STP03887,成功（100条，已去重）,100,2.0,1.0,1.0,molecule_ID精确匹配,全量源表未提供可核验SMILES；仅保留Swiss原始SMILES供原始行号审计
2903,4031,C=C[C@]1(C)CCC(=C(C)C)C=C1C(C)C,STP02898,成功（100条，已去重）,100,7.0,1.0,1.0,molecule_ID精确匹配,全量源表未提供可核验SMILES；仅保留Swiss原始SMILES供原始行号审计
1768,4032,C=C(C)[C@@H]1CC[C@@]2(C)CC(=O)C=C(C)[C@]2(O)C1,STP01764,成功（100条，已去重）,100,1.0,1.0,1.0,molecule_ID精确匹配,全量源表未提供可核验SMILES；仅保留Swiss原始SMILES供原始行号审计
2580,4034,COc1c2occc2c(OC)c2c(=O)cc(CO)oc12,STP02575,成功（100条，已去重）,100,1.0,1.0,1.0,molecule_ID精确匹配,全量源表未提供可核验SMILES；仅保留Swiss原始SMILES供原始行号审计
1797,4038,C=C(C)[C@@H]1CC[C@@]2(C)CC(=O)C=C(C)[C@@]2(O)C1,STP01793,成功（100条，已去重）,100,1.0,1.0,1.0,molecule_ID精确匹配,全量源表未提供可核验SMILES；仅保留Swiss原始SMILES供原始行号审计
668,4039,Cc1ccc2c(c1)C(=O)CC[C@@H]2C,STP00667,成功（100条，已去重）,100,1.0,1.0,1.0,molecule_ID精确匹配,全量源表未提供可核验SMILES；仅保留Swiss原始SMILES供原始行号审计
945,4042,C=C(C)[C@@H]1CC[C@@]2(C)CC[C@H](O)[C@@]2(C(C)=O)C1,STP00944,成功（100条，已去重）,100,1.0,1.0,1.0,molecule_ID精确匹配,全量源表未提供可核验SMILES；仅保留Swiss原始SMILES供原始行号审计
3299,4044,C/C=C1/C[C@H]2CC[C@@H](C)[C@]1(C)C2(C)C,STP03293,成功（100条，已去重）,100,1.0,1.0,1.0,molecule_ID精确匹配,全量源表未提供可核验SMILES；仅保留Swiss原始SMILES供原始行号审计
3272,4045,C=C1C=C[C@@H]2[C@H]([C@@H]3[C@H](C)CC[C@@H]13)C2(C)C,STP03266,成功（100条，已去重）,100,2.0,1.0,1.0,molecule_ID精确匹配,全量源表未提供可核验SMILES；仅保留Swiss原始SMILES供原始行号审计
1057,4051,C=C(C)[C@@H]1CC[C@](C)(O)[C@H]2CC[C@](C)(O)[C@H]2C1,STP01056,成功（100条，已去重）,100,1.0,1.0,1.0,molecule_ID精确匹配,全量源表未提供可核验SMILES；仅保留Swiss原始SMILES供原始行号审计
1977,4053,COc1cc2c(-c3ccccc3)cc(=O)oc2cc1O,STP01972,成功（100条，已去重）,100,1.0,1.0,1.0,molecule_ID精确匹配,全量源表未提供可核验SMILES；仅保留Swiss原始SMILES供原始行号审计
1711,4054,C=C1CC[C@@H]2[C@H](CC2(C)C)C(=O)CC[C@@H]1O,STP01707,成功（100条，已去重）,100,1.0,1.0,1.0,molecule_ID精确匹配,全量源表未提供可核验SMILES；仅保留Swiss原始SMILES供原始行号审计
361,4057,C=C1C[C@@]2(C)CC[C@@H]1C[C@@H]1[C@H](C)CC[C@@H]12,STP00360,成功（100条，已去重）,100,1.0,1.0,1.0,molecule_ID精确匹配,全量源表未提供可核验SMILES；仅保留Swiss原始SMILES供原始行号审计
3173,4058,COc1c2occc2c(OC)c2c(=O)cc(C)oc12,STP03168,成功（100条，已去重）,100,1.0,1.0,1.0,molecule_ID精确匹配,全量源表未提供可核验SMILES；仅保留Swiss原始SMILES供原始行号审计
2803,4060,COc1c2ccoc2cc2oc(CO)cc(=O)c12,STP02798,成功（100条，已去重）,100,1.0,1.0,1.0,molecule_ID精确匹配,全量源表未提供可核验SMILES；仅保留Swiss原始SMILES供原始行号审计
1059,4061,CC1(C)C[C@@H]2C(=O)CC[C@@H]3O[C@]3(C)CC[C@H]21,STP01058,成功（100条，已去重）,100,1.0,1.0,1.0,molecule_ID精确匹配,全量源表未提供可核验SMILES；仅保留Swiss原始SMILES供原始行号审计
2868,4063,C[C@@H]1CC[C@H]2[C@@H]1[C@H]1[C@@H](CC[C@@H]2C)C1(C)C,STP02863,成功（100条，已去重）,100,1.0,1.0,1.0,molecule_ID精确匹配,全量源表未提供可核验SMILES；仅保留Swiss原始SMILES供原始行号审计
884,4066,C=C(C)[C@@H]1CC=C2C=CC[C@@H](C)[C@]2(C)C1,STP00883,成功（100条，已去重）,100,1.0,1.0,1.0,molecule_ID精确匹配,全量源表未提供可核验SMILES；仅保留Swiss原始SMILES供原始行号审计
3970,4069,CC1=C[C@]2(C)CC[C@H]1C[C@@H]1[C@H](C)CC[C@@H]12,STP03963,成功（100条，已去重）,100,1.0,1.0,1.0,molecule_ID精确匹配,全量源表未提供可核验SMILES；仅保留Swiss原始SMILES供原始行号审计
1074,4070,C=C1[C@@H]2CC[C@](C)([C@@H]1O)[C@H]1CC[C@H](C)[C@H]1C2,STP01073,成功（100条，已去重）,100,1.0,1.0,1.0,molecule_ID精确匹配,全量源表未提供可核验SMILES；仅保留Swiss原始SMILES供原始行号审计
509,4071,COc1cc2c(cc1OC)[C@@H]1Cc3ccc(OC)c(OC)c3CN1CC2,STP00508,成功（100条，已去重）,100,2.0,1.0,1.0,molecule_ID精确匹配,全量源表未提供可核验SMILES；仅保留Swiss原始SMILES供原始行号审计
1036,4077,CC(=O)O[C@@H]1C2=C(C)C(=O)C[C@]23[C@H](C)CC[C@H]1C3(C)C,STP01035,成功（100条，已去重）,100,1.0,1.0,1.0,molecule_ID精确匹配,全量源表未提供可核验SMILES；仅保留Swiss原始SMILES供原始行号审计
1626,4081,COc1ccc(-c2oc3cc(O)cc(OC)c3c(=O)c2O)cc1O,STP01623,成功（100条，已去重）,100,1.0,1.0,1.0,molecule_ID精确匹配,全量源表未提供可核验SMILES；仅保留Swiss原始SMILES供原始行号审计
464,4083,COc1ccc(-c2oc3cc(O)cc(O)c3c(=O)c2O)cc1O,STP00463,成功（100条，已去重）,100,2.0,1.0,1.0,molecule_ID精确匹配,全量源表未提供可核验SMILES；仅保留Swiss原始SMILES供原始行号审计
561,4084,COc1cc(-c2oc3cc(O)c(OC)c(O)c3c(=O)c2O)ccc1O,STP00560,成功（100条，已去重）,100,1.0,1.0,1.0,molecule_ID精确匹配,全量源表未提供可核验SMILES；仅保留Swiss原始SMILES供原始行号审计
772,4086,C=C1C(=O)O[C@@H]2C[C@]3(C)C(=C(C)CC[C@H]3O)C[C@H]12,STP00771,成功（100条，已去重）,100,1.0,1.0,1.0,molecule_ID精确匹配,全量源表未提供可核验SMILES；仅保留Swiss原始SMILES供原始行号审计
2114,4088,C=C1C(=O)O[C@@H]2CC(C)=C([C@@H](C)CCCO)[C@H](O)[C@H]12,STP02109,成功（100条，已去重）,100,1.0,1.0,1.0,molecule_ID精确匹配,全量源表未提供可核验SMILES；仅保留Swiss原始SMILES供原始行号审计
1829,4089,C=C1C(=O)O[C@H]2CC(C)=C(CCCOC(C)=O)[C@@H](C)[C@H](O)[C@@H]12,STP01824,成功（100条，已去重）,100,2.0,1.0,1.0,molecule_ID精确匹配,全量源表未提供可核验SMILES；仅保留Swiss原始SMILES供原始行号审计
1717,4090,C=C1C(=O)O[C@@H]2CC(C)=C(CCCOC(C)=O)[C@@H](C)[C@@H](O)[C@H]12,STP01713,成功（100条，已去重）,100,1.0,1.0,1.0,molecule_ID精确匹配,全量源表未提供可核验SMILES；仅保留Swiss原始SMILES供原始行号审计
2505,4092,C=C1C(=O)O[C@@H]2CC(C)=C([C@@H](C)CCCOC(C)=O)[C@H](OC(C)=O)[C@H]12,STP02500,成功（100条，已去重）,100,1.0,1.0,1.0,molecule_ID精确匹配,全量源表未提供可核验SMILES；仅保留Swiss原始SMILES供原始行号审计
2138,4093,COc1cc(O)cc2oc(-c3ccc(O)c(O)c3)c(O)c(=O)c12,STP02133,成功（100条，已去重）,100,2.0,1.0,1.0,molecule_ID精确匹配,全量源表未提供可核验SMILES；仅保留Swiss原始SMILES供原始行号审计
3964,4094,C=C1C(=O)O[C@H]2C[C@@H](C)[C@@H]3[C@H](OC(C)=O)C[C@H](O)[C@@]3(C)[C@@H](OC(C)=O)[C@H]12,STP03957,成功（100条，已去重）,100,2.0,1.0,1.0,molecule_ID精确匹配,全量源表未提供可核验SMILES；仅保留Swiss原始SMILES供原始行号审计
1301,4095,COc1ccc(/C=C\C(=O)O)cc1OC,STP01299,成功（100条，已去重）,100,5.0,1.0,1.0,molecule_ID精确匹配,全量源表未提供可核验SMILES；仅保留Swiss原始SMILES供原始行号审计
879,41,N[C@@H](Cc1ccccc1)C(=O)O,STP00878,成功（100条，已去重）,100,9.0,1.0,1.0,molecule_ID精确匹配,全量源表未提供可核验SMILES；仅保留Swiss原始SMILES供原始行号审计
1427,4100,Oc1ccccc1/C=N\Cc1ccccc1O,STP01424,成功（100条，已去重）,100,2.0,1.0,1.0,molecule_ID精确匹配,全量源表未提供可核验SMILES；仅保留Swiss原始SMILES供原始行号审计
2485,4101,O=C(O)/C=C/c1ccccc1O[C@@H]1O[C@H](CO)[C@@H](O)[C@H](O)[C@H]1O,STP02480,成功（100条，已去重）,100,1.0,1.0,1.0,molecule_ID精确匹配,全量源表未提供可核验SMILES；仅保留Swiss原始SMILES供原始行号审计
2120,4102,O=C(O)/C=C/c1ccccc1O,STP02115,成功（100条，已去重）,100,3.0,1.0,1.0,molecule_ID精确匹配,全量源表未提供可核验SMILES；仅保留Swiss原始SMILES供原始行号审计
1641,4106,O=C(O)CC(=O)OC1=C(c2ccc(O)c(O)c2)O[C@@H]2C=C(O)C=C(O)[C@H]2C1=O,STP01638,成功（100条，已去重）,100,1.0,1.0,1.0,molecule_ID精确匹配,全量源表未提供可核验SMILES；仅保留Swiss原始SMILES供原始行号审计
3843,4109,C=C1C(=O)O[C@@H]2C[C@@H](C)[C@@H]3[C@@H](OC(C)=O)C[C@H](O)[C@]3(C)[C@@H](OC(C)=O)[C@H]12,STP03837,成功（100条，已去重）,100,1.0,1.0,1.0,molecule_ID精确匹配,全量源表未提供可核验SMILES；仅保留Swiss原始SMILES供原始行号审计
3846,411,COc1ccc([C@H]2COc3cc(O[C@@H]4O[C@H](CO)[C@@H](O)[C@H](O)[C@H]4O)ccc3C2)c(OC)c1O,STP03840,成功（100条，已去重）,100,1.0,1.0,1.0,molecule_ID精确匹配,全量源表未提供可核验SMILES；仅保留Swiss原始SMILES供原始行号审计
2401,4112,COc1c(O)cc2oc(-c3ccc(O)c(O)c3)c(O)c(=O)c2c1O,STP02396,成功（100条，已去重）,100,4.0,1.0,1.0,molecule_ID精确匹配,全量源表未提供可核验SMILES；仅保留Swiss原始SMILES供原始行号审计
1781,4114,COc1ccc(/C=C/C(=O)c2c(O)cc(O)c(OC)c2O)cc1O,STP01777,成功（100条，已去重）,100,1.0,1.0,1.0,molecule_ID精确匹配,全量源表未提供可核验SMILES；仅保留Swiss原始SMILES供原始行号审计
443,412,COc1ccc([C@H]2COc3cc(O)ccc3C2)c(OC)c1O,STP00442,成功（100条，已去重）,100,2.0,1.0,1.0,molecule_ID精确匹配,全量源表未提供可核验SMILES；仅保留Swiss原始SMILES供原始行号审计
3681,4124,COc1cccc(O)c1C(=O)OCc1cc(O)ccc1O[C@@H]1O[C@H](CO)[C@@H](O)[C@H](O)[C@H]1O,STP03675,成功（100条，已去重）,100,1.0,1.0,1.0,molecule_ID精确匹配,全量源表未提供可核验SMILES；仅保留Swiss原始SMILES供原始行号审计
2242,4125,COc1cccc(O)c1C(=O)OCc1cc(O)ccc1O,STP02237,成功（100条，已去重）,100,1.0,1.0,1.0,molecule_ID精确匹配,全量源表未提供可核验SMILES；仅保留Swiss原始SMILES供原始行号审计
3582,4126,COc1cccc(OC)c1C(=O)OCc1cc(O)ccc1O[C@@H]1O[C@H](CO)[C@@H](O)[C@H](O)[C@H]1O,STP03576,成功（100条，已去重）,100,1.0,1.0,1.0,molecule_ID精确匹配,全量源表未提供可核验SMILES；仅保留Swiss原始SMILES供原始行号审计
1898,4127,CC(C)C1=CC[C@](C)(O)[C@@H]2CC[C@](C)(O)[C@@H]2C1,STP01893,成功（100条，已去重）,100,1.0,1.0,1.0,molecule_ID精确匹配,全量源表未提供可核验SMILES；仅保留Swiss原始SMILES供原始行号审计
2434,4129,COc1cccc(OC)c1C(=O)OCc1cc(O)ccc1O,STP02429,成功（100条，已去重）,100,1.0,1.0,1.0,molecule_ID精确匹配,全量源表未提供可核验SMILES；仅保留Swiss原始SMILES供原始行号审计
3789,4130,CN(C)C(=O)CCC(=O)N(C)C,STP03783,成功（100条，已去重）,100,1.0,1.0,1.0,molecule_ID精确匹配,全量源表未提供可核验SMILES；仅保留Swiss原始SMILES供原始行号审计
530,4135,COc1ccc2oc3c(OC)c(OC)c(OC)cc3c(=O)c2c1,STP00529,成功（100条，已去重）,100,1.0,1.0,1.0,molecule_ID精确匹配,全量源表未提供可核验SMILES；仅保留Swiss原始SMILES供原始行号审计
761,4136,O[C@@H]1[C@H]2c3cc4c(cc3CN3CCC(=C[C@H]1O)[C@@H]23)OCO4,STP00760,成功（100条，已去重）,100,1.0,1.0,1.0,molecule_ID精确匹配,全量源表未提供可核验SMILES；仅保留Swiss原始SMILES供原始行号审计
1948,414,O=C(O)/C=C\c1ccc(O)c(O)c1,STP01943,成功（100条，已去重）,100,13.0,1.0,1.0,molecule_ID精确匹配,全量源表未提供可核验SMILES；仅保留Swiss原始SMILES供原始行号审计
2895,416,COc1cc(C[C@H]2CO[C@H](c3ccc(O)c(OC)c3)[C@H]2CO)ccc1O,STP02890,成功（100条，已去重）,100,6.0,1.0,1.0,molecule_ID精确匹配,全量源表未提供可核验SMILES；仅保留Swiss原始SMILES供原始行号审计
3989,4165,COc1ccc(O)c(OC)c1C(=O)OCc1cc(O)ccc1O[C@@H]1O[C@H](CO)[C@@H](O)[C@H](O)[C@H]1O,STP03982,成功（100条，已去重）,100,1.0,1.0,1.0,molecule_ID精确匹配,全量源表未提供可核验SMILES；仅保留Swiss原始SMILES供原始行号审计
2693,4167,COc1cccc(OC)c1C(=O)O,STP02688,成功（100条，已去重）,100,2.0,1.0,1.0,molecule_ID精确匹配,全量源表未提供可核验SMILES；仅保留Swiss原始SMILES供原始行号审计
475,417,COc1ccc(-c2coc3cc(O)ccc3c2=O)cc1O,STP00474,成功（100条，已去重）,100,7.0,1.0,1.0,molecule_ID精确匹配,全量源表未提供可核验SMILES；仅保留Swiss原始SMILES供原始行号审计
1602,4171,COc1cc(C[C@H]2COC[C@@H]2[C@@H](O)c2ccc(O)c(OC)c2)ccc1O,STP01599,成功（100条，已去重）,100,1.0,1.0,1.0,molecule_ID精确匹配,全量源表未提供可核验SMILES；仅保留Swiss原始SMILES供原始行号审计
815,4174,C=C1CC[C@H]2C(=C)CC[C@@H](C(C)C)[C@@H]2C1,STP00814,成功（100条，已去重）,100,3.0,1.0,1.0,molecule_ID精确匹配,全量源表未提供可核验SMILES；仅保留Swiss原始SMILES供原始行号审计
3894,4179,CCCCC[C@@H]1O[C@@H]1C/C=C\CCCCCCCC(=O)O,STP03888,成功（100条，已去重）,100,1.0,1.0,1.0,molecule_ID精确匹配,全量源表未提供可核验SMILES；仅保留Swiss原始SMILES供原始行号审计
3917,418,COc1ccc(-c2coc3cc(O[C@@H]4O[C@H](CO)[C@@H](O)[C@H](O)[C@H]4O)ccc3c2=O)cc1O,STP03910,成功（100条，已去重）,100,2.0,1.0,1.0,molecule_ID精确匹配,全量源表未提供可核验SMILES；仅保留Swiss原始SMILES供原始行号审计
2361,4183,COc1nc2c3c(ccc2c(OC)c1C[C@H](O)C(C)(C)O)OCO3,STP02356,成功（100条，已去重）,100,1.0,1.0,1.0,molecule_ID精确匹配,全量源表未提供可核验SMILES；仅保留Swiss原始SMILES供原始行号审计
1195,4190,COc1ccc2c(c1OC)C[N@+]1(C)CCc3cc4c(cc3[C@@H]1C2)OCO4,STP01193,成功（100条，已去重）,100,1.0,1.0,1.0,molecule_ID精确匹配,全量源表未提供可核验SMILES；仅保留Swiss原始SMILES供原始行号审计
1237,4191,COc1cc2c(c(O)c1OC)[C@@H]1Cc3ccc(OC)c(OC)c3CN1CC2,STP01235,成功（100条，已去重）,100,1.0,1.0,1.0,molecule_ID精确匹配,全量源表未提供可核验SMILES；仅保留Swiss原始SMILES供原始行号审计
109,4192,COc1ccc2c(c1O)[C@H]1Cc3ccc(OC)c(OC)c3CN1CC2,STP00108,成功（100条，已去重）,100,1.0,1.0,1.0,molecule_ID精确匹配,全量源表未提供可核验SMILES；仅保留Swiss原始SMILES供原始行号审计
418,4193,COc1ccc2c(c1O)CN1CCc3ccc(OC)c(O)c3[C@@H]1C2,STP00417,成功（100条，已去重）,100,1.0,1.0,1.0,molecule_ID精确匹配,全量源表未提供可核验SMILES；仅保留Swiss原始SMILES供原始行号审计
1238,4194,COc1cc2c(cc1C)CCN1Cc3c(ccc(OC)c3OC)[C@@H](C)[C@@H]21,STP01236,成功（100条，已去重）,100,1.0,1.0,1.0,molecule_ID精确匹配,全量源表未提供可核验SMILES；仅保留Swiss原始SMILES供原始行号审计
1248,4195,COc1cc2c(cc1OC)[C@H]1[C@@H](C)c3ccc(OC)c(OC)c3CN1CC2,STP01246,成功（100条，已去重）,100,1.0,1.0,1.0,molecule_ID精确匹配,全量源表未提供可核验SMILES；仅保留Swiss原始SMILES供原始行号审计
598,4196,COc1cc2c(cc1OC)[C@@H]1Cc3ccc(O)c(OC)c3C[C@H]1CC2,STP00597,成功（100条，已去重）,100,1.0,1.0,1.0,molecule_ID精确匹配,全量源表未提供可核验SMILES；仅保留Swiss原始SMILES供原始行号审计
633,4197,COc1cc2c3c(c1O)-c1c(ccc(OC)c1OC)C[C@@H]3N(C)CC2,STP00632,成功（100条，已去重）,100,1.0,1.0,1.0,molecule_ID精确匹配,全量源表未提供可核验SMILES；仅保留Swiss原始SMILES供原始行号审计
1450,4198,CN1Cc2c(ccc3c2OCO3)[C@@]2(C)[C@@H](O)Cc3cc4c(cc3[C@@H]12)OCO4,STP01447,成功（100条，已去重）,100,1.0,1.0,1.0,molecule_ID精确匹配,全量源表未提供可核验SMILES；仅保留Swiss原始SMILES供原始行号审计
1704,4199,CN1[C@H]2O[C@H]3Cc4cc5c(cc4[C@@H]1[C@@]3(C)c1ccc3c(c12)OCO3)OCO5,STP01700,成功（100条，已去重）,100,1.0,1.0,1.0,molecule_ID精确匹配,全量源表未提供可核验SMILES；仅保留Swiss原始SMILES供原始行号审计
565,42,C[C@H](N)C(=O)O,STP00564,成功（100条，已去重）,100,7.0,1.0,1.0,molecule_ID精确匹配,全量源表未提供可核验SMILES；仅保留Swiss原始SMILES供原始行号审计
2248,4200,CNCCc1cc(OC)c(OC)c2c1ccc1cc(OC)c(OC)cc12,STP02243,成功（100条，已去重）,100,1.0,1.0,1.0,molecule_ID精确匹配,全量源表未提供可核验SMILES；仅保留Swiss原始SMILES供原始行号审计
630,4201,COc1ccc2c(c1O)-c1c(O)c(OC)cc3c1[C@H](C2)N(C)CC3,STP00629,成功（100条，已去重）,100,1.0,1.0,1.0,molecule_ID精确匹配,全量源表未提供可核验SMILES；仅保留Swiss原始SMILES供原始行号审计
467,4202,COc1cc2c(cc1OC)[C@H]1[C@@H](C)c3ccc4c(c3CN1C=C2)OCO4,STP00466,成功（100条，已去重）,100,1.0,1.0,1.0,molecule_ID精确匹配,全量源表未提供可核验SMILES；仅保留Swiss原始SMILES供原始行号审计
2221,4205,COc1cc2c(cc1OC)-c1cc3ccc(O)c(OC)c3c[n+]1CC2,STP02216,成功（100条，已去重）,100,1.0,1.0,1.0,molecule_ID精确匹配,全量源表未提供可核验SMILES；仅保留Swiss原始SMILES供原始行号审计
2338,4206,COc1cc2cc3c4c(cc(OC)c(OC)c4c2cc1OC)CCN3C,STP02333,成功（100条，已去重）,100,1.0,1.0,1.0,molecule_ID精确匹配,全量源表未提供可核验SMILES；仅保留Swiss原始SMILES供原始行号审计
2335,4207,COc1cc2c3c(cc4cc5c(cc4c3c1OC)OCO5)N(C)CC2,STP02330,成功（100条，已去重）,100,1.0,1.0,1.0,molecule_ID精确匹配,全量源表未提供可核验SMILES；仅保留Swiss原始SMILES供原始行号审计
1215,4208,COc1cc2c(cc1OC)[C@@H]1Cc3ccc(O)c(O)c3CN1CC2,STP01213,成功（100条，已去重）,100,1.0,1.0,1.0,molecule_ID精确匹配,全量源表未提供可核验SMILES；仅保留Swiss原始SMILES供原始行号审计
3835,421,O=C(O)c1cccnc1,STP03829,成功（100条，已去重）,100,23.0,1.0,1.0,molecule_ID精确匹配,全量源表未提供可核验SMILES；仅保留Swiss原始SMILES供原始行号审计
2677,4210,COc1cc2c(cc1OC)[C@]1(Cc3ccc4c(c3[C@H]1O)OCO4)N(C)CC2,STP02672,成功（100条，已去重）,100,1.0,1.0,1.0,molecule_ID精确匹配,全量源表未提供可核验SMILES；仅保留Swiss原始SMILES供原始行号审计
554,4211,COc1cc2c(cc1OC)-c1c(OC)c(OC)cc3c1[C@H](C2)N(C)CC3,STP00553,成功（100条，已去重）,100,2.0,1.0,1.0,molecule_ID精确匹配,全量源表未提供可核验SMILES；仅保留Swiss原始SMILES供原始行号审计
1168,4214,COc1cc2c(cc1O)[C@]1(C)[C@H](CC2)Cc2c(ccc(OC)c2OC)[C@@H]1C,STP01167,成功（100条，已去重）,100,1.0,1.0,1.0,molecule_ID精确匹配,全量源表未提供可核验SMILES；仅保留Swiss原始SMILES供原始行号审计
100,4215,COc1ccc(/C=C\c2c(CCN(C)C)ccc(OC)c2O)cc1,STP00099,成功（100条，已去重）,100,1.0,1.0,1.0,molecule_ID精确匹配,全量源表未提供可核验SMILES；仅保留Swiss原始SMILES供原始行号审计
2610,4217,O=C1c2ccccc2-c2c3c(cc4ccnc1c24)OCO3,STP02605,成功（100条，已去重）,100,8.0,1.0,1.0,molecule_ID精确匹配,全量源表未提供可核验SMILES；仅保留Swiss原始SMILES供原始行号审计
1303,4218,COc1cc2c(c(CO)c1OC)C[C@H]1c3c(cc4c(c3OC)OCO4)CCN1C2,STP01301,成功（100条，已去重）,100,1.0,1.0,1.0,molecule_ID精确匹配,全量源表未提供可核验SMILES；仅保留Swiss原始SMILES供原始行号审计
151,422,O=c1c(O)c(-c2ccc(O)cc2)oc2cc(O)cc(O)c12,STP00150,成功（100条，已去重）,100,134.0,1.0,1.0,molecule_ID精确匹配,全量源表未提供可核验SMILES；仅保留Swiss原始SMILES供原始行号审计
1165,4220,COc1cc2c(cc1O)C[C@@H]1c3c(cc(OC)c(OC)c3-2)CCN1C,STP01164,成功（100条，已去重）,100,1.0,1.0,1.0,molecule_ID精确匹配,全量源表未提供可核验SMILES；仅保留Swiss原始SMILES供原始行号审计
649,4221,COc1cc2c(cc1OC)-c1c(OC)c(OC)cc3c1[C@@H](C2)NCC3,STP00648,成功（100条，已去重）,100,1.0,1.0,1.0,molecule_ID精确匹配,全量源表未提供可核验SMILES；仅保留Swiss原始SMILES供原始行号审计
2286,4222,COc1cc2c(cc1OC)-c1c(OC)c(OC)cc3ccnc(c13)C2=O,STP02281,成功（100条，已去重）,100,1.0,1.0,1.0,molecule_ID精确匹配,全量源表未提供可核验SMILES；仅保留Swiss原始SMILES供原始行号审计
3135,4223,CC(=O)O[C@H]1Cc2cc3c(cc2[C@H]2N(C)Cc4c(ccc5c4OCO5)[C@@]12C)OCO3,STP03130,成功（100条，已去重）,100,2.0,1.0,1.0,molecule_ID精确匹配,全量源表未提供可核验SMILES；仅保留Swiss原始SMILES供原始行号审计
2441,4224,COc1cc2cc3c4c(cc(OC)c(OC)c4c2cc1OC)C(=O)C(=O)N3C,STP02436,成功（100条，已去重）,100,1.0,1.0,1.0,molecule_ID精确匹配,全量源表未提供可核验SMILES；仅保留Swiss原始SMILES供原始行号审计
2642,4225,c1c2c(cc3c1OCO3)-c1cc3cc4c(cc3c[n+]1CC2)OCO4,STP02637,成功（100条，已去重）,100,1.0,1.0,1.0,molecule_ID精确匹配,全量源表未提供可核验SMILES；仅保留Swiss原始SMILES供原始行号审计
1201,4226,CN1CCc2cc3c(cc2C(=O)Cc2cc4c(cc2C1)OCO4)OCO3,STP01199,成功（100条，已去重）,100,1.0,1.0,1.0,molecule_ID精确匹配,全量源表未提供可核验SMILES；仅保留Swiss原始SMILES供原始行号审计
3205,4228,COc1cc2c(cc1OC)C(=O)[C@@H]1c3cc(OC)c(OC)cc3CC(=O)[C@@H]1CC2,STP03200,成功（100条，已去重）,100,1.0,1.0,1.0,molecule_ID精确匹配,全量源表未提供可核验SMILES；仅保留Swiss原始SMILES供原始行号审计
1308,4229,CN1c2c(ccc3cc4c(cc23)OCO4)-c2ccc3c(c2[C@@H]1CC(=O)O)OCO3,STP01306,成功（100条，已去重）,100,1.0,1.0,1.0,molecule_ID精确匹配,全量源表未提供可核验SMILES；仅保留Swiss原始SMILES供原始行号审计
1244,4230,c1cc2c(c3c1C[C@@H]1c4cc5c(cc4CCN1C3)OCO5)OCO2,STP01242,成功（100条，已去重）,100,2.0,1.0,1.0,molecule_ID精确匹配,全量源表未提供可核验SMILES；仅保留Swiss原始SMILES供原始行号审计
1330,4231,C[C@H]1c2ccc3c(c2CN2CCc4cc5c(cc4[C@@H]12)OCO5)OCO3,STP01328,成功（100条，已去重）,100,1.0,1.0,1.0,molecule_ID精确匹配,全量源表未提供可核验SMILES；仅保留Swiss原始SMILES供原始行号审计
1135,4232,COc1ccc(C[C@@H]2c3cc(O)c(O)cc3CCN2C)cc1OC,STP01134,成功（100条，已去重）,100,1.0,1.0,1.0,molecule_ID精确匹配,全量源表未提供可核验SMILES；仅保留Swiss原始SMILES供原始行号审计
1130,4233,COc1cc2c(cc1OC)-c1c(O)c(OC)cc3c1[C@H](C2)N(C)CC3,STP01129,成功（100条，已去重）,100,1.0,1.0,1.0,molecule_ID精确匹配,全量源表未提供可核验SMILES；仅保留Swiss原始SMILES供原始行号审计
2632,4234,COc1cc2c(cc1OC)-c1c(C)c3ccc(OC)c(OC)c3c(=O)n1CC2,STP02627,成功（100条，已去重）,100,1.0,1.0,1.0,molecule_ID精确匹配,全量源表未提供可核验SMILES；仅保留Swiss原始SMILES供原始行号审计
119,4235,COc1cc2c(cc1OC)[C@H]1[C@@H](C)c3ccc(O)c(OC)c3CN1CC2,STP00118,成功（100条，已去重）,100,1.0,1.0,1.0,molecule_ID精确匹配,全量源表未提供可核验SMILES；仅保留Swiss原始SMILES供原始行号审计
2680,4236,COc1cc(/C=C\C(=O)CC(=O)/C=C\c2ccc(O)c(O)c2)ccc1O,STP02675,成功（100条，已去重）,100,1.0,1.0,1.0,molecule_ID精确匹配,全量源表未提供可核验SMILES；仅保留Swiss原始SMILES供原始行号审计
216,4237,C=C[C@]1(C)CCC(C(C)C)=C[C@@H]1C(=C)C,STP00215,成功（100条，已去重）,100,3.0,1.0,1.0,molecule_ID精确匹配,全量源表未提供可核验SMILES；仅保留Swiss原始SMILES供原始行号审计
1353,4238,C=C1CCC[C@]2(C)CCC(=C(C)C)C[C@@H]12,STP01351,成功（100条，已去重）,100,5.0,1.0,1.0,molecule_ID精确匹配,全量源表未提供可核验SMILES；仅保留Swiss原始SMILES供原始行号审计
734,424,C[C@@H]1O[C@@H](O)[C@H](O)[C@H](O)[C@H]1O,STP00733,成功（100条，已去重）,100,4.0,1.0,1.0,molecule_ID精确匹配,全量源表未提供可核验SMILES；仅保留Swiss原始SMILES供原始行号审计
3456,4242,COc1cc(/C=C\C(=O)CC(=O)CCc2ccc(O)c(OC)c2)ccc1O,STP03450,成功（100条，已去重）,100,1.0,1.0,1.0,molecule_ID精确匹配,全量源表未提供可核验SMILES；仅保留Swiss原始SMILES供原始行号审计
2869,4258,C=C[C@]1(C)Cc2occ(C)c2C[C@@H]1C(=C)C,STP02864,成功（100条，已去重）,100,1.0,1.0,1.0,molecule_ID精确匹配,全量源表未提供可核验SMILES；仅保留Swiss原始SMILES供原始行号审计
283,4259,COc1cc(/C=C\C2=CC(=O)C[C@@H](c3ccc(O)c(OC)c3)O2)ccc1O,STP00282,成功（100条，已去重）,100,1.0,1.0,1.0,molecule_ID精确匹配,全量源表未提供可核验SMILES；仅保留Swiss原始SMILES供原始行号审计
2668,4262,C=C[C@@]1(C)CCC(=C(C)C)C[C@H]1C(=C)C,STP02663,成功（100条，已去重）,100,1.0,1.0,1.0,molecule_ID精确匹配,全量源表未提供可核验SMILES；仅保留Swiss原始SMILES供原始行号审计
826,4267,C=C(C)[C@@H]1CC[C@]2(C)CCCC(=C)[C@@H]2C1,STP00825,成功（100条，已去重）,100,1.0,1.0,1.0,molecule_ID精确匹配,全量源表未提供可核验SMILES；仅保留Swiss原始SMILES供原始行号审计
1546,4269,C/C1=C/Cc2c(C)coc2C/C(C)=C/CC1,STP01543,成功（100条，已去重）,100,1.0,1.0,1.0,molecule_ID精确匹配,全量源表未提供可核验SMILES；仅保留Swiss原始SMILES供原始行号审计
1758,4273,CC1=C2C/C=C(/C)CC/C=C(/C)C[C@@H]2OC1=O,STP01754,成功（100条，已去重）,100,2.0,1.0,1.0,molecule_ID精确匹配,全量源表未提供可核验SMILES；仅保留Swiss原始SMILES供原始行号审计
3573,4274,COc1cc(/C=C\C(=O)CC(=O)C[C@@H](O)c2ccc(O)c(OC)c2)ccc1O,STP03567,成功（100条，已去重）,100,1.0,1.0,1.0,molecule_ID精确匹配,全量源表未提供可核验SMILES；仅保留Swiss原始SMILES供原始行号审计
981,4275,C/C1=C\CC[C@@]2(C)O[C@@H]2CC(C)(C)/C=C/C1,STP00980,成功（100条，已去重）,100,3.0,1.0,1.0,molecule_ID精确匹配,全量源表未提供可核验SMILES；仅保留Swiss原始SMILES供原始行号审计
1538,4285,CCCCOC(=O)c1ccccc1C(=O)O,STP01535,成功（100条，已去重）,100,5.0,1.0,1.0,molecule_ID精确匹配,全量源表未提供可核验SMILES；仅保留Swiss原始SMILES供原始行号审计
1466,429,NC(=O)C[C@H](N)C(=O)O,STP01463,成功（100条，已去重）,100,11.0,1.0,1.0,molecule_ID精确匹配,全量源表未提供可核验SMILES；仅保留Swiss原始SMILES供原始行号审计
2747,4290,COc1cc(/C=C\C(=O)CC(=O)/C=C\c2cc(OC)c(O)c(OC)c2)ccc1O,STP02742,成功（100条，已去重）,100,1.0,1.0,1.0,molecule_ID精确匹配,全量源表未提供可核验SMILES；仅保留Swiss原始SMILES供原始行号审计
1437,4293,C[C@@H]1CCC2=C1C[C@H]1CC[C@]2(C)C1(C)C,STP01434,成功（100条，已去重）,100,1.0,1.0,1.0,molecule_ID精确匹配,全量源表未提供可核验SMILES；仅保留Swiss原始SMILES供原始行号审计
2557,4295,COc1cc(/C=C\C(=O)CC(=O)/C=C\c2ccc(O)cc2)cc(O)c1O,STP02552,成功（100条，已去重）,100,1.0,1.0,1.0,molecule_ID精确匹配,全量源表未提供可核验SMILES；仅保留Swiss原始SMILES供原始行号审计
3864,4296,c1ccc(-c2cccc3ccccc23)cc1,STP03858,成功（100条，已去重）,100,1.0,1.0,1.0,molecule_ID精确匹配,全量源表未提供可核验SMILES；仅保留Swiss原始SMILES供原始行号审计
3435,4299,CC1=Cc2c(c(C)cc3occ(C)c23)CC1,STP03429,成功（100条，已去重）,100,1.0,1.0,1.0,molecule_ID精确匹配,全量源表未提供可核验SMILES；仅保留Swiss原始SMILES供原始行号审计
3994,43,C=C1CCC[C@]2(C)C=C3OC(=O)C(C)=C3C[C@@H]12,STP03987,成功（100条，已去重）,100,2.0,1.0,1.0,molecule_ID精确匹配,全量源表未提供可核验SMILES；仅保留Swiss原始SMILES供原始行号审计
956,430,C[N+](C)(C)CC(=O)[O-],STP00955,成功（100条，已去重）,100,8.0,1.0,1.0,molecule_ID精确匹配,全量源表未提供可核验SMILES；仅保留Swiss原始SMILES供原始行号审计
915,4301,COc1cc(CCC(=O)CC(=O)CCc2ccc(O)cc2)ccc1O,STP00914,成功（100条，已去重）,100,1.0,1.0,1.0,molecule_ID精确匹配,全量源表未提供可核验SMILES；仅保留Swiss原始SMILES供原始行号审计
2110,4303,COc1cc(/C=C\C(=O)/C=C\c2ccc(O)c(OC)c2)ccc1O,STP02105,成功（100条，已去重）,100,1.0,1.0,1.0,molecule_ID精确匹配,全量源表未提供可核验SMILES；仅保留Swiss原始SMILES供原始行号审计
1798,431,O=c1ccc2ccccc2o1,STP01794,成功（100条，已去重）,100,28.0,1.0,1.0,molecule_ID精确匹配,全量源表未提供可核验SMILES；仅保留Swiss原始SMILES供原始行号审计
2423,4312,COc1cc(/C=C\C=C\C(=O)/C=C\c2ccc(O)c(OC)c2)ccc1O,STP02418,成功（100条，已去重）,100,1.0,1.0,1.0,molecule_ID精确匹配,全量源表未提供可核验SMILES；仅保留Swiss原始SMILES供原始行号审计
4038,4317,O=C(CC/C=C\c1ccccc1)CCc1ccccc1,STP04031,成功（100条，已去重）,100,1.0,1.0,1.0,molecule_ID精确匹配,全量源表未提供可核验SMILES；仅保留Swiss原始SMILES供原始行号审计
2681,4319,COc1cc(/C=C\C(=O)CC(=O)C[C@H](O)c2ccc(O)c(OC)c2)ccc1O,STP02676,成功（100条，已去重）,100,1.0,1.0,1.0,molecule_ID精确匹配,全量源表未提供可核验SMILES；仅保留Swiss原始SMILES供原始行号审计
3082,432,CC/C=C\C/C=C\C/C=C\CCCCCCCC(=O)O,STP03077,成功（100条，已去重）,100,64.0,1.0,1.0,molecule_ID精确匹配,全量源表未提供可核验SMILES；仅保留Swiss原始SMILES供原始行号审计
1639,4320,CCC(C)=O,STP01636,成功（100条，已去重）,100,5.0,1.0,1.0,molecule_ID精确匹配,全量源表未提供可核验SMILES；仅保留Swiss原始SMILES供原始行号审计
2029,4328,O=C1C[C@@H](c2ccc(O)cc2)Oc2cc(O)cc(O)c21,STP02024,成功（100条，已去重）,100,22.0,1.0,1.0,molecule_ID精确匹配,全量源表未提供可核验SMILES；仅保留Swiss原始SMILES供原始行号审计
1245,4330,Cc1cc(O)c2c(C)ccc(C(C)C)c2c1,STP01243,成功（100条，已去重）,100,1.0,1.0,1.0,molecule_ID精确匹配,全量源表未提供可核验SMILES；仅保留Swiss原始SMILES供原始行号审计
320,4333,CC(C)=CC(=O)C[C@H](C)c1ccc(C)cc1,STP00319,成功（100条，已去重）,100,2.0,1.0,1.0,molecule_ID精确匹配,全量源表未提供可核验SMILES；仅保留Swiss原始SMILES供原始行号审计
712,4334,C=C(C)[C@H]1CC[C@]2(C)CCC=C(C)[C@@H]2C1,STP00711,成功（100条，已去重）,100,1.0,1.0,1.0,molecule_ID精确匹配,全量源表未提供可核验SMILES；仅保留Swiss原始SMILES供原始行号审计
1259,4335,CC(C)=CC(=O)C[C@H](C)[C@@H]1C=CC(C)=CC1,STP01257,成功（100条，已去重）,100,1.0,1.0,1.0,molecule_ID精确匹配,全量源表未提供可核验SMILES；仅保留Swiss原始SMILES供原始行号审计
281,4344,C=C1CC[C@H]2O[C@]2(C)CC[C@H]2[C@@H]1CC2(C)C,STP00280,成功（100条，已去重）,100,1.0,1.0,1.0,molecule_ID精确匹配,全量源表未提供可核验SMILES；仅保留Swiss原始SMILES供原始行号审计
667,4347,COc1cc2c(cc1O)C[C@@H]1c3c(cc(OC)c(O)c3-2)CC[N+]1(C)C,STP00666,成功（100条，已去重）,100,1.0,1.0,1.0,molecule_ID精确匹配,全量源表未提供可核验SMILES；仅保留Swiss原始SMILES供原始行号审计
2841,4348,COC(=O)c1ccc(O)cc1,STP02836,成功（100条，已去重）,100,5.0,1.0,1.0,molecule_ID精确匹配,全量源表未提供可核验SMILES；仅保留Swiss原始SMILES供原始行号审计
3734,4354,O=c1c(O[C@H]2OC[C@@H](O)[C@H](O)[C@H]2O)c(-c2ccc(O)c(O)c2)oc2cc(O)cc(O)c12,STP03728,成功（100条，已去重）,100,2.0,1.0,1.0,molecule_ID精确匹配,全量源表未提供可核验SMILES；仅保留Swiss原始SMILES供原始行号审计
3489,4356,C[C@H]1O[C@@H](Oc2c(-c3ccc(O)cc3)oc3cc(O)cc(O)c3c2=O)[C@H](O)[C@H](O)[C@H]1O,STP03483,成功（100条，已去重）,100,1.0,1.0,1.0,molecule_ID精确匹配,全量源表未提供可核验SMILES；仅保留Swiss原始SMILES供原始行号审计
4055,4358,C=C[C@@](C)(O)CC=C(C)C,STP04048,成功（100条，已去重）,100,1.0,1.0,1.0,molecule_ID精确匹配,全量源表未提供可核验SMILES；仅保留Swiss原始SMILES供原始行号审计
474,436,O=C(/C=C\c1ccc(O)cc1)c1ccc(O)cc1O,STP00473,成功（100条，已去重）,100,6.0,1.0,1.0,molecule_ID精确匹配,全量源表未提供可核验SMILES；仅保留Swiss原始SMILES供原始行号审计
3204,4362,C[C@@H]1O[C@@H](Oc2c(-c3ccc(O)cc3)oc3cc(O)cc(O)c3c2=O)[C@H](O)[C@H](O)[C@H]1O,STP03199,成功（100条，已去重）,100,9.0,1.0,1.0,molecule_ID精确匹配,全量源表未提供可核验SMILES；仅保留Swiss原始SMILES供原始行号审计
3928,4364,COc1cc(C)cc(OC)c1,STP03921,成功（100条，已去重）,100,4.0,1.0,1.0,molecule_ID精确匹配,全量源表未提供可核验SMILES；仅保留Swiss原始SMILES供原始行号审计
1556,4365,CC(C)[C@H]1CC[C@@H](C)C[C@H]1O,STP01553,成功（100条，已去重）,100,2.0,1.0,1.0,molecule_ID精确匹配,全量源表未提供可核验SMILES；仅保留Swiss原始SMILES供原始行号审计
2707,4367,COc1cc(C[C@]2(O)CO[C@H](c3ccc(O)c(OC)c3)[C@H]2CO)ccc1O,STP02702,成功（100条，已去重）,100,2.0,1.0,1.0,molecule_ID精确匹配,全量源表未提供可核验SMILES；仅保留Swiss原始SMILES供原始行号审计
2028,4368,O=c1c(O[C@@H]2O[C@H](CO)[C@H](O)[C@H](O)[C@H]2O)c(-c2ccc(O)c(O)c2)oc2cc(O)cc(O)c12,STP02023,成功（100条，已去重）,100,53.0,1.0,1.0,molecule_ID精确匹配,全量源表未提供可核验SMILES；仅保留Swiss原始SMILES供原始行号审计
3786,4369,C[C@H]1O[C@H](Oc2c(-c3ccc(O)c(O)c3)oc3cc(O)cc(O)c3c2=O)[C@@H](O)[C@@H](O)[C@@H]1O,STP03780,成功（100条，已去重）,100,2.0,1.0,1.0,molecule_ID精确匹配,全量源表未提供可核验SMILES；仅保留Swiss原始SMILES供原始行号审计
2146,4370,O=c1c(O)c(-c2cc(O)c(O)c(O)c2)oc2cc(O)ccc12,STP02141,成功（100条，已去重）,100,2.0,1.0,1.0,molecule_ID精确匹配,全量源表未提供可核验SMILES；仅保留Swiss原始SMILES供原始行号审计
2187,4372,COc1ccc(-c2oc3c(CC=C(C)C)c(O)cc(O)c3c(=O)c2O[C@@H]2O[C@H](C)[C@H](O)[C@@H](O)[C@@H]2O[C@@H]2O[C@H](CO)[C@@H](O)[C@@H](O)[C@H]2O)cc1,STP02182,成功（100条，已去重）,100,1.0,1.0,1.0,molecule_ID精确匹配,全量源表未提供可核验SMILES；仅保留Swiss原始SMILES供原始行号审计
46,4373,COc1ccc(-c2oc3c(CC=C(C)C)c(O)cc(O)c3c(=O)c2O)cc1,STP00045,成功（100条，已去重）,100,4.0,1.0,1.0,molecule_ID精确匹配,全量源表未提供可核验SMILES；仅保留Swiss原始SMILES供原始行号审计
3544,4375,O=c1c(O[C@@H]2O[C@H](CO)[C@H](O)[C@H](O)[C@H]2O)c(-c2ccc(O)cc2)oc2cc(O)cc(O)c12,STP03538,成功（100条，已去重）,100,9.0,1.0,1.0,molecule_ID精确匹配,全量源表未提供可核验SMILES；仅保留Swiss原始SMILES供原始行号审计
847,4376,COc1ccc(-c2oc3c(CCC(C)(C)O)c(O)cc(O)c3c(=O)c2O[C@@H]2O[C@H](C)[C@H](O)[C@@H](O)[C@@H]2O[C@@H]2O[C@H](C)[C@H](O)[C@@H](O)[C@@H]2O)cc1,STP00846,成功（100条，已去重）,100,1.0,1.0,1.0,molecule_ID精确匹配,全量源表未提供可核验SMILES；仅保留Swiss原始SMILES供原始行号审计
104,4380,COc1cc2c(cc1OC)[C@]13C[C@@H](OC)CC=C1CCN3CCC2,STP00103,成功（100条，已去重）,100,1.0,1.0,1.0,molecule_ID精确匹配,全量源表未提供可核验SMILES；仅保留Swiss原始SMILES供原始行号审计
2698,4381,COc1cc2c(c(OC)c1OC)-c1c(cc3c(c1OC)OCO3)C[C@@H](C)[C@](C)(O)C2,STP02693,成功（100条，已去重）,100,1.0,1.0,1.0,molecule_ID精确匹配,全量源表未提供可核验SMILES；仅保留Swiss原始SMILES供原始行号审计
3034,4382,C=C(C)[C@@H](O)Cc1cc(-c2cc(=O)c3c(O)cc(O)cc3o2)cc2c1OC(C)(C)C=C2,STP03029,成功（100条，已去重）,100,1.0,1.0,1.0,molecule_ID精确匹配,全量源表未提供可核验SMILES；仅保留Swiss原始SMILES供原始行号审计
3375,4383,C=C(C)[C@H](O)Cc1cc(-c2cc(=O)c3c(O)cc(O)cc3o2)cc(CC=C(C)C)c1O,STP03369,成功（100条，已去重）,100,1.0,1.0,1.0,molecule_ID精确匹配,全量源表未提供可核验SMILES；仅保留Swiss原始SMILES供原始行号审计
1559,4384,CC1(C)C=Cc2cc(-c3cc(=O)c4c(O)cc(O)cc4o3)ccc2O1,STP01556,成功（100条，已去重）,100,1.0,1.0,1.0,molecule_ID精确匹配,全量源表未提供可核验SMILES；仅保留Swiss原始SMILES供原始行号审计
1209,4385,CC(C)=CCc1cc(-c2cc(=O)c3c(O)cc(O)cc3o2)ccc1O,STP01207,成功（100条，已去重）,100,2.0,1.0,1.0,molecule_ID精确匹配,全量源表未提供可核验SMILES；仅保留Swiss原始SMILES供原始行号审计
1709,4386,CC1(C)C=Cc2cc(-c3cc(=O)c4c(O)cc(O)cc4o3)cc(O)c2O1,STP01705,成功（100条，已去重）,100,1.0,1.0,1.0,molecule_ID精确匹配,全量源表未提供可核验SMILES；仅保留Swiss原始SMILES供原始行号审计
2620,4388,COc1ccc2c(=O)oc3c(O)cc4c(c3c2c1OC)C(=O)[N+](C)(C)CC4,STP02615,成功（100条，已去重）,100,1.0,1.0,1.0,molecule_ID精确匹配,全量源表未提供可核验SMILES；仅保留Swiss原始SMILES供原始行号审计
2859,4390,CC(C)=CCc1cc(-c2cc(=O)c3c(O)cc(O)c(CC=C(C)C)c3o2)ccc1O,STP02854,成功（100条，已去重）,100,1.0,1.0,1.0,molecule_ID精确匹配,全量源表未提供可核验SMILES；仅保留Swiss原始SMILES供原始行号审计
65,4391,CC(C)=CCc1cccc2c(=O)cc(-c3ccccc3)oc12,STP00064,成功（100条，已去重）,100,1.0,1.0,1.0,molecule_ID精确匹配,全量源表未提供可核验SMILES；仅保留Swiss原始SMILES供原始行号审计
442,4393,COc1ccc(-c2oc3c4c(cc(O)c3c(=O)c2O)OC(C)(C)CC4)cc1,STP00441,成功（100条，已去重）,100,1.0,1.0,1.0,molecule_ID精确匹配,全量源表未提供可核验SMILES；仅保留Swiss原始SMILES供原始行号审计
419,4395,COc1cc(O)c2c(=O)cc(-c3ccc(O)cc3)oc2c1CC=C(C)C,STP00418,成功（100条，已去重）,100,1.0,1.0,1.0,molecule_ID精确匹配,全量源表未提供可核验SMILES；仅保留Swiss原始SMILES供原始行号审计
2359,4396,COc1cc([C@H](O)[C@@H](CO)c2ccc(O)c(OC)c2)ccc1O,STP02354,成功（100条，已去重）,100,1.0,1.0,1.0,molecule_ID精确匹配,全量源表未提供可核验SMILES；仅保留Swiss原始SMILES供原始行号审计
2344,4397,COc1ccc(-c2oc3c(CC=C(C)C)c(O[C@@H]4O[C@H](CO)[C@@H](O)[C@H](O)[C@H]4O)cc(O)c3c(=O)c2O[C@H]2O[C@@H](C)[C@H](O)[C@@H](O)[C@H]2O[C@H]2O[C@@H](C)[C@H](O)[C@@H](O)[C@H]2O)cc1,STP02339,成功（100条，已去重）,100,1.0,1.0,1.0,molecule_ID精确匹配,全量源表未提供可核验SMILES；仅保留Swiss原始SMILES供原始行号审计
528,4398,COc1ccc(-c2oc3c(CC=C(C)C)c(O)cc(O)c3c(=O)c2O[C@@H]2O[C@@H](C)[C@H](O)[C@@H](O)[C@H]2O)cc1,STP00527,成功（100条，已去重）,100,2.0,1.0,1.0,molecule_ID精确匹配,全量源表未提供可核验SMILES；仅保留Swiss原始SMILES供原始行号审计
3788,44,C=C1CCC[C@]2(C)C[C@@H]3OC(=O)C(C)=C3C[C@@H]12,STP03782,成功（100条，已去重）,100,4.0,1.0,1.0,molecule_ID精确匹配,全量源表未提供可核验SMILES；仅保留Swiss原始SMILES供原始行号审计
1876,4400,CC1=CC[C@H](c2coc(CC(C)C)c2)C[C@H]1O,STP01871,成功（100条，已去重）,100,1.0,1.0,1.0,molecule_ID精确匹配,全量源表未提供可核验SMILES；仅保留Swiss原始SMILES供原始行号审计
4206,4401,COc1ccc(-c2cc(=O)c3c(O)cc(O)cc3o2)cc1-c1c(O)cc(O)c2c(=O)cc(-c3ccc(O)cc3)oc12,STP04199,成功（100条，已去重）,100,4.0,1.0,1.0,molecule_ID精确匹配,全量源表未提供可核验SMILES；仅保留Swiss原始SMILES供原始行号审计
1250,4402,COc1ccc(-c2oc3c(CCC(C)(C)OC)c(O)cc(O)c3c(=O)c2O)cc1,STP01248,成功（100条，已去重）,100,1.0,1.0,1.0,molecule_ID精确匹配,全量源表未提供可核验SMILES；仅保留Swiss原始SMILES供原始行号审计
2596,4403,COc1ccc(-c2oc3c(CC=C(C)C)c(O[C@H]4O[C@H](CO)[C@@H](O)[C@H](O)[C@H]4O)cc(O)c3c(=O)c2O[C@@H]2O[C@H](C)[C@@H](OC(C)=O)[C@H](O[C@H]3O[C@@H](COC(C)=O)[C@@H](OC(C)=O)[C@H](O)[C@@H]3O)[C@@H]2O)cc1,STP02591,成功（100条，已去重）,100,1.0,1.0,1.0,molecule_ID精确匹配,全量源表未提供可核验SMILES；仅保留Swiss原始SMILES供原始行号审计
2027,4405,COc1ccc(-c2oc3c(CC=C(C)C)c(O[C@@H]4O[C@H](CO)[C@@H](O)[C@H](O)[C@H]4O)cc(O)c3c(=O)c2O[C@H]2O[C@@H](C)[C@H](O)[C@@H](O)[C@H]2O[C@@H]2O[C@H](C)[C@@H](O)[C@H](O)[C@H]2O)cc1,STP02022,成功（100条，已去重）,100,1.0,1.0,1.0,molecule_ID精确匹配,全量源表未提供可核验SMILES；仅保留Swiss原始SMILES供原始行号审计
2014,4407,COc1ccc(-c2oc3c(CC=C(C)C)c(O[C@@H]4O[C@H](CO)[C@@H](O)[C@H](O)[C@H]4O)ccc3c(=O)c2O[C@@H]2OC[C@@H](O)[C@H](O)[C@H]2O[C@@H]2O[C@@H](C)[C@H](O)[C@@H](O)[C@H]2O)cc1,STP02009,成功（100条，已去重）,100,1.0,1.0,1.0,molecule_ID精确匹配,全量源表未提供可核验SMILES；仅保留Swiss原始SMILES供原始行号审计
2096,4410,Cc1oc(=O)cc(O)c1O,STP02091,成功（100条，已去重）,100,1.0,1.0,1.0,molecule_ID精确匹配,全量源表未提供可核验SMILES；仅保留Swiss原始SMILES供原始行号审计
2163,4411,CC(C)=CCc1c(O[C@@H]2O[C@H](CO)[C@@H](O)[C@H](O)[C@H]2O)cc(O)c2c1O[C@@H](c1ccc(O)cc1)[C@H](O)C2=O,STP02158,成功（100条，已去重）,100,1.0,1.0,1.0,molecule_ID精确匹配,全量源表未提供可核验SMILES；仅保留Swiss原始SMILES供原始行号审计
2186,4413,CC(C)=CCc1c(O[C@@H]2O[C@H](CO)[C@@H](O)[C@H](O)[C@@H]2O)cc(O)c2c(=O)c(O)c(-c3ccc(O)cc3)oc12,STP02181,成功（100条，已去重）,100,1.0,1.0,1.0,molecule_ID精确匹配,全量源表未提供可核验SMILES；仅保留Swiss原始SMILES供原始行号审计
2539,4418,O=C(O)c1ccc(O)cc1O,STP02534,成功（100条，已去重）,100,4.0,1.0,1.0,molecule_ID精确匹配,全量源表未提供可核验SMILES；仅保留Swiss原始SMILES供原始行号审计
1674,4419,C[C@@H]1CC[C@H]2[C@@H]1[C@H]1[C@@H](CC[C@]2(C)O)C1(C)C,STP01670,成功（100条，已去重）,100,11.0,1.0,1.0,molecule_ID精确匹配,全量源表未提供可核验SMILES；仅保留Swiss原始SMILES供原始行号审计
3311,442,COc1cc(O)c2c(c1)OCc1c-2oc2cc(OC)cc(O)c12,STP03305,成功（100条，已去重）,100,1.0,1.0,1.0,molecule_ID精确匹配,全量源表未提供可核验SMILES；仅保留Swiss原始SMILES供原始行号审计
2172,4420,CCCCCCCCCCCCCCCCCCCCCCCCC[C@H](O)CCCCC,STP02167,成功（100条，已去重）,100,1.0,1.0,1.0,molecule_ID精确匹配,全量源表未提供可核验SMILES；仅保留Swiss原始SMILES供原始行号审计
2166,4421,COc1ccc(-c2oc3c(CC=C(C)C)c(O[C@H]4O[C@H](CO)[C@H](O)[C@H](O)[C@H]4O)cc(O)c3c(=O)c2O[C@@H]2O[C@H](C)[C@H](O)[C@H](O[C@@H]3O[C@@H](C)[C@H](O)[C@@H](O)[C@@H]3O)[C@H]2O)cc1,STP02161,成功（100条，已去重）,100,1.0,1.0,1.0,molecule_ID精确匹配,全量源表未提供可核验SMILES；仅保留Swiss原始SMILES供原始行号审计
2101,4422,CC(C)=CCc1c(O[C@@H]2O[C@H](CO)[C@@H](O)[C@H](O)[C@@H]2O)cc(O)c2c(=O)c(O[C@@H]3O[C@H](CO)[C@@H](O)[C@H](O)[C@@H]3O)c(-c3ccc(O)cc3)oc12,STP02096,成功（100条，已去重）,100,1.0,1.0,1.0,molecule_ID精确匹配,全量源表未提供可核验SMILES；仅保留Swiss原始SMILES供原始行号审计
2174,4424,COc1cc([C@H]2O[C@H](c3cc(OC)c(O)c(OC)c3)[C@@H](CO)[C@@H]2CO)cc(OC)c1O,STP02169,成功（100条，已去重）,100,1.0,1.0,1.0,molecule_ID精确匹配,全量源表未提供可核验SMILES；仅保留Swiss原始SMILES供原始行号审计
1980,4426,COc1cc(C[C@@]2(O)CO[C@@H](c3ccc(O)c(OC)c3)[C@]2(CO)CC(=O)[O-])ccc1O,STP01975,成功（100条，已去重）,100,1.0,1.0,1.0,molecule_ID精确匹配,全量源表未提供可核验SMILES；仅保留Swiss原始SMILES供原始行号审计
3354,4427,COc1cc2c(ccc3cc(O[C@@H]4O[C@H](CO)[C@@H](O)[C@H](O)[C@H]4O)c(OC)c(OC)c32)cc1O,STP03348,成功（100条，已去重）,100,1.0,1.0,1.0,molecule_ID精确匹配,全量源表未提供可核验SMILES；仅保留Swiss原始SMILES供原始行号审计
2073,4429,C=C[C@](C)(O)CC/C=C(\C)CC[C@@H](O[C@@H]1O[C@H](CO)[C@@H](O)[C@H](O)[C@H]1O)C(C)(C)O,STP02068,成功（100条，已去重）,100,1.0,1.0,1.0,molecule_ID精确匹配,全量源表未提供可核验SMILES；仅保留Swiss原始SMILES供原始行号审计
167,443,CO[C@H]1C=CC2=CCN3CCc4cc5c(cc4[C@@]23C1)OCO5,STP00166,成功（100条，已去重）,100,2.0,1.0,1.0,molecule_ID精确匹配,全量源表未提供可核验SMILES；仅保留Swiss原始SMILES供原始行号审计
2199,4430,COc1ccc(-c2oc3c(CC=C(C)C)c(O[C@@H]4O[C@@H](CO)[C@@H](O)[C@H](O)[C@H]4O)cc(O)c3c(=O)c2O)cc1,STP02194,成功（100条，已去重）,100,1.0,1.0,1.0,molecule_ID精确匹配,全量源表未提供可核验SMILES；仅保留Swiss原始SMILES供原始行号审计
495,4432,CC(C)=CCc1c(O)cc(O)c2c(=O)c(O[C@@H]3O[C@@H](C)[C@H](O)[C@@H](O)[C@H]3O)c(-c3ccc(O)cc3)oc12,STP00494,成功（100条，已去重）,100,1.0,1.0,1.0,molecule_ID精确匹配,全量源表未提供可核验SMILES；仅保留Swiss原始SMILES供原始行号审计
2089,4433,CC(C)=CCc1c(O)cc(O)c2c(=O)c(O[C@@H]3O[C@H](CO)[C@@H](O)[C@H](O)[C@H]3O[C@@H]3O[C@@H](C)[C@H](O)[C@@H](O)[C@H]3O)c(-c3ccc(O)cc3)oc12,STP02084,成功（100条，已去重）,100,1.0,1.0,1.0,molecule_ID精确匹配,全量源表未提供可核验SMILES；仅保留Swiss原始SMILES供原始行号审计
388,444,COC(=O)[C@H](Cc1c[nH]c2ccccc12)N(C)C,STP00387,成功（100条，已去重）,100,2.0,1.0,1.0,molecule_ID精确匹配,全量源表未提供可核验SMILES；仅保留Swiss原始SMILES供原始行号审计
2415,4443,COc1cc([C@@H]2OC[C@H]3C(=O)OC[C@H]32)cc(OC)c1O,STP02410,成功（100条，已去重）,100,2.0,1.0,1.0,molecule_ID精确匹配,全量源表未提供可核验SMILES；仅保留Swiss原始SMILES供原始行号审计
3109,4446,COc1cc(O[C@@H]2O[C@H](CO)[C@@H](O)[C@H](O)[C@H]2O)c2c(c1)C(=O)C(C)=C(C(C)=O)C2=O,STP03104,成功（100条，已去重）,100,1.0,1.0,1.0,molecule_ID精确匹配,全量源表未提供可核验SMILES；仅保留Swiss原始SMILES供原始行号审计
222,4447,COc1cc(O)c2c(c1)C(=O)C(C)=C(C(C)=O)C2=O,STP00221,成功（100条，已去重）,100,1.0,1.0,1.0,molecule_ID精确匹配,全量源表未提供可核验SMILES；仅保留Swiss原始SMILES供原始行号审计
2845,4454,CCCCC/C=C\C=C\CCCCCCCCC(=O)O,STP02840,成功（100条，已去重）,100,5.0,1.0,1.0,molecule_ID精确匹配,全量源表未提供可核验SMILES；仅保留Swiss原始SMILES供原始行号审计
3172,4456,O=c1ccc2cc(O[C@@H]3O[C@H](CO)[C@@H](O)[C@H](O)[C@H]3O)c(O)cc2o1,STP03167,成功（100条，已去重）,100,8.0,1.0,1.0,molecule_ID精确匹配,全量源表未提供可核验SMILES；仅保留Swiss原始SMILES供原始行号审计
3815,4457,CCCCC/C=C\C=C\CCCCCCCCC(=O)OC,STP03809,成功（100条，已去重）,100,1.0,1.0,1.0,molecule_ID精确匹配,全量源表未提供可核验SMILES；仅保留Swiss原始SMILES供原始行号审计
1093,446,C[N+](C)(C)[C@@H](Cc1c[nH]c2ccccc12)C(=O)O,STP01092,成功（100条，已去重）,100,2.0,1.0,1.0,molecule_ID精确匹配,全量源表未提供可核验SMILES；仅保留Swiss原始SMILES供原始行号审计
2750,4461,C[C@@H]1CCC[C@@H](C)C1O,STP02745,成功（100条，已去重）,100,1.0,1.0,1.0,molecule_ID精确匹配,全量源表未提供可核验SMILES；仅保留Swiss原始SMILES供原始行号审计
1551,4462,O=C(CO)CO,STP01548,成功（100条，已去重）,100,2.0,1.0,1.0,molecule_ID精确匹配,全量源表未提供可核验SMILES；仅保留Swiss原始SMILES供原始行号审计
3638,4466,C[C@H](N)Cc1ccccc1,STP03632,成功（100条，已去重）,100,1.0,1.0,1.0,molecule_ID精确匹配,全量源表未提供可核验SMILES；仅保留Swiss原始SMILES供原始行号审计
3648,4467,C[C@@H](N)Cc1ccccc1,STP03642,成功（100条，已去重）,100,1.0,1.0,1.0,molecule_ID精确匹配,全量源表未提供可核验SMILES；仅保留Swiss原始SMILES供原始行号审计
3141,4468,CC[C@@H](C)N,STP03136,成功（100条，已去重）,100,1.0,1.0,1.0,molecule_ID精确匹配,全量源表未提供可核验SMILES；仅保留Swiss原始SMILES供原始行号审计
3717,4469,CN1CCCCC1=O,STP03711,成功（100条，已去重）,100,1.0,1.0,1.0,molecule_ID精确匹配,全量源表未提供可核验SMILES；仅保留Swiss原始SMILES供原始行号审计
3275,447,C[N+]1(C)CCC[C@H]1C(=O)O,STP03269,成功（100条，已去重）,100,4.0,1.0,1.0,molecule_ID精确匹配,全量源表未提供可核验SMILES；仅保留Swiss原始SMILES供原始行号审计
774,4470,CCC(=O)O,STP00773,成功（100条，已去重）,100,7.0,1.0,1.0,molecule_ID精确匹配,全量源表未提供可核验SMILES；仅保留Swiss原始SMILES供原始行号审计
1558,4471,CCC(=O)OC,STP01555,成功（100条，已去重）,100,2.0,1.0,1.0,molecule_ID精确匹配,全量源表未提供可核验SMILES；仅保留Swiss原始SMILES供原始行号审计
2665,4476,COC(C)OC,STP02660,成功（100条，已去重）,100,1.0,1.0,1.0,molecule_ID精确匹配,全量源表未提供可核验SMILES；仅保留Swiss原始SMILES供原始行号审计
3430,4478,CCC(=O)CO,STP03424,成功（100条，已去重）,100,1.0,1.0,1.0,molecule_ID精确匹配,全量源表未提供可核验SMILES；仅保留Swiss原始SMILES供原始行号审计
4184,4479,Cc1ccccc1O,STP04177,成功（100条，已去重）,100,8.0,1.0,1.0,molecule_ID精确匹配,全量源表未提供可核验SMILES；仅保留Swiss原始SMILES供原始行号审计
2180,448,CC(C)=CCc1c(O)ccc2c1O[C@@H](c1ccc(O)cc1)CC2=O,STP02175,成功（100条，已去重）,100,1.0,1.0,1.0,molecule_ID精确匹配,全量源表未提供可核验SMILES；仅保留Swiss原始SMILES供原始行号审计
723,4482,CC(=O)CO,STP00722,成功（100条，已去重）,100,4.0,1.0,1.0,molecule_ID精确匹配,全量源表未提供可核验SMILES；仅保留Swiss原始SMILES供原始行号审计
2200,4485,CC(C)(C)CCN,STP02195,成功（100条，已去重）,100,1.0,1.0,1.0,molecule_ID精确匹配,全量源表未提供可核验SMILES；仅保留Swiss原始SMILES供原始行号审计
168,449,CC[C@H](/C=C/[C@@H](C)[C@H]1CC[C@H]2[C@@H]3CC=C4C[C@@H](O)CC[C@]4(C)[C@H]3CC[C@]12C)C(C)C,STP00167,成功（100条，已去重）,100,132.0,1.0,1.0,molecule_ID精确匹配,全量源表未提供可核验SMILES；仅保留Swiss原始SMILES供原始行号审计
1564,4497,CN1CCC2=C[C@H](O)[C@H]3OC(=O)c4cc5c(cc4[C@H]3[C@@H]21)OCO5,STP01561,成功（100条，已去重）,100,1.0,1.0,1.0,molecule_ID精确匹配,全量源表未提供可核验SMILES；仅保留Swiss原始SMILES供原始行号审计
4012,45,C=C1CCC[C@]2(C)C[C@]3(O)OC(=O)C(C)=C3C[C@@H]12,STP04005,成功（100条，已去重）,100,3.0,1.0,1.0,molecule_ID精确匹配,全量源表未提供可核验SMILES；仅保留Swiss原始SMILES供原始行号审计
1104,4503,CN1CCC[C@@H]1c1cccnc1,STP01103,成功（100条，已去重）,100,1.0,1.0,1.0,molecule_ID精确匹配,全量源表未提供可核验SMILES；仅保留Swiss原始SMILES供原始行号审计
555,451,COC1=C[C@@]23C(=CC1=O)CCN2CCc1cc(O)c(OC)cc13,STP00554,成功（100条，已去重）,100,1.0,1.0,1.0,molecule_ID精确匹配,全量源表未提供可核验SMILES；仅保留Swiss原始SMILES供原始行号审计
1028,4517,C=C1CC[C@H]2C(=C)C[C@@H](O)[C@H]3[C@H](OC(=O)[C@@H]3C)[C@@H]12,STP01027,成功（100条，已去重）,100,1.0,1.0,1.0,molecule_ID精确匹配,全量源表未提供可核验SMILES；仅保留Swiss原始SMILES供原始行号审计
3427,4527,O=c1c2cc(O)c(O)cc2oc2c([C@@H]3O[C@H](CO)[C@@H](O)[C@H](O)[C@H]3O)c(O)cc(O)c12,STP03421,成功（100条，已去重）,100,5.0,1.0,1.0,molecule_ID精确匹配,全量源表未提供可核验SMILES；仅保留Swiss原始SMILES供原始行号审计
105,453,COc1cc2c(cc1O)CCN1CC=C3C=C[C@H](OC)C[C@]321,STP00104,成功（100条，已去重）,100,1.0,1.0,1.0,molecule_ID精确匹配,全量源表未提供可核验SMILES；仅保留Swiss原始SMILES供原始行号审计
4144,4544,O=C(O)[C@]1(O)C[C@H](O)[C@@H](O)[C@@H](O)C1,STP04137,成功（100条，已去重）,100,1.0,1.0,1.0,molecule_ID精确匹配,全量源表未提供可核验SMILES；仅保留Swiss原始SMILES供原始行号审计
1970,4549,O=C(O)/C=C/c1cccc(O)c1,STP01965,成功（100条，已去重）,100,3.0,1.0,1.0,molecule_ID精确匹配,全量源表未提供可核验SMILES；仅保留Swiss原始SMILES供原始行号审计
123,455,COc1cc2c(cc1OC)[C@]13C[C@@H](OC)C=CC1=CCN3CC2,STP00122,成功（100条，已去重）,100,1.0,1.0,1.0,molecule_ID精确匹配,全量源表未提供可核验SMILES；仅保留Swiss原始SMILES供原始行号审计
2939,4551,OC[C@H]1O[C@@H](Oc2cc(O)cc(/C=C\c3ccc(O)cc3)c2)[C@H](O)[C@@H](O)[C@@H]1O,STP02934,成功（100条，已去重）,100,1.0,1.0,1.0,molecule_ID精确匹配,全量源表未提供可核验SMILES；仅保留Swiss原始SMILES供原始行号审计
163,456,CC1(C)C=Cc2c(ccc3c2O[C@H]2c4ccc(O)cc4OC[C@@H]32)O1,STP00162,成功（100条，已去重）,100,2.0,1.0,1.0,molecule_ID精确匹配,全量源表未提供可核验SMILES；仅保留Swiss原始SMILES供原始行号审计
790,4561,Oc1ccc2ccccc2c1/N=N\c1cccc(/N=N/c2ccccc2)c1,STP00789,成功（100条，已去重）,100,1.0,1.0,1.0,molecule_ID精确匹配,全量源表未提供可核验SMILES；仅保留Swiss原始SMILES供原始行号审计
514,4564,COc1ccc(-c2oc3cc(O)cc(O)c3c(=O)c2O)cc1,STP00513,成功（100条，已去重）,100,5.0,1.0,1.0,molecule_ID精确匹配,全量源表未提供可核验SMILES；仅保留Swiss原始SMILES供原始行号审计
3467,4567,C[C@@H]1O[C@H](O[C@@H]2C(=O)c3c(O)cc(O)cc3O[C@H]2c2ccc(O)cc2)[C@@H](O)[C@@H](O)[C@H]1O,STP03461,成功（100条，已去重）,100,2.0,1.0,1.0,molecule_ID精确匹配,全量源表未提供可核验SMILES；仅保留Swiss原始SMILES供原始行号审计
3387,4568,C[C@@H]1O[C@@H](O[C@H]2C(=O)c3c(O)cc(O)cc3O[C@@H]2c2ccc(O)cc2)[C@H](O)[C@H](O)[C@H]1O,STP03381,成功（100条，已去重）,100,2.0,1.0,1.0,molecule_ID精确匹配,全量源表未提供可核验SMILES；仅保留Swiss原始SMILES供原始行号审计
2154,4569,O=C1c2c(O)cc(O)cc2O[C@H](c2ccc(O)cc2)[C@H]1O,STP02149,成功（100条，已去重）,100,7.0,1.0,1.0,molecule_ID精确匹配,全量源表未提供可核验SMILES；仅保留Swiss原始SMILES供原始行号审计
406,457,CC(C)=CCc1c(O)ccc2c1O[C@H]1c3ccc(O)cc3OC[C@@H]21,STP00405,成功（100条，已去重）,100,2.0,1.0,1.0,molecule_ID精确匹配,全量源表未提供可核验SMILES；仅保留Swiss原始SMILES供原始行号审计
1968,4570,Oc1cc(O)cc(/C=C\c2ccc(O)c(O)c2)c1,STP01963,成功（100条，已去重）,100,2.0,1.0,1.0,molecule_ID精确匹配,全量源表未提供可核验SMILES；仅保留Swiss原始SMILES供原始行号审计
2155,4571,Oc1cc(O)cc([C@H]2Oc3cc(O)cc(O)c3C[C@@H]2O)c1,STP02150,成功（100条，已去重）,100,1.0,1.0,1.0,molecule_ID精确匹配,全量源表未提供可核验SMILES；仅保留Swiss原始SMILES供原始行号审计
3481,4572,C[C@@H]1O[C@H](O[C@H]2C(=O)c3c(O)cc(O)cc3O[C@H]2c2ccc(O)cc2)[C@@H](O)[C@H](O)[C@H]1O,STP03475,成功（100条，已去重）,100,2.0,1.0,1.0,molecule_ID精确匹配,全量源表未提供可核验SMILES；仅保留Swiss原始SMILES供原始行号审计
578,4573,CN(C)Cc1c[nH]c2ccccc12,STP00577,成功（100条，已去重）,100,2.0,1.0,1.0,molecule_ID精确匹配,全量源表未提供可核验SMILES；仅保留Swiss原始SMILES供原始行号审计
2134,4576,O=C1c2c(O)cc(O)cc2O[C@H](c2ccc(O)c(O)c2)[C@H]1O,STP02129,成功（100条，已去重）,100,9.0,1.0,1.0,molecule_ID精确匹配,全量源表未提供可核验SMILES；仅保留Swiss原始SMILES供原始行号审计
2185,4580,O=C1c2c(O)cc(O)cc2O[C@@H](c2ccc(O)c(O)c2)[C@H]1O,STP02180,成功（100条，已去重）,100,4.0,1.0,1.0,molecule_ID精确匹配,全量源表未提供可核验SMILES；仅保留Swiss原始SMILES供原始行号审计
3765,4589,CCCCCC(C)C,STP03759,成功（100条，已去重）,100,7.0,1.0,1.0,molecule_ID精确匹配,全量源表未提供可核验SMILES；仅保留Swiss原始SMILES供原始行号审计
1423,4598,COc1cc(-c2oc3cc(OC)c(OC)c(OC)c3c(=O)c2OC)cc(OC)c1OC,STP01420,成功（100条，已去重）,100,1.0,1.0,1.0,molecule_ID精确匹配,全量源表未提供可核验SMILES；仅保留Swiss原始SMILES供原始行号审计
2634,4599,CC[C@@H](C)CC(C)(C)CC,STP02629,成功（100条，已去重）,100,1.0,1.0,1.0,molecule_ID精确匹配,全量源表未提供可核验SMILES；仅保留Swiss原始SMILES供原始行号审计
993,46,C=C1CCC[C@@]2(C)Cc3occ(C)c3C[C@@H]12,STP00992,成功（100条，已去重）,100,1.0,1.0,1.0,molecule_ID精确匹配,全量源表未提供可核验SMILES；仅保留Swiss原始SMILES供原始行号审计
431,460,O=C(/C=C\c1ccc(O)c(O)c1)c1ccc(O)cc1O,STP00430,成功（100条，已去重）,100,2.0,1.0,1.0,molecule_ID精确匹配,全量源表未提供可核验SMILES；仅保留Swiss原始SMILES供原始行号审计
2667,4609,COc1cc(-c2cc(=O)c3c(O)c(OC)c(OC)cc3o2)c(O)cc1O,STP02662,成功（100条，已去重）,100,3.0,1.0,1.0,molecule_ID精确匹配,全量源表未提供可核验SMILES；仅保留Swiss原始SMILES供原始行号审计
2219,461,COc1cc2c(cc1O)O[C@@H](c1ccccc1)C(O)(O)C2=O,STP02214,成功（100条，已去重）,100,1.0,1.0,1.0,molecule_ID精确匹配,全量源表未提供可核验SMILES；仅保留Swiss原始SMILES供原始行号审计
3797,4610,CCCCCCC[C@H]1CCC(=O)O1,STP03791,成功（100条，已去重）,100,2.0,1.0,1.0,molecule_ID精确匹配,全量源表未提供可核验SMILES；仅保留Swiss原始SMILES供原始行号审计
3916,4613,CCC/C=C1/OC(=O)C2=C1CC[C@H]1[C@@H]2[C@@]2(OC(=O)C3=C2CCC=C3)[C@H]1CCC,STP03909,成功（100条，已去重）,100,2.0,1.0,1.0,molecule_ID精确匹配,全量源表未提供可核验SMILES；仅保留Swiss原始SMILES供原始行号审计
1422,4617,COc1ccc2ccc(=O)oc2c1,STP01419,成功（100条，已去重）,100,7.0,1.0,1.0,molecule_ID精确匹配,全量源表未提供可核验SMILES；仅保留Swiss原始SMILES供原始行号审计
177,4623,COc1cc2c(cc1C(C)=O)C=CC(C)(C)O2,STP00176,成功（100条，已去重）,100,3.0,1.0,1.0,molecule_ID精确匹配,全量源表未提供可核验SMILES；仅保留Swiss原始SMILES供原始行号审计
1712,4624,C=C1C(=O)[C@]23[C@H](O)[C@H]1CC[C@H]2[C@]12CCCC(C)(C)[C@H]1[C@H](O)[C@@]3(O)OC2,STP01708,成功（100条，已去重）,100,2.0,1.0,1.0,molecule_ID精确匹配,全量源表未提供可核验SMILES；仅保留Swiss原始SMILES供原始行号审计
1159,4631,O=c1c(-c2ccc(O)cc2)coc2c(O)c(O)ccc12,STP01158,成功（100条，已去重）,100,2.0,1.0,1.0,molecule_ID精确匹配,全量源表未提供可核验SMILES；仅保留Swiss原始SMILES供原始行号审计
1938,4650,COc1cc(C=O)ccc1OC(C)=O,STP01933,成功（100条，已去重）,100,3.0,1.0,1.0,molecule_ID精确匹配,全量源表未提供可核验SMILES；仅保留Swiss原始SMILES供原始行号审计
2838,4653,C/C=C(\C)C(=O)O[C@@H]1c2c(ccc3ccc(=O)oc23)OC(C)(C)[C@@H]1OC(=O)/C(C)=C/C,STP02833,成功（100条，已去重）,100,2.0,1.0,1.0,molecule_ID精确匹配,全量源表未提供可核验SMILES；仅保留Swiss原始SMILES供原始行号审计
4162,4656,CC1=CC[C@@H](C(C)C)CC1=O,STP04155,成功（100条，已去重）,100,1.0,1.0,1.0,molecule_ID精确匹配,全量源表未提供可核验SMILES；仅保留Swiss原始SMILES供原始行号审计
317,4657,C=C1CC[C@H]2O[C@@]2(C)CC[C@H]2[C@@H]1CC2(C)C,STP00316,成功（100条，已去重）,100,3.0,1.0,1.0,molecule_ID精确匹配,全量源表未提供可核验SMILES；仅保留Swiss原始SMILES供原始行号审计
1058,4658,C[C@@H]1CC[C@@]23C[C@@H]1C(C)(C)[C@H]2C=C[C@]3(C)O,STP01057,成功（100条，已去重）,100,1.0,1.0,1.0,molecule_ID精确匹配,全量源表未提供可核验SMILES；仅保留Swiss原始SMILES供原始行号审计
2170,4666,CCOC(=O)c1ccc(O)c(O)c1,STP02165,成功（100条，已去重）,100,4.0,1.0,1.0,molecule_ID精确匹配,全量源表未提供可核验SMILES；仅保留Swiss原始SMILES供原始行号审计
1945,4667,COc1cc2ccc(=O)oc2c(O)c1O,STP01940,成功（100条，已去重）,100,6.0,1.0,1.0,molecule_ID精确匹配,全量源表未提供可核验SMILES；仅保留Swiss原始SMILES供原始行号审计
398,4668,OC[C@H]1O[C@@H](O)[C@H](O)[C@@H](O)[C@H]1O,STP00397,成功（100条，已去重）,100,4.0,1.0,1.0,molecule_ID精确匹配,全量源表未提供可核验SMILES；仅保留Swiss原始SMILES供原始行号审计
63,467,COc1ccc(-c2coc3cc(O)c(OC)cc3c2=O)cc1,STP00062,成功（100条，已去重）,100,3.0,1.0,1.0,molecule_ID精确匹配,全量源表未提供可核验SMILES；仅保留Swiss原始SMILES供原始行号审计
1279,4671,C=C(C)[C@@H]1CC[C@@H](C)C[C@H]1O,STP01277,成功（100条，已去重）,100,4.0,1.0,1.0,molecule_ID精确匹配,全量源表未提供可核验SMILES；仅保留Swiss原始SMILES供原始行号审计
3748,4675,C[C@@H]1O[C@H](Oc2cc(O)c3c(=O)c(O)c(-c4ccc(O)cc4)oc3c2)[C@@H](O)[C@H](O)[C@H]1O,STP03742,成功（100条，已去重）,100,2.0,1.0,1.0,molecule_ID精确匹配,全量源表未提供可核验SMILES；仅保留Swiss原始SMILES供原始行号审计
1774,4677,C[C@H]1CC[C@H]2[C@@H]1[C@H]1[C@@H](CC[C@]2(C)O)C1(C)C,STP01770,成功（100条，已去重）,100,2.0,1.0,1.0,molecule_ID精确匹配,全量源表未提供可核验SMILES；仅保留Swiss原始SMILES供原始行号审计
1544,4678,COc1cc(OC)c2ccc(=O)oc2c1,STP01541,成功（100条，已去重）,100,5.0,1.0,1.0,molecule_ID精确匹配,全量源表未提供可核验SMILES；仅保留Swiss原始SMILES供原始行号审计
1321,4679,C=C1[C@@H]2CC[C@H]3[C@H]2C(C)(C)CCC[C@]13C,STP01319,成功（100条，已去重）,100,1.0,1.0,1.0,molecule_ID精确匹配,全量源表未提供可核验SMILES；仅保留Swiss原始SMILES供原始行号审计
61,468,COc1ccc(-c2coc3c(OC)c(O)ccc3c2=O)cc1,STP00060,成功（100条，已去重）,100,2.0,1.0,1.0,molecule_ID精确匹配,全量源表未提供可核验SMILES；仅保留Swiss原始SMILES供原始行号审计
775,4680,CC(C)[C@@H]1C=C[C@](C)(O)CC1,STP00774,成功（100条，已去重）,100,4.0,1.0,1.0,molecule_ID精确匹配,全量源表未提供可核验SMILES；仅保留Swiss原始SMILES供原始行号审计
1905,4688,CC(C)c1ccc(C(=O)O)cc1,STP01900,成功（100条，已去重）,100,4.0,1.0,1.0,molecule_ID精确匹配,全量源表未提供可核验SMILES；仅保留Swiss原始SMILES供原始行号审计
974,47,CC(C)=C1CC[C@@]2(C)CCC[C@@](C)(O)[C@H]2C1,STP00973,成功（100条，已去重）,100,1.0,1.0,1.0,molecule_ID精确匹配,全量源表未提供可核验SMILES；仅保留Swiss原始SMILES供原始行号审计
3439,470,O=c1cc(-c2ccc(O)c(O)c2)oc2c([C@@H]3O[C@@H](CO)[C@H](O)[C@H]3O)c(O)cc(O)c12,STP03433,成功（100条，已去重）,100,1.0,1.0,1.0,molecule_ID精确匹配,全量源表未提供可核验SMILES；仅保留Swiss原始SMILES供原始行号审计
2136,4705,CCC/C=C1/OC(=O)C2=C1CC[C@H](O)[C@@H]2O,STP02131,成功（100条，已去重）,100,2.0,1.0,1.0,molecule_ID精确匹配,全量源表未提供可核验SMILES；仅保留Swiss原始SMILES供原始行号审计
1693,4706,C=C1CC[C@@H]2[C@H]([C@H]3[C@@H]1CC[C@]3(C)O)C2(C)C,STP01689,成功（100条，已去重）,100,1.0,1.0,1.0,molecule_ID精确匹配,全量源表未提供可核验SMILES；仅保留Swiss原始SMILES供原始行号审计
940,4707,CC1=C[C@H]2[C@@H](CC1)[C@@](C)(O)CC[C@H]2C(C)C,STP00939,成功（100条，已去重）,100,4.0,1.0,1.0,molecule_ID精确匹配,全量源表未提供可核验SMILES；仅保留Swiss原始SMILES供原始行号审计
3419,4708,CC1=C[C@@H]2[C@@H](C(C)C)CC[C@@](C)(O)[C@@H]2CC1,STP03413,成功（100条，已去重）,100,3.0,1.0,1.0,molecule_ID精确匹配,全量源表未提供可核验SMILES；仅保留Swiss原始SMILES供原始行号审计
1899,4709,C=C(C)[C@H]1CC=C(C)[C@H](O)C1,STP01894,成功（100条，已去重）,100,2.0,1.0,1.0,molecule_ID精确匹配,全量源表未提供可核验SMILES；仅保留Swiss原始SMILES供原始行号审计
1961,471,O=C1c2cccc(O)c2C(=O)c2c(O)cc(CO)cc21,STP01956,成功（100条，已去重）,100,9.0,1.0,1.0,molecule_ID精确匹配,全量源表未提供可核验SMILES；仅保留Swiss原始SMILES供原始行号审计
2197,4710,N[C@H](Cc1c[nH]c2ccccc12)C(=O)O,STP02192,成功（100条，已去重）,100,1.0,1.0,1.0,molecule_ID精确匹配,全量源表未提供可核验SMILES；仅保留Swiss原始SMILES供原始行号审计
4167,4713,CC1=CCC[C@]2(C)CC[C@@H](C(C)(C)O)C[C@@H]12,STP04160,成功（100条，已去重）,100,9.0,1.0,1.0,molecule_ID精确匹配,全量源表未提供可核验SMILES；仅保留Swiss原始SMILES供原始行号审计
586,4715,C=C1CCCC(C)(C)[C@H]2C=C(C)CC[C@H]12,STP00585,成功（100条，已去重）,100,1.0,1.0,1.0,molecule_ID精确匹配,全量源表未提供可核验SMILES；仅保留Swiss原始SMILES供原始行号审计
593,4717,C=C(C)[C@@H]1CC[C@@]2(C)CCC=C(C)[C@@H]2C1,STP00592,成功（100条，已去重）,100,10.0,1.0,1.0,molecule_ID精确匹配,全量源表未提供可核验SMILES；仅保留Swiss原始SMILES供原始行号审计
2117,472,Cc1cc(O)c2c(c1)C(=O)c1cc(O)cc(O)c1C2=O,STP02112,成功（100条，已去重）,100,30.0,1.0,1.0,molecule_ID精确匹配,全量源表未提供可核验SMILES；仅保留Swiss原始SMILES供原始行号审计
203,4720,C=C1CC[C@@]23C[C@@H]1C(C)(C)[C@H]2CC[C@H]3C,STP00202,成功（100条，已去重）,100,1.0,1.0,1.0,molecule_ID精确匹配,全量源表未提供可核验SMILES；仅保留Swiss原始SMILES供原始行号审计
708,4722,C=C1CC[C@@H](C(C)C)[C@H]2[C@@H](C(C)=O)CC[C@@H]12,STP00707,成功（100条，已去重）,100,1.0,1.0,1.0,molecule_ID精确匹配,全量源表未提供可核验SMILES；仅保留Swiss原始SMILES供原始行号审计
519,4723,C=C1CC=C(C(C)C)CC1,STP00518,成功（100条，已去重）,100,11.0,1.0,1.0,molecule_ID精确匹配,全量源表未提供可核验SMILES；仅保留Swiss原始SMILES供原始行号审计
3766,4725,CCCCCC[C@H]1CCC(=O)O1,STP03760,成功（100条，已去重）,100,3.0,1.0,1.0,molecule_ID精确匹配,全量源表未提供可核验SMILES；仅保留Swiss原始SMILES供原始行号审计
1231,4727,C=C1CC[C@H](C(C)C)[C@H]2C=C(C)CC[C@@H]12,STP01229,成功（100条，已去重）,100,14.0,1.0,1.0,molecule_ID精确匹配,全量源表未提供可核验SMILES；仅保留Swiss原始SMILES供原始行号审计
3501,4728,C=C1CC[C@@H]2C[C@H]3[C@H](C)CC[C@]13C2(C)C,STP03495,成功（100条，已去重）,100,2.0,1.0,1.0,molecule_ID精确匹配,全量源表未提供可核验SMILES；仅保留Swiss原始SMILES供原始行号审计
3769,4729,OC[C@H]1NC[C@H](O)[C@@H](O)[C@@H]1O,STP03763,成功（100条，已去重）,100,5.0,1.0,1.0,molecule_ID精确匹配,全量源表未提供可核验SMILES；仅保留Swiss原始SMILES供原始行号审计
1884,473,C=C(C)[C@@H]1CC=C(C)[C@@H](O)C1,STP01879,成功（100条，已去重）,100,10.0,1.0,1.0,molecule_ID精确匹配,全量源表未提供可核验SMILES；仅保留Swiss原始SMILES供原始行号审计
1043,4731,CC(=O)C=C=C1C(C)(C)C[C@H](O)C[C@@]1(C)O,STP01042,成功（100条，已去重）,100,1.0,1.0,1.0,molecule_ID精确匹配,全量源表未提供可核验SMILES；仅保留Swiss原始SMILES供原始行号审计
535,4739,C[C@@H](N)C(=O)O,STP00534,成功（100条，已去重）,100,6.0,1.0,1.0,molecule_ID精确匹配,全量源表未提供可核验SMILES；仅保留Swiss原始SMILES供原始行号审计
296,474,C=C1CC[C@H]2O[C@]2(C)CC[C@@H]2[C@@H]1CC2(C)C,STP00295,成功（100条，已去重）,100,27.0,1.0,1.0,molecule_ID精确匹配,全量源表未提供可核验SMILES；仅保留Swiss原始SMILES供原始行号审计
1840,4741,CC1(C)CCC[C@@]2(C)OC(=O)C=C12,STP01835,成功（100条，已去重）,100,11.0,1.0,1.0,molecule_ID精确匹配,全量源表未提供可核验SMILES；仅保留Swiss原始SMILES供原始行号审计
3412,4746,C/C(=C\CO)CCC[C@@H](C)CCC[C@H](C)CCCC(C)C,STP03406,成功（100条，已去重）,100,10.0,1.0,1.0,molecule_ID精确匹配,全量源表未提供可核验SMILES；仅保留Swiss原始SMILES供原始行号审计
3579,4753,CN(C)Cc1ccccc1,STP03573,成功（100条，已去重）,100,1.0,1.0,1.0,molecule_ID精确匹配,全量源表未提供可核验SMILES；仅保留Swiss原始SMILES供原始行号审计
387,4754,CNCCc1ccc(OC)c(OC)c1,STP00386,成功（100条，已去重）,100,1.0,1.0,1.0,molecule_ID精确匹配,全量源表未提供可核验SMILES；仅保留Swiss原始SMILES供原始行号审计
2034,476,COc1cc(O)c2c(c1)C(=O)c1cc(C)cc(O)c1C2=O,STP02029,成功（100条，已去重）,100,30.0,1.0,1.0,molecule_ID精确匹配,全量源表未提供可核验SMILES；仅保留Swiss原始SMILES供原始行号审计
3391,4760,O=C(O)/C=C(/CC(=O)O)C(=O)O,STP03385,成功（100条，已去重）,100,2.0,1.0,1.0,molecule_ID精确匹配,全量源表未提供可核验SMILES；仅保留Swiss原始SMILES供原始行号审计
650,4763,COc1cc2c(cc1O)C[C@H]1c3c(cc(OC)c(O)c3-2)CCN1C,STP00649,成功（100条，已去重）,100,3.0,1.0,1.0,molecule_ID精确匹配,全量源表未提供可核验SMILES；仅保留Swiss原始SMILES供原始行号审计
3616,4767,Cc1cc(C)c(C)c(O)c1C,STP03610,成功（100条，已去重）,100,1.0,1.0,1.0,molecule_ID精确匹配,全量源表未提供可核验SMILES；仅保留Swiss原始SMILES供原始行号审计
3812,4769,Cc1ccccc1C(C)(C)C,STP03806,成功（100条，已去重）,100,1.0,1.0,1.0,molecule_ID精确匹配,全量源表未提供可核验SMILES；仅保留Swiss原始SMILES供原始行号审计
3794,477,CCCCCCCCCCCC(=O)OCC,STP03788,成功（100条，已去重）,100,4.0,1.0,1.0,molecule_ID精确匹配,全量源表未提供可核验SMILES；仅保留Swiss原始SMILES供原始行号审计
902,4774,O=c1c(-c2ccccc2)c1-c1ccccc1,STP00901,成功（100条，已去重）,100,2.0,1.0,1.0,molecule_ID精确匹配,全量源表未提供可核验SMILES；仅保留Swiss原始SMILES供原始行号审计
2611,4777,C/C=C(\C)C(=O)O[C@H](c1cc2ccc(=O)oc2cc1OC)[C@@H](O)C(C)(C)O,STP02606,成功（100条，已去重）,100,1.0,1.0,1.0,molecule_ID精确匹配,全量源表未提供可核验SMILES；仅保留Swiss原始SMILES供原始行号审计
2727,4778,C/C=C(/C)C(=O)O[C@H](c1cc2ccc(=O)oc2cc1OC)[C@@H](O)C(C)(C)O,STP02722,成功（100条，已去重）,100,1.0,1.0,1.0,molecule_ID精确匹配,全量源表未提供可核验SMILES；仅保留Swiss原始SMILES供原始行号审计
3283,4779,C/C=C(/C)C(=O)O,STP03277,成功（100条，已去重）,100,3.0,1.0,1.0,molecule_ID精确匹配,全量源表未提供可核验SMILES；仅保留Swiss原始SMILES供原始行号审计
1925,478,CC1=CC=CC(C)(C)CC1=O,STP01920,成功（100条，已去重）,100,14.0,1.0,1.0,molecule_ID精确匹配,全量源表未提供可核验SMILES；仅保留Swiss原始SMILES供原始行号审计
2113,4780,COc1cc(OC)c2ccc(=O)oc2c1C(=O)C=C(C)C,STP02108,成功（100条，已去重）,100,1.0,1.0,1.0,molecule_ID精确匹配,全量源表未提供可核验SMILES；仅保留Swiss原始SMILES供原始行号审计
55,4788,CC(=O)OC(C)(C)[C@@H]1CC=C(C)CC1,STP00054,成功（100条，已去重）,100,9.0,1.0,1.0,molecule_ID精确匹配,全量源表未提供可核验SMILES；仅保留Swiss原始SMILES供原始行号审计
1047,479,C=CC(=C)CC/C=C(\C)CCC=C(C)C,STP01046,成功（100条，已去重）,100,55.0,1.0,1.0,molecule_ID精确匹配,全量源表未提供可核验SMILES；仅保留Swiss原始SMILES供原始行号审计
1888,4792,CC(C)(O[C@@H]1O[C@H](CO)[C@@H](O)[C@H](O)[C@H]1O)[C@H]1Cc2cc3ccc(=O)oc3cc2O1,STP01883,成功（100条，已去重）,100,4.0,1.0,1.0,molecule_ID精确匹配,全量源表未提供可核验SMILES；仅保留Swiss原始SMILES供原始行号审计
1014,4793,CC(C)(O)[C@H]1Cc2cc3ccc(=O)oc3cc2O1,STP01013,成功（100条，已去重）,100,6.0,1.0,1.0,molecule_ID精确匹配,全量源表未提供可核验SMILES；仅保留Swiss原始SMILES供原始行号审计
3744,4794,c1cc2c3c(cccc3c1)CC2,STP03738,成功（100条，已去重）,100,1.0,1.0,1.0,molecule_ID精确匹配,全量源表未提供可核验SMILES；仅保留Swiss原始SMILES供原始行号审计
2206,4798,Oc1cc(O)c2cc(O)c(-c3cc(O)c(O)c(O)c3)[o+]c2c1,STP02201,成功（100条，已去重）,100,7.0,1.0,1.0,molecule_ID精确匹配,全量源表未提供可核验SMILES；仅保留Swiss原始SMILES供原始行号审计
1666,48,C/C1=C/CC/C(C)=C/Cc2c(C)coc2C1,STP01662,成功（100条，已去重）,100,3.0,1.0,1.0,molecule_ID精确匹配,全量源表未提供可核验SMILES；仅保留Swiss原始SMILES供原始行号审计
3305,4800,OC[C@H]1O[C@@H](Oc2cc3c(O)cc(O)cc3[o+]c2-c2ccc(O)cc2)[C@H](O)[C@@H](O)[C@@H]1O,STP03299,成功（100条，已去重）,100,1.0,1.0,1.0,molecule_ID精确匹配,全量源表未提供可核验SMILES；仅保留Swiss原始SMILES供原始行号审计
695,4805,CC(C)=CCc1cc([C@@H]2CC(=O)c3ccc4c(c3O2)C=CC(C)(C)O4)ccc1O,STP00694,成功（100条，已去重）,100,1.0,1.0,1.0,molecule_ID精确匹配,全量源表未提供可核验SMILES；仅保留Swiss原始SMILES供原始行号审计
1277,4806,C/C=C\c1cc([C@H]2CC(=O)c3ccc(O)c(CC=C(C)C)c3O2)ccc1OC(C)C,STP01275,成功（100条，已去重）,100,1.0,1.0,1.0,molecule_ID精确匹配,全量源表未提供可核验SMILES；仅保留Swiss原始SMILES供原始行号审计
3394,4807,O=C(O)[C@H]1O[C@@H](O)[C@H](O)[C@@H](O)[C@@H]1O,STP03388,成功（100条，已去重）,100,4.0,1.0,1.0,molecule_ID精确匹配,全量源表未提供可核验SMILES；仅保留Swiss原始SMILES供原始行号审计
979,4808,COc1cc2c(c(O)c1CC=C(C)C)C(=O)[C@H](c1ccc(O)cc1O)CO2,STP00978,成功（100条，已去重）,100,1.0,1.0,1.0,molecule_ID精确匹配,全量源表未提供可核验SMILES；仅保留Swiss原始SMILES供原始行号审计
1239,481,O=c1c(-c2ccc(O)cc2)coc2cc(O)cc(O)c12,STP01237,成功（100条，已去重）,100,13.0,1.0,1.0,molecule_ID精确匹配,全量源表未提供可核验SMILES；仅保留Swiss原始SMILES供原始行号审计
855,4810,CC1(C)C=Cc2c(O)ccc([C@@H]3COc4cc(O)cc(O)c4C3=O)c2O1,STP00854,成功（100条，已去重）,100,1.0,1.0,1.0,molecule_ID精确匹配,全量源表未提供可核验SMILES；仅保留Swiss原始SMILES供原始行号审计
278,4811,COc1c(CC=C(C)C)c(O)cc2c1C[C@H](c1ccc(O)cc1O)CO2,STP00277,成功（100条，已去重）,100,1.0,1.0,1.0,molecule_ID精确匹配,全量源表未提供可核验SMILES；仅保留Swiss原始SMILES供原始行号审计
918,4814,COc1cc(O)cc2oc(=O)c3c4ccc(O)cc4oc3c12,STP00917,成功（100条，已去重）,100,1.0,1.0,1.0,molecule_ID精确匹配,全量源表未提供可核验SMILES；仅保留Swiss原始SMILES供原始行号审计
589,4815,CC1(C)C=Cc2cc(/C=C/C(=O)c3ccc(O)cc3O)ccc2O1,STP00588,成功（100条，已去重）,100,1.0,1.0,1.0,molecule_ID精确匹配,全量源表未提供可核验SMILES；仅保留Swiss原始SMILES供原始行号审计
1109,482,N[C@@H](Cc1ccc(O)c(O)c1)C(=O)O,STP01108,成功（100条，已去重）,100,1.0,1.0,1.0,molecule_ID精确匹配,全量源表未提供可核验SMILES；仅保留Swiss原始SMILES供原始行号审计
693,4820,CC1(C)C=Cc2c(ccc3cc(-c4ccc(O)cc4O)c(=O)oc23)O1,STP00692,成功（100条，已去重）,100,1.0,1.0,1.0,molecule_ID精确匹配,全量源表未提供可核验SMILES；仅保留Swiss原始SMILES供原始行号审计
312,4824,COc1c2c(cc3oc(=O)c(-c4ccc(O)cc4O)cc13)O[C@H](C(C)(C)O)C2,STP00311,成功（100条，已去重）,100,1.0,1.0,1.0,molecule_ID精确匹配,全量源表未提供可核验SMILES；仅保留Swiss原始SMILES供原始行号审计
977,4827,CC1(C)C=Cc2cc(-c3coc4cc(O)cc(O)c4c3=O)cc(O)c2O1,STP00976,成功（100条，已去重）,100,1.0,1.0,1.0,molecule_ID精确匹配,全量源表未提供可核验SMILES；仅保留Swiss原始SMILES供原始行号审计
402,4828,CC(C)=CCc1c(O)cc(O)c2c(=O)c(O)c(-c3ccccc3)oc12,STP00401,成功（100条，已去重）,100,1.0,1.0,1.0,molecule_ID精确匹配,全量源表未提供可核验SMILES；仅保留Swiss原始SMILES供原始行号审计
2005,4829,CC(C)=CCc1c(O)cc(O)c2c1O[C@H](c1ccccc1)[C@@H](O)C2=O,STP02000,成功（100条，已去重）,100,1.0,1.0,1.0,molecule_ID精确匹配,全量源表未提供可核验SMILES；仅保留Swiss原始SMILES供原始行号审计
2889,483,COc1cc(/C=C\C(=O)NCCc2ccc(O)cc2)ccc1O,STP02884,成功（100条，已去重）,100,9.0,1.0,1.0,molecule_ID精确匹配,全量源表未提供可核验SMILES；仅保留Swiss原始SMILES供原始行号审计
1889,4832,CCCCOC(=O)c1ccccc1,STP01884,成功（100条，已去重）,100,4.0,1.0,1.0,molecule_ID精确匹配,全量源表未提供可核验SMILES；仅保留Swiss原始SMILES供原始行号审计
78,4833,CC1(C)C=Cc2c(ccc([C@@H]3COc4cc(O)ccc4C3)c2O)O1,STP00077,成功（100条，已去重）,100,1.0,1.0,1.0,molecule_ID精确匹配,全量源表未提供可核验SMILES；仅保留Swiss原始SMILES供原始行号审计
277,4835,COc1ccc(C(=O)/C=C/c2ccc(O)cc2OC)cc1,STP00276,成功（100条，已去重）,100,1.0,1.0,1.0,molecule_ID精确匹配,全量源表未提供可核验SMILES；仅保留Swiss原始SMILES供原始行号审计
458,4836,COc1cc(O)ccc1/C=C\C(=O)c1ccc(O)cc1,STP00457,成功（100条，已去重）,100,1.0,1.0,1.0,molecule_ID精确匹配,全量源表未提供可核验SMILES；仅保留Swiss原始SMILES供原始行号审计
1406,4837,O=C(CC(=O)c1ccccc1)c1ccccc1,STP01404,成功（100条，已去重）,100,1.0,1.0,1.0,molecule_ID精确匹配,全量源表未提供可核验SMILES；仅保留Swiss原始SMILES供原始行号审计
2840,4838,CC1(C)C=Cc2c(O)ccc(-c3cc4ccc(O)cc4o3)c2O1,STP02835,成功（100条，已去重）,100,1.0,1.0,1.0,molecule_ID精确匹配,全量源表未提供可核验SMILES；仅保留Swiss原始SMILES供原始行号审计
496,4841,COc1c(/C=C/C(=O)c2ccc(O)cc2)ccc(O)c1O,STP00495,成功（100条，已去重）,100,2.0,1.0,1.0,molecule_ID精确匹配,全量源表未提供可核验SMILES；仅保留Swiss原始SMILES供原始行号审计
2259,4847,CCCC(C)(C)C,STP02254,成功（58条，已去重）,58,1.0,1.0,1.0,molecule_ID精确匹配,全量源表未提供可核验SMILES；仅保留Swiss原始SMILES供原始行号审计
642,4848,C=CC(C)(C)c1cc(/C=C/C(=O)c2ccc(O)cc2O)c(OC)cc1O,STP00641,成功（100条，已去重）,100,1.0,1.0,1.0,molecule_ID精确匹配,全量源表未提供可核验SMILES；仅保留Swiss原始SMILES供原始行号审计
724,4849,C=CC(C)(C)c1c(O)cc(OC)c2cc(-c3ccc(O)cc3O)c(=O)oc12,STP00723,成功（100条，已去重）,100,1.0,1.0,1.0,molecule_ID精确匹配,全量源表未提供可核验SMILES；仅保留Swiss原始SMILES供原始行号审计
1880,485,CC1=CC[C@@H]2C[C@H]1C2(C)C,STP01875,成功（100条，已去重）,100,17.0,1.0,1.0,molecule_ID精确匹配,全量源表未提供可核验SMILES；仅保留Swiss原始SMILES供原始行号审计
1252,4853,CC(C)=CCc1c(O)cc2oc(-c3ccc(O)cc3)c(O)c(=O)c2c1O,STP01250,成功（100条，已去重）,100,1.0,1.0,1.0,molecule_ID精确匹配,全量源表未提供可核验SMILES；仅保留Swiss原始SMILES供原始行号审计
2718,4855,COc1cc(O)c(-c2coc3cc(O)ccc3c2=O)c(OC)c1CC=C(C)C,STP02713,成功（100条，已去重）,100,1.0,1.0,1.0,molecule_ID精确匹配,全量源表未提供可核验SMILES；仅保留Swiss原始SMILES供原始行号审计
853,4856,COc1ccc(-c2coc3cc(O)c(CC=C(C)C)c(O)c3c2=O)cc1,STP00852,成功（100条，已去重）,100,1.0,1.0,1.0,molecule_ID精确匹配,全量源表未提供可核验SMILES；仅保留Swiss原始SMILES供原始行号审计
1313,4857,COc1ccc(-c2coc3cc(O)c(CC=C(C)C)c(O)c3c2=O)cc1O,STP01311,成功（100条，已去重）,100,1.0,1.0,1.0,molecule_ID精确匹配,全量源表未提供可核验SMILES；仅保留Swiss原始SMILES供原始行号审计
2670,4859,CCC[C@H](C)C(C)C,STP02665,成功（100条，已去重）,100,3.0,1.0,1.0,molecule_ID精确匹配,全量源表未提供可核验SMILES；仅保留Swiss原始SMILES供原始行号审计
587,486,COc1cc(O)c2c(=O)c(-c3ccc(O)cc3)coc2c1,STP00586,成功（100条，已去重）,100,4.0,1.0,1.0,molecule_ID精确匹配,全量源表未提供可核验SMILES；仅保留Swiss原始SMILES供原始行号审计
721,4863,CC(C)=CCc1c(O)cc(O)c2c(=O)c(-c3ccc(O)c(O)c3)coc12,STP00720,成功（100条，已去重）,100,1.0,1.0,1.0,molecule_ID精确匹配,全量源表未提供可核验SMILES；仅保留Swiss原始SMILES供原始行号审计
570,4864,COc1ccc(-c2coc3c(CC=C(C)C)c(O)cc(O)c3c2=O)cc1,STP00569,成功（100条，已去重）,100,1.0,1.0,1.0,molecule_ID精确匹配,全量源表未提供可核验SMILES；仅保留Swiss原始SMILES供原始行号审计
2940,4866,CC(C)=CCc1c(O)cc2oc(-c3ccc(O)c(O)c3)cc(=O)c2c1O,STP02935,成功（100条，已去重）,100,1.0,1.0,1.0,molecule_ID精确匹配,全量源表未提供可核验SMILES；仅保留Swiss原始SMILES供原始行号审计
854,487,COc1cc2c(c(OC)c1OC)-c1c(cc(OC)c(OC)c1OC)CCCC2,STP00853,成功（100条，已去重）,100,2.0,1.0,1.0,molecule_ID精确匹配,全量源表未提供可核验SMILES；仅保留Swiss原始SMILES供原始行号审计
2384,4871,CC[C@H](C)C(C)C,STP02379,成功（61条，已去重）,61,1.0,1.0,1.0,molecule_ID精确匹配,全量源表未提供可核验SMILES；仅保留Swiss原始SMILES供原始行号审计
2744,4879,COc1cc2oc(=O)c(-c3ccc(O)cc3O)cc2c(OC)c1CC=C(C)C,STP02739,成功（100条，已去重）,100,1.0,1.0,1.0,molecule_ID精确匹配,全量源表未提供可核验SMILES；仅保留Swiss原始SMILES供原始行号审计
1540,488,COc1cc2c(c(OC)c1OC)-c1c(cc3c(c1OC)OCO3)C[C@@H](C)[C@@](C)(O)C2,STP01537,成功（100条，已去重）,100,1.0,1.0,1.0,molecule_ID精确匹配,全量源表未提供可核验SMILES；仅保留Swiss原始SMILES供原始行号审计
184,4880,Cc1cc(C)c2c(n1)CCCC2,STP00183,成功（100条，已去重）,100,1.0,1.0,1.0,molecule_ID精确匹配,全量源表未提供可核验SMILES；仅保留Swiss原始SMILES供原始行号审计
648,4881,CC(C)=CCc1c(O)ccc(C(=O)/C=C/c2ccc(O)cc2O)c1O,STP00647,成功（100条，已去重）,100,4.0,1.0,1.0,molecule_ID精确匹配,全量源表未提供可核验SMILES；仅保留Swiss原始SMILES供原始行号审计
3798,4882,COc1c(CC=C(C)C)c(O)cc2oc(-c3ccc(O)cc3O)cc12,STP03792,成功（100条，已去重）,100,1.0,1.0,1.0,molecule_ID精确匹配,全量源表未提供可核验SMILES；仅保留Swiss原始SMILES供原始行号审计
1269,4883,CC(C)=CCc1c(O)ccc(-c2coc3cc(O)cc(O)c3c2=O)c1O,STP01267,成功（100条，已去重）,100,1.0,1.0,1.0,molecule_ID精确匹配,全量源表未提供可核验SMILES；仅保留Swiss原始SMILES供原始行号审计
1039,4884,CC1(C)C=Cc2c(ccc(-c3coc4cc(O)cc(O)c4c3=O)c2O)O1,STP01038,成功（100条，已去重）,100,1.0,1.0,1.0,molecule_ID精确匹配,全量源表未提供可核验SMILES；仅保留Swiss原始SMILES供原始行号审计
963,4885,CC1(C)C=Cc2c(ccc([C@@H]3COc4cc(O)cc(O)c4C3=O)c2O)O1,STP00962,成功（100条，已去重）,100,1.0,1.0,1.0,molecule_ID精确匹配,全量源表未提供可核验SMILES；仅保留Swiss原始SMILES供原始行号审计
1419,489,C=C1CC[C@@H](C(C)C)[C@@H]2C=C(C)CC[C@@H]12,STP01416,成功（100条，已去重）,100,11.0,1.0,1.0,molecule_ID精确匹配,全量源表未提供可核验SMILES；仅保留Swiss原始SMILES供原始行号审计
2675,4890,CC[C@H](C)CC(C)C,STP02670,成功（100条，已去重）,100,2.0,1.0,1.0,molecule_ID精确匹配,全量源表未提供可核验SMILES；仅保留Swiss原始SMILES供原始行号审计
57,4891,CC1(C)C=Cc2c(ccc3c2OC[C@H]2c4ccc(O)cc4O[C@@H]32)O1,STP00056,成功（100条，已去重）,100,1.0,1.0,1.0,molecule_ID精确匹配,全量源表未提供可核验SMILES；仅保留Swiss原始SMILES供原始行号审计
622,4898,CC(C)=CCc1cc(/C=C/C(=O)c2ccc(O)cc2O)cc(O)c1O,STP00621,成功（100条，已去重）,100,1.0,1.0,1.0,molecule_ID精确匹配,全量源表未提供可核验SMILES；仅保留Swiss原始SMILES供原始行号审计
92,49,C=C1[C@@H](OC(C)=O)CC[C@@]2(C)Cc3occ(C)c3C[C@@H]12,STP00091,成功（100条，已去重）,100,1.0,1.0,1.0,molecule_ID精确匹配,全量源表未提供可核验SMILES；仅保留Swiss原始SMILES供原始行号审计
479,490,COc1cc(-c2[o+]c3cc(O)cc(O)c3cc2O)cc(O)c1O,STP00478,成功（100条，已去重）,100,3.0,1.0,1.0,molecule_ID精确匹配,全量源表未提供可核验SMILES；仅保留Swiss原始SMILES供原始行号审计
3871,4903,O=C1C[C@@H](c2ccc(O[C@@H]3O[C@H](CO)[C@@H](O)[C@H](O)[C@H]3O)cc2)Oc2cc(O)ccc21,STP03865,成功（100条，已去重）,100,3.0,1.0,1.0,molecule_ID精确匹配,全量源表未提供可核验SMILES；仅保留Swiss原始SMILES供原始行号审计
1672,4904,COc1c2c(cc3oc(=O)c(-c4ccc(O)cc4O)cc13)O[C@@](C)(CO)CC2,STP01668,成功（100条，已去重）,100,1.0,1.0,1.0,molecule_ID精确匹配,全量源表未提供可核验SMILES；仅保留Swiss原始SMILES供原始行号审计
435,4907,O=c1c(-c2ccc3c(c2O)OCO3)coc2cc(O)ccc12,STP00434,成功（100条，已去重）,100,1.0,1.0,1.0,molecule_ID精确匹配,全量源表未提供可核验SMILES；仅保留Swiss原始SMILES供原始行号审计
80,4908,CC1(C)C=Cc2c(ccc3c2OC[C@@H](c2ccc(O)cc2O)C3)O1,STP00079,成功（100条，已去重）,100,2.0,1.0,1.0,molecule_ID精确匹配,全量源表未提供可核验SMILES；仅保留Swiss原始SMILES供原始行号审计
2128,4910,CC(C)=CCc1c(O)cc(O)c2c1O[C@H](c1ccccc1)CC2=O,STP02123,成功（100条，已去重）,100,1.0,1.0,1.0,molecule_ID精确匹配,全量源表未提供可核验SMILES；仅保留Swiss原始SMILES供原始行号审计
499,4911,CC1(C)C=Cc2c(O)ccc(C3=Cc4ccc(O)cc4OC3)c2O1,STP00498,成功（100条，已去重）,100,1.0,1.0,1.0,molecule_ID精确匹配,全量源表未提供可核验SMILES；仅保留Swiss原始SMILES供原始行号审计
266,4912,CC1(C)C=Cc2c(ccc(-c3coc4cc(O)ccc4c3=O)c2O)O1,STP00265,成功（100条，已去重）,100,3.0,1.0,1.0,molecule_ID精确匹配,全量源表未提供可核验SMILES；仅保留Swiss原始SMILES供原始行号审计
1904,4913,COc1ccc2c(c1)oc1c3c(O)cc(O)cc3oc(=O)c21,STP01899,成功（100条，已去重）,100,1.0,1.0,1.0,molecule_ID精确匹配,全量源表未提供可核验SMILES；仅保留Swiss原始SMILES供原始行号审计
1871,4914,COc1cc2oc3c4c(O)cc(O)cc4oc(=O)c3c2cc1OC,STP01866,成功（100条，已去重）,100,1.0,1.0,1.0,molecule_ID精确匹配,全量源表未提供可核验SMILES；仅保留Swiss原始SMILES供原始行号审计
506,4915,CC(C)=CCc1c(O)ccc(-c2coc3cc(O)ccc3c2=O)c1O,STP00505,成功（100条，已去重）,100,1.0,1.0,1.0,molecule_ID精确匹配,全量源表未提供可核验SMILES；仅保留Swiss原始SMILES供原始行号审计
2104,492,Oc1cc(O)c2c(c1)O[C@H](c1ccc(O)c(O)c1)[C@@H](O)C2,STP02099,成功（100条，已去重）,100,41.0,1.0,1.0,molecule_ID精确匹配,全量源表未提供可核验SMILES；仅保留Swiss原始SMILES供原始行号审计
1789,4924,COc1ccc2c(c1)O[C@H]1c3ccc(O[C@@H]4O[C@H](CO)[C@@H](O)[C@H](O)[C@H]4O)cc3OC[C@@H]21,STP01785,成功（100条，已去重）,100,1.0,1.0,1.0,molecule_ID精确匹配,全量源表未提供可核验SMILES；仅保留Swiss原始SMILES供原始行号审计
3574,4925,O=c1cc(-c2ccc(O)cc2)oc2c([C@@H]3O[C@H](CO)[C@@H](O)[C@H](O)[C@H]3O)c(O)cc(O)c12,STP03568,成功（100条，已去重）,100,18.0,1.0,1.0,molecule_ID精确匹配,全量源表未提供可核验SMILES；仅保留Swiss原始SMILES供原始行号审计
4155,4926,O=C1C[C@@H](c2ccc(O[C@@H]3O[C@H](CO)[C@@H](O)[C@H](O)[C@H]3O)cc2)Oc2cc(O)cc(O)c21,STP04148,成功（100条，已去重）,100,2.0,1.0,1.0,molecule_ID精确匹配,全量源表未提供可核验SMILES；仅保留Swiss原始SMILES供原始行号审计
2046,493,CC(C)[C@@H](C)CC[C@@H](C)[C@H]1CC[C@H]2[C@@H]3CC=C4C[C@H](O)CC[C@]4(C)[C@H]3CC[C@]12C,STP02041,成功（100条，已去重）,100,3.0,1.0,1.0,molecule_ID精确匹配,全量源表未提供可核验SMILES；仅保留Swiss原始SMILES供原始行号审计
2638,4934,CCCC(C)C,STP02633,成功（60条，已去重）,60,4.0,1.0,1.0,molecule_ID精确匹配,全量源表未提供可核验SMILES；仅保留Swiss原始SMILES供原始行号审计
2658,4935,CC(C)=CCc1cc([C@@H]2CC(=O)c3c(O)cc(O)cc3O2)cc(O)c1O,STP02653,成功（100条，已去重）,100,1.0,1.0,1.0,molecule_ID精确匹配,全量源表未提供可核验SMILES；仅保留Swiss原始SMILES供原始行号审计
1367,4936,COc1c(-c2cc(O)c(O)cc2CC=C(C)C)oc2ccc(O)c(O)c2c1=O,STP01365,成功（100条，已去重）,100,2.0,1.0,1.0,molecule_ID精确匹配,全量源表未提供可核验SMILES；仅保留Swiss原始SMILES供原始行号审计
1107,494,COC1=C(OC)C(=O)C([C@@H]2COc3cc(O)ccc3C2)=CC1=O,STP01106,成功（100条，已去重）,100,1.0,1.0,1.0,molecule_ID精确匹配,全量源表未提供可核验SMILES；仅保留Swiss原始SMILES供原始行号审计
1944,4941,O=C1C[C@H](c2ccc(O)cc2)Oc2cc(O)ccc21,STP01939,成功（100条，已去重）,100,4.0,1.0,1.0,molecule_ID精确匹配,全量源表未提供可核验SMILES；仅保留Swiss原始SMILES供原始行号审计
2944,4944,CCC1(O)CCC1,STP02939,成功（100条，已去重）,100,1.0,1.0,1.0,molecule_ID精确匹配,全量源表未提供可核验SMILES；仅保留Swiss原始SMILES供原始行号审计
2054,4945,CC(C)=CCc1c(O)ccc2c1O[C@H](c1ccc(O)cc1)CC2=O,STP02049,成功（100条，已去重）,100,1.0,1.0,1.0,molecule_ID精确匹配,全量源表未提供可核验SMILES；仅保留Swiss原始SMILES供原始行号审计
1660,4948,COc1c2c(cc3oc(=O)c4c5ccc(O)cc5oc4c13)OC(C)(C)CC2,STP01656,成功（100条，已去重）,100,1.0,1.0,1.0,molecule_ID精确匹配,全量源表未提供可核验SMILES；仅保留Swiss原始SMILES供原始行号审计
1208,4949,CC(C)=CCc1cc(-c2oc3cc(O)cc(O)c3c(=O)c2O)ccc1O,STP01206,成功（100条，已去重）,100,1.0,1.0,1.0,molecule_ID精确匹配,全量源表未提供可核验SMILES；仅保留Swiss原始SMILES供原始行号审计
115,495,COc1ccc(/C=C\C(=O)c2c(O)cc(OC)c(OC)c2OC)cc1,STP00114,成功（100条，已去重）,100,1.0,1.0,1.0,molecule_ID精确匹配,全量源表未提供可核验SMILES；仅保留Swiss原始SMILES供原始行号审计
275,4957,COc1ccc2c(=O)c(-c3ccc(O)cc3)coc2c1,STP00274,成功（100条，已去重）,100,2.0,1.0,1.0,molecule_ID精确匹配,全量源表未提供可核验SMILES；仅保留Swiss原始SMILES供原始行号审计
403,4959,COc1cc(O)cc2c1[C@@H]1Oc3c(ccc(O)c3CC=C(C)C)[C@@H]1CO2,STP00402,成功（100条，已去重）,100,1.0,1.0,1.0,molecule_ID精确匹配,全量源表未提供可核验SMILES；仅保留Swiss原始SMILES供原始行号审计
3923,496,OC[C@H]1O[C@@H](Oc2cc3c(O)cc(O)cc3[o+]c2-c2cc(O)c(O)c(O)c2)[C@H](O)[C@@H](O)[C@@H]1O,STP03916,成功（100条，已去重）,100,2.0,1.0,1.0,molecule_ID精确匹配,全量源表未提供可核验SMILES；仅保留Swiss原始SMILES供原始行号审计
423,4961,COc1cc(-c2oc3cc(O)cc(O)c3c(=O)c2OC)ccc1O,STP00422,成功（100条，已去重）,100,2.0,1.0,1.0,molecule_ID精确匹配,全量源表未提供可核验SMILES；仅保留Swiss原始SMILES供原始行号审计
674,4964,O=C(/C=C\c1ccccc1)c1ccc(O)cc1O,STP00673,成功（100条，已去重）,100,1.0,1.0,1.0,molecule_ID精确匹配,全量源表未提供可核验SMILES；仅保留Swiss原始SMILES供原始行号审计
595,4966,COc1ccc([C@@H]2COc3c(ccc4c3C=CC(C)(C)O4)C2)c(O)c1O,STP00594,成功（100条，已去重）,100,1.0,1.0,1.0,molecule_ID精确匹配,全量源表未提供可核验SMILES；仅保留Swiss原始SMILES供原始行号审计
2271,4967,CCC(C)(C)CC,STP02266,成功（59条，已去重）,59,3.0,1.0,1.0,molecule_ID精确匹配,全量源表未提供可核验SMILES；仅保留Swiss原始SMILES供原始行号审计
225,497,C=CC(C)(C)c1cc(/C=C/C(=O)c2ccc(O)cc2)c(OC)cc1O,STP00224,成功（100条，已去重）,100,2.0,1.0,1.0,molecule_ID精确匹配,全量源表未提供可核验SMILES；仅保留Swiss原始SMILES供原始行号审计
2943,4970,CCCC[C@H](C)CC,STP02938,成功（100条，已去重）,100,2.0,1.0,1.0,molecule_ID精确匹配,全量源表未提供可核验SMILES；仅保留Swiss原始SMILES供原始行号审计
2892,4971,CCC[C@H](C)CC,STP02887,成功（100条，已去重）,100,6.0,1.0,1.0,molecule_ID精确匹配,全量源表未提供可核验SMILES；仅保留Swiss原始SMILES供原始行号审计
2530,4972,CCC(C)CC,STP02525,成功（57条，已去重）,57,1.0,1.0,1.0,molecule_ID精确匹配,全量源表未提供可核验SMILES；仅保留Swiss原始SMILES供原始行号审计
2432,4973,CCC(CC)CC,STP02427,成功（64条，已去重）,64,2.0,1.0,1.0,molecule_ID精确匹配,全量源表未提供可核验SMILES；仅保留Swiss原始SMILES供原始行号审计
212,4974,COc1c(O)ccc([C@@H]2COc3c(ccc4c3C=CC(C)(C)O4)C2)c1O,STP00211,成功（100条，已去重）,100,1.0,1.0,1.0,molecule_ID精确匹配,全量源表未提供可核验SMILES；仅保留Swiss原始SMILES供原始行号审计
62,4978,COc1ccc([C@@H]2COc3c(ccc4c3C=CC(C)(C)O4)C2)c(O)c1,STP00061,成功（100条，已去重）,100,1.0,1.0,1.0,molecule_ID精确匹配,全量源表未提供可核验SMILES；仅保留Swiss原始SMILES供原始行号审计
2333,4980,CC(C)=CCc1cc2c(-c3ccc(O)cc3)cc(=O)oc2cc1O,STP02328,成功（100条，已去重）,100,2.0,1.0,1.0,molecule_ID精确匹配,全量源表未提供可核验SMILES；仅保留Swiss原始SMILES供原始行号审计
1034,4983,Cc1ccnc2c1CCCC2,STP01033,成功（100条，已去重）,100,1.0,1.0,1.0,molecule_ID精确匹配,全量源表未提供可核验SMILES；仅保留Swiss原始SMILES供原始行号审计
2969,4988,COc1c(CC=C(C)C)c(O)cc2c1[C@H]1Oc3cc4c(cc3[C@@H]1CO2)C=CC(C)(C)O4,STP02964,成功（100条，已去重）,100,1.0,1.0,1.0,molecule_ID精确匹配,全量源表未提供可核验SMILES；仅保留Swiss原始SMILES供原始行号审计
3001,4989,CC(C)=CCc1c(O)cc2c(c1O)C(=O)C[C@H](c1ccc(O)c(O)c1)O2,STP02996,成功（100条，已去重）,100,1.0,1.0,1.0,molecule_ID精确匹配,全量源表未提供可核验SMILES；仅保留Swiss原始SMILES供原始行号审计
457,499,COc1cc(-c2[o+]c3cc(O)cc(O)c3cc2O)cc(OC)c1O,STP00456,成功（100条，已去重）,100,3.0,1.0,1.0,molecule_ID精确匹配,全量源表未提供可核验SMILES；仅保留Swiss原始SMILES供原始行号审计
478,4990,COc1cc(O)cc2oc(=O)c(-c3ccc(O)cc3O)cc12,STP00477,成功（100条，已去重）,100,1.0,1.0,1.0,molecule_ID精确匹配,全量源表未提供可核验SMILES；仅保留Swiss原始SMILES供原始行号审计
176,4991,CC(=O)Oc1ccc2c(=O)c(-c3ccccc3)c(C)oc2c1,STP00175,成功（100条，已去重）,100,1.0,1.0,1.0,molecule_ID精确匹配,全量源表未提供可核验SMILES；仅保留Swiss原始SMILES供原始行号审计
2490,4993,CC(C)=CCc1c(O)cc(O)c2c1O[C@@H](c1ccc(O)c(O)c1)CC2=O,STP02485,成功（100条，已去重）,100,1.0,1.0,1.0,molecule_ID精确匹配,全量源表未提供可核验SMILES；仅保留Swiss原始SMILES供原始行号审计
101,50,NCC(=O)O,STP00100,成功（100条，已去重）,100,13.0,1.0,1.0,molecule_ID精确匹配,全量源表未提供可核验SMILES；仅保留Swiss原始SMILES供原始行号审计
235,500,COc1ccc([C@H]2COc3cc(O)ccc3C2)c(O)c1,STP00234,成功（100条，已去重）,100,3.0,1.0,1.0,molecule_ID精确匹配,全量源表未提供可核验SMILES；仅保留Swiss原始SMILES供原始行号审计
581,5000,COc1cc2occ(-c3ccc(O)cc3)c(=O)c2c(O)c1CC=C(C)C,STP00580,成功（100条，已去重）,100,1.0,1.0,1.0,molecule_ID精确匹配,全量源表未提供可核验SMILES；仅保留Swiss原始SMILES供原始行号审计
3562,5001,CC(C)=CCc1c(O)cc2occ(-c3cc(O)c4c(c3)C=CC(C)(C)O4)c(=O)c2c1O,STP03556,成功（100条，已去重）,100,1.0,1.0,1.0,molecule_ID精确匹配,全量源表未提供可核验SMILES；仅保留Swiss原始SMILES供原始行号审计
38,5003,COc1ccc2c(c1)O[C@H]1c3ccc(O)c(CC=C(C)C)c3OC[C@@H]21,STP00037,成功（100条，已去重）,100,1.0,1.0,1.0,molecule_ID精确匹配,全量源表未提供可核验SMILES；仅保留Swiss原始SMILES供原始行号审计
757,5007,COc1cc(O)cc2c1C(=O)[C@H](c1ccc3c(c1O)C=CC(C)(C)O3)CO2,STP00756,成功（100条，已去重）,100,1.0,1.0,1.0,molecule_ID精确匹配,全量源表未提供可核验SMILES；仅保留Swiss原始SMILES供原始行号审计
958,5008,CC1(C)Oc2ccc(-c3oc4cc(O)cc(O)c4c(=O)c3O)cc2C[C@H]1O,STP00957,成功（100条，已去重）,100,1.0,1.0,1.0,molecule_ID精确匹配,全量源表未提供可核验SMILES；仅保留Swiss原始SMILES供原始行号审计
2381,501,COc1cc2c(cc1O)O[C@@H](c1ccc(O)c(O)c1)CC2=O,STP02376,成功（100条，已去重）,100,1.0,1.0,1.0,molecule_ID精确匹配,全量源表未提供可核验SMILES；仅保留Swiss原始SMILES供原始行号审计
572,5012,C=C(C)[C@H]1Cc2c(cc3occ(-c4ccc(O)cc4)c(=O)c3c2O)O1,STP00571,成功（100条，已去重）,100,1.0,1.0,1.0,molecule_ID精确匹配,全量源表未提供可核验SMILES；仅保留Swiss原始SMILES供原始行号审计
439,5016,COc1ccc(-c2coc3cc(O)c(OC)cc3c2=O)cc1O,STP00438,成功（100条，已去重）,100,1.0,1.0,1.0,molecule_ID精确匹配,全量源表未提供可核验SMILES；仅保留Swiss原始SMILES供原始行号审计
898,5017,CC(C)=CCc1c(O)ccc2c1oc(=O)c1c3ccc(O)cc3oc21,STP00897,成功（100条，已去重）,100,2.0,1.0,1.0,molecule_ID精确匹配,全量源表未提供可核验SMILES；仅保留Swiss原始SMILES供原始行号审计
3220,5018,CC1(C)C=Cc2cc([C@@H]3CC(=O)c4ccc5c(c4O3)C=CC(C)(C)O5)ccc2O1,STP03215,成功（100条，已去重）,100,1.0,1.0,1.0,molecule_ID精确匹配,全量源表未提供可核验SMILES；仅保留Swiss原始SMILES供原始行号审计
556,502,COc1cc(O)c2c(=O)c(-c3ccc(O)cc3O)coc2c1,STP00555,成功（100条，已去重）,100,1.0,1.0,1.0,molecule_ID精确匹配,全量源表未提供可核验SMILES；仅保留Swiss原始SMILES供原始行号审计
1253,5020,CC(C)=CCc1c(O)cc2c(c1O)C=C(c1ccc(O)cc1O)CO2,STP01251,成功（100条，已去重）,100,1.0,1.0,1.0,molecule_ID精确匹配,全量源表未提供可核验SMILES；仅保留Swiss原始SMILES供原始行号审计
3019,5021,COC(=O)c1ccccc1C(=O)OC,STP03014,成功（100条，已去重）,100,8.0,1.0,1.0,molecule_ID精确匹配,全量源表未提供可核验SMILES；仅保留Swiss原始SMILES供原始行号审计
3675,5022,Cc1cccc2cccc(C)c12,STP03669,成功（100条，已去重）,100,4.0,1.0,1.0,molecule_ID精确匹配,全量源表未提供可核验SMILES；仅保留Swiss原始SMILES供原始行号审计
2804,5023,CC[C@@H](C)O,STP02799,成功（100条，已去重）,100,1.0,1.0,1.0,molecule_ID精确匹配,全量源表未提供可核验SMILES；仅保留Swiss原始SMILES供原始行号审计
2826,504,C=C(C)O[C@H]1c2cc3c(c(OC)c2-c2c(cc(OC)c(OC)c2OC)C[C@@H](C)[C@H]1C)OCO3,STP02821,成功（100条，已去重）,100,1.0,1.0,1.0,molecule_ID精确匹配,全量源表未提供可核验SMILES；仅保留Swiss原始SMILES供原始行号审计
2063,5040,CC(=O)c1cc(CO)c2cccc(O)c2c1O,STP02058,成功（100条，已去重）,100,1.0,1.0,1.0,molecule_ID精确匹配,全量源表未提供可核验SMILES；仅保留Swiss原始SMILES供原始行号审计
781,5045,C[C@H]1C[C@@H](O)Cc2cc(O)cc(O)c21,STP00780,成功（100条，已去重）,100,1.0,1.0,1.0,molecule_ID精确匹配,全量源表未提供可核验SMILES；仅保留Swiss原始SMILES供原始行号审计
1507,5054,CC(=O)Cc1cc(=O)c2c(C)cc(O)cc2o1,STP01504,成功（100条，已去重）,100,1.0,1.0,1.0,molecule_ID精确匹配,全量源表未提供可核验SMILES；仅保留Swiss原始SMILES供原始行号审计
1500,5059,COc1c2c(cc3cccc(O)c13)C(=O)O[C@@H]2C,STP01497,成功（100条，已去重）,100,1.0,1.0,1.0,molecule_ID精确匹配,全量源表未提供可核验SMILES；仅保留Swiss原始SMILES供原始行号审计
1794,506,C1CCN2C[C@H]3C[C@H](CN4CCCC[C@@H]34)[C@H]2C1,STP01790,成功（100条，已去重）,100,1.0,1.0,1.0,molecule_ID精确匹配,全量源表未提供可核验SMILES；仅保留Swiss原始SMILES供原始行号审计
3217,5060,O=C1c2c(O)cccc2[C@@H]([C@@H]2O[C@H](CO)[C@@H](O)[C@H](O)[C@H]2O)c2cc(CO)cc(O)c21,STP03212,成功（100条，已去重）,100,1.0,1.0,1.0,molecule_ID精确匹配,全量源表未提供可核验SMILES；仅保留Swiss原始SMILES供原始行号审计
1444,5068,CC(C)=C1C/C=C(/C)CCC/C(C)=C\C1=O,STP01441,成功（100条，已去重）,100,1.0,1.0,1.0,molecule_ID精确匹配,全量源表未提供可核验SMILES；仅保留Swiss原始SMILES供原始行号审计
448,507,O=c1c(-c2ccc3c(c2)OCO3)coc2cc(O)ccc12,STP00447,成功（100条，已去重）,100,1.0,1.0,1.0,molecule_ID精确匹配,全量源表未提供可核验SMILES；仅保留Swiss原始SMILES供原始行号审计
2893,5073,CCOC(=O)[C@@H]1CC(=O)c2oc(=O)c3cc(O)c(O)c(O)c3c21,STP02888,成功（100条，已去重）,100,1.0,1.0,1.0,molecule_ID精确匹配,全量源表未提供可核验SMILES；仅保留Swiss原始SMILES供原始行号审计
4051,5074,O=C(O)C1=C[C@@H](O)[C@@H](O)[C@H](O)C1,STP04044,成功（100条，已去重）,100,13.0,1.0,1.0,molecule_ID精确匹配,全量源表未提供可核验SMILES；仅保留Swiss原始SMILES供原始行号审计
4208,5079,O=C(O[C@@H]1O[C@@H]2COC(=O)c3cc(O)c(O)c(O)c3-c3c(cc(O)c(O)c3O)C(=O)O[C@H]([C@H]1O)[C@@H]2O)c1cc(O)c(O)c(O)c1,STP04201,成功（100条，已去重）,100,5.0,1.0,1.0,molecule_ID精确匹配,全量源表未提供可核验SMILES；仅保留Swiss原始SMILES供原始行号审计
533,5081,COc1cc(OC)c2ccc(=O)oc2c1OCC=C(C)C,STP00532,成功（100条，已去重）,100,1.0,1.0,1.0,molecule_ID精确匹配,全量源表未提供可核验SMILES；仅保留Swiss原始SMILES供原始行号审计
1515,5082,COc1cc(OC)c2ccc(=O)oc2c1OC,STP01512,成功（100条，已去重）,100,1.0,1.0,1.0,molecule_ID精确匹配,全量源表未提供可核验SMILES；仅保留Swiss原始SMILES供原始行号审计
2643,5083,COc1ccc2c(c1OC)[C@@H](OC)N(C)c1c-2ccc2cc3c(cc12)OCO3,STP02638,成功（100条，已去重）,100,1.0,1.0,1.0,molecule_ID精确匹配,全量源表未提供可核验SMILES；仅保留Swiss原始SMILES供原始行号审计
2631,5084,COc1ccc2c(c1O)[C@@H](OC)N(C)c1c-2ccc2cc3c(cc12)OCO3,STP02626,成功（100条，已去重）,100,1.0,1.0,1.0,molecule_ID精确匹配,全量源表未提供可核验SMILES；仅保留Swiss原始SMILES供原始行号审计
129,5086,COc1cc2c(cc1OC)-c1ccc3cc4c(cc3c1N(C)C2)OCO4,STP00128,成功（100条，已去重）,100,1.0,1.0,1.0,molecule_ID精确匹配,全量源表未提供可核验SMILES；仅保留Swiss原始SMILES供原始行号审计
867,5087,CC1=C(O)C(=O)[C@H](C(C)C)CC1,STP00866,成功（100条，已去重）,100,3.0,1.0,1.0,molecule_ID精确匹配,全量源表未提供可核验SMILES；仅保留Swiss原始SMILES供原始行号审计
11,509,COc1ccc([C@@H]2COc3cc(OC)ccc3C2)c(O)c1,STP00010,成功（100条，已去重）,100,1.0,1.0,1.0,molecule_ID精确匹配,全量源表未提供可核验SMILES；仅保留Swiss原始SMILES供原始行号审计
430,5091,COc1ccc(-c2ccc3cc4c(cc3c2N(C)C=O)OCO4)c(O)c1OC,STP00429,成功（100条，已去重）,100,1.0,1.0,1.0,molecule_ID精确匹配,全量源表未提供可核验SMILES；仅保留Swiss原始SMILES供原始行号审计
2424,5093,COc1ccc(-c2cc(=O)c3c(O)cc(O[C@@H]4O[C@H](CO[C@@H]5O[C@@H](C)[C@H](O)[C@@H](O)[C@H]5O)[C@@H](O)[C@H](O)[C@H]4O)cc3o2)cc1O,STP02419,成功（100条，已去重）,100,9.0,1.0,1.0,molecule_ID精确匹配,全量源表未提供可核验SMILES；仅保留Swiss原始SMILES供原始行号审计
1199,5094,COc1c(C[C@@H](O)C(C)(C)O)c(=O)n(C)c2ccccc12,STP01197,成功（100条，已去重）,100,2.0,1.0,1.0,molecule_ID精确匹配,全量源表未提供可核验SMILES；仅保留Swiss原始SMILES供原始行号审计
3054,5097,COc1ccc([C@@H]2OC[C@@H]3[C@H]2CO[C@@H]3c2ccc3c(c2)OCO3)cc1O,STP03049,成功（100条，已去重）,100,1.0,1.0,1.0,molecule_ID精确匹配,全量源表未提供可核验SMILES；仅保留Swiss原始SMILES供原始行号审计
588,510,COc1ccc(-c2coc3cc(O)cc(O)c3c2=O)cc1,STP00587,成功（100条，已去重）,100,4.0,1.0,1.0,molecule_ID精确匹配,全量源表未提供可核验SMILES；仅保留Swiss原始SMILES供原始行号审计
2263,5100,COc1ccc([C@H]2CC(=O)c3c(O)cc(O)cc3O2)cc1O,STP02258,成功（100条，已去重）,100,17.0,1.0,1.0,molecule_ID精确匹配,全量源表未提供可核验SMILES；仅保留Swiss原始SMILES供原始行号审计
2403,5101,COc1cc2c[n+](C)c3c4cc5c(cc4ccc3c2cc1OC)OCO5,STP02398,成功（100条，已去重）,100,2.0,1.0,1.0,molecule_ID精确匹配,全量源表未提供可核验SMILES；仅保留Swiss原始SMILES供原始行号审计
2470,5102,COc1cc2c(=O)n(C)c3c4cc5c(cc4ccc3c2cc1OC)OCO5,STP02465,成功（100条，已去重）,100,1.0,1.0,1.0,molecule_ID精确匹配,全量源表未提供可核验SMILES；仅保留Swiss原始SMILES供原始行号审计
2918,5103,COc1cc2oc(=O)ccc2c(OC)c1C[C@@H](O)C(C)(C)O,STP02913,成功（100条，已去重）,100,1.0,1.0,1.0,molecule_ID精确匹配,全量源表未提供可核验SMILES；仅保留Swiss原始SMILES供原始行号审计
2436,5105,COc1ccc2c(c1OC)c(=O)n(C)c1c3cc4c(cc3ccc21)OCO4,STP02431,成功（100条，已去重）,100,1.0,1.0,1.0,molecule_ID精确匹配,全量源表未提供可核验SMILES；仅保留Swiss原始SMILES供原始行号审计
2368,5106,COc1cc2c(cc1O)c(=O)n(C)c1c3cc4c(cc3ccc21)OCO4,STP02363,成功（100条，已去重）,100,1.0,1.0,1.0,molecule_ID精确匹配,全量源表未提供可核验SMILES；仅保留Swiss原始SMILES供原始行号审计
2627,5107,CCO[C@H]1c2c(ccc(OC)c2OC)-c2ccc3cc4c(cc3c2N1C)OCO4,STP02622,成功（100条，已去重）,100,1.0,1.0,1.0,molecule_ID精确匹配,全量源表未提供可核验SMILES；仅保留Swiss原始SMILES供原始行号审计
2526,5108,COc1ccc2c(c[n+](C)c3c4cc5c(cc4ccc23)OCO5)c1O,STP02521,成功（100条，已去重）,100,1.0,1.0,1.0,molecule_ID精确匹配,全量源表未提供可核验SMILES；仅保留Swiss原始SMILES供原始行号审计
2282,5109,CC#CCc1cc2ccccc2c(=O)o1,STP02277,成功（100条，已去重）,100,2.0,1.0,1.0,molecule_ID精确匹配,全量源表未提供可核验SMILES；仅保留Swiss原始SMILES供原始行号审计
4196,511,C[C@H]1[C@H](C)CC[C@]2(C(=O)O)CC[C@]3(C)C(=CC[C@@H]4[C@@]5(C)CC[C@H](O)C(C)(C)[C@@H]5CC[C@]43C)[C@H]12,STP04189,成功（100条，已去重）,100,81.0,1.0,1.0,molecule_ID精确匹配,全量源表未提供可核验SMILES；仅保留Swiss原始SMILES供原始行号审计
717,5110,Cc1ccc2c(c1)CCCC2(C)C,STP00716,成功（100条，已去重）,100,5.0,1.0,1.0,molecule_ID精确匹配,全量源表未提供可核验SMILES；仅保留Swiss原始SMILES供原始行号审计
4118,5112,C=C/C(C)=C/CCC(C)(C)O,STP04111,成功（100条，已去重）,100,1.0,1.0,1.0,molecule_ID精确匹配,全量源表未提供可核验SMILES；仅保留Swiss原始SMILES供原始行号审计
2831,5125,COc1ccc(C(=O)O)cc1,STP02826,成功（100条，已去重）,100,9.0,1.0,1.0,molecule_ID精确匹配,全量源表未提供可核验SMILES；仅保留Swiss原始SMILES供原始行号审计
2568,513,O=C(O)c1cc(O)c(O)c(O)c1,STP02563,成功（100条，已去重）,100,55.0,1.0,1.0,molecule_ID精确匹配,全量源表未提供可核验SMILES；仅保留Swiss原始SMILES供原始行号审计
1696,5132,C[C@H]1O[C@@H](C)O[C@@H](C)O1,STP01692,成功（100条，已去重）,100,1.0,1.0,1.0,molecule_ID精确匹配,全量源表未提供可核验SMILES；仅保留Swiss原始SMILES供原始行号审计
1372,5140,COC(=O)c1c(C)cc(OC)cc1O,STP01370,成功（100条，已去重）,100,2.0,1.0,1.0,molecule_ID精确匹配,全量源表未提供可核验SMILES；仅保留Swiss原始SMILES供原始行号审计
2091,5143,COc1c(-c2ccc(O)c(O)c2)oc2cc(O)cc(OC)c2c1=O,STP02086,成功（100条，已去重）,100,2.0,1.0,1.0,molecule_ID精确匹配,全量源表未提供可核验SMILES；仅保留Swiss原始SMILES供原始行号审计
883,5147,C/C=C1/[C@@H](O)OC=C(C(=O)OC)[C@@H]1CC(=O)OCCc1ccc(OC)c(OC)c1,STP00882,成功（100条，已去重）,100,1.0,1.0,1.0,molecule_ID精确匹配,全量源表未提供可核验SMILES；仅保留Swiss原始SMILES供原始行号审计
1756,5151,C=C[C@](C)(CCC=C(C)C)OC(C)=O,STP01752,成功（100条，已去重）,100,7.0,1.0,1.0,molecule_ID精确匹配,全量源表未提供可核验SMILES；仅保留Swiss原始SMILES供原始行号审计
1817,5160,COC(=O)C1=CO[C@@H](O)[C@H]2[C@@H]1CC(=O)[C@@H]2C,STP01812,成功（100条，已去重）,100,1.0,1.0,1.0,molecule_ID精确匹配,全量源表未提供可核验SMILES；仅保留Swiss原始SMILES供原始行号审计
1364,517,O=C(/C=C\c1ccccc1)OC[C@@H]1O[C@@H]1c1ccccc1,STP01362,成功（100条，已去重）,100,1.0,1.0,1.0,molecule_ID精确匹配,全量源表未提供可核验SMILES；仅保留Swiss原始SMILES供原始行号审计
1836,5173,C/C=C1/[C@H](O)OC=C(C(=O)OC)[C@H]1CC(=O)OC,STP01831,成功（100条，已去重）,100,1.0,1.0,1.0,molecule_ID精确匹配,全量源表未提供可核验SMILES；仅保留Swiss原始SMILES供原始行号审计
3365,5180,CO[C@H]1O[C@H](CO)[C@H](O)[C@H](O)[C@H]1O,STP03359,成功（100条，已去重）,100,2.0,1.0,1.0,molecule_ID精确匹配,全量源表未提供可核验SMILES；仅保留Swiss原始SMILES供原始行号审计
800,519,C[C@@H](CO)C1=C(O)C(=O)c2c(ccc3c2CCCC3(C)C)C1=O,STP00799,成功（100条，已去重）,100,2.0,1.0,1.0,molecule_ID精确匹配,全量源表未提供可核验SMILES；仅保留Swiss原始SMILES供原始行号审计
2076,5190,O=C1C[C@@H](c2ccc(O)c(O)c2)Oc2cc(O)cc(O)c21,STP02071,成功（100条，已去重）,100,7.0,1.0,1.0,molecule_ID精确匹配,全量源表未提供可核验SMILES；仅保留Swiss原始SMILES供原始行号审计
1173,52,N[C@@H](CCC(=O)O)C(=O)O,STP01172,成功（100条，已去重）,100,15.0,1.0,1.0,molecule_ID精确匹配,全量源表未提供可核验SMILES；仅保留Swiss原始SMILES供原始行号审计
2810,520,C[C@H]1[C@H](C)CC[C@]2(C)CC[C@]3(C)C(=CC[C@@H]4[C@@]5(C)CC[C@H](O)C(C)(C)[C@@H]5CC[C@]43C)[C@H]12,STP02805,成功（100条，已去重）,100,22.0,1.0,1.0,molecule_ID精确匹配,全量源表未提供可核验SMILES；仅保留Swiss原始SMILES供原始行号审计
2932,5206,COC(=O)C[C@@H]1C(C(=O)OC)=CO[C@@H](O)/C1=C/CO,STP02927,成功（100条，已去重）,100,1.0,1.0,1.0,molecule_ID精确匹配,全量源表未提供可核验SMILES；仅保留Swiss原始SMILES供原始行号审计
2836,5216,CC#CC#C/C=C1\C=C[C@]2(CCCC2=O)C1=O,STP02831,成功（100条，已去重）,100,1.0,1.0,1.0,molecule_ID精确匹配,全量源表未提供可核验SMILES；仅保留Swiss原始SMILES供原始行号审计
3103,522,COc1ccc(C[C@H]2COC(=O)[C@@H]2Cc2ccc(O[C@@H]3O[C@H](CO)[C@@H](O)[C@H](O)[C@H]3O)c(OC)c2)cc1OC,STP03098,成功（100条，已去重）,100,3.0,1.0,1.0,molecule_ID精确匹配,全量源表未提供可核验SMILES；仅保留Swiss原始SMILES供原始行号审计
900,5220,CNC(=O)Oc1ccc2c(c1)[C@]1(C)CCN(C(=O)NC)[C@@H]1N2C,STP00899,成功（100条，已去重）,100,2.0,1.0,1.0,molecule_ID精确匹配,全量源表未提供可核验SMILES；仅保留Swiss原始SMILES供原始行号审计
378,5223,COc1ccc(C[C@@H]2c3cc(OC)c(OC)cc3CCN2C)cc1O,STP00377,成功（100条，已去重）,100,1.0,1.0,1.0,molecule_ID精确匹配,全量源表未提供可核验SMILES；仅保留Swiss原始SMILES供原始行号审计
2645,5227,COc1ccc(-c2oc3cc(OC)c(OC)c(O)c3c(=O)c2OC)cc1O,STP02640,成功（100条，已去重）,100,3.0,1.0,1.0,molecule_ID精确匹配,全量源表未提供可核验SMILES；仅保留Swiss原始SMILES供原始行号审计
629,5229,COc1ccc(-c2oc3cc(OC)c(OC)c(O)c3c(=O)c2OC)cc1OC,STP00628,成功（100条，已去重）,100,5.0,1.0,1.0,molecule_ID精确匹配,全量源表未提供可核验SMILES；仅保留Swiss原始SMILES供原始行号审计
621,523,COc1cc(C[C@H]2C(=O)OC[C@@H]2Cc2ccc(OC)c(OC)c2)ccc1O,STP00620,成功（100条，已去重）,100,4.0,1.0,1.0,molecule_ID精确匹配,全量源表未提供可核验SMILES；仅保留Swiss原始SMILES供原始行号审计
1692,5235,CCCCCCCCCCCC1=C(O)C(=O)C=C(O)C1=O,STP01688,成功（100条，已去重）,100,4.0,1.0,1.0,molecule_ID精确匹配,全量源表未提供可核验SMILES；仅保留Swiss原始SMILES供原始行号审计
2325,5239,COc1cc2ccnc3c2c(c1OC)-c1ccccc1C3=O,STP02320,成功（100条，已去重）,100,3.0,1.0,1.0,molecule_ID精确匹配,全量源表未提供可核验SMILES；仅保留Swiss原始SMILES供原始行号审计
1587,5244,CC[C@H](C)C(=O)O,STP01584,成功（100条，已去重）,100,5.0,1.0,1.0,molecule_ID精确匹配,全量源表未提供可核验SMILES；仅保留Swiss原始SMILES供原始行号审计
2019,525,O=c1cc(-c2ccccc2)oc2c(O)c(O)cc(O)c12,STP02014,成功（100条，已去重）,100,2.0,1.0,1.0,molecule_ID精确匹配,全量源表未提供可核验SMILES；仅保留Swiss原始SMILES供原始行号审计
1255,5257,CN1C[C@](O)(CO)C=C2c3cccc4[nH]cc(c34)C[C@H]21,STP01253,成功（100条，已去重）,100,1.0,1.0,1.0,molecule_ID精确匹配,全量源表未提供可核验SMILES；仅保留Swiss原始SMILES供原始行号审计
1473,5259,C[C@H](O)[C@@H](C)C(=O)O,STP01470,成功（100条，已去重）,100,1.0,1.0,1.0,molecule_ID精确匹配,全量源表未提供可核验SMILES；仅保留Swiss原始SMILES供原始行号审计
1574,5260,CN[C@@H]1Cc2c[nH]c3cccc(c23)[C@H]1/C=C(\C)CO,STP01571,成功（100条，已去重）,100,1.0,1.0,1.0,molecule_ID精确匹配,全量源表未提供可核验SMILES；仅保留Swiss原始SMILES供原始行号审计
889,5261,CN1C[C@H](CO)C=C2c3cccc4[nH]cc(c34)C[C@H]21,STP00888,成功（100条，已去重）,100,1.0,1.0,1.0,molecule_ID精确匹配,全量源表未提供可核验SMILES；仅保留Swiss原始SMILES供原始行号审计
116,5266,CC1=C[C@@H]2c3cccc4[nH]cc(c34)C[C@H]2N(C)C1,STP00115,成功（100条，已去重）,100,1.0,1.0,1.0,molecule_ID精确匹配,全量源表未提供可核验SMILES；仅保留Swiss原始SMILES供原始行号审计
287,5267,CN1CC(CO)=C[C@H]2c3cccc4[nH]cc(c34)C[C@H]21,STP00286,成功（100条，已去重）,100,1.0,1.0,1.0,molecule_ID精确匹配,全量源表未提供可核验SMILES；仅保留Swiss原始SMILES供原始行号审计
2953,5269,CC1(C)O[C@@]2(C)CCC[C@@]3(C)CCC[C@@H]1[C@@H]32,STP02948,成功（100条，已去重）,100,1.0,1.0,1.0,molecule_ID精确匹配,全量源表未提供可核验SMILES；仅保留Swiss原始SMILES供原始行号审计
2277,527,O=c1cc(-c2ccc(O[C@H]3O[C@H](CO)[C@@H](O)[C@H](O)[C@H]3O)c(O)c2)oc2cc(O)cc(O)c12,STP02272,成功（100条，已去重）,100,1.0,1.0,1.0,molecule_ID精确匹配,全量源表未提供可核验SMILES；仅保留Swiss原始SMILES供原始行号审计
2473,5274,CCC(C)(C)C,STP02468,成功（42条，已去重）,42,4.0,1.0,1.0,molecule_ID精确匹配,全量源表未提供可核验SMILES；仅保留Swiss原始SMILES供原始行号审计
181,528,CC[C@@H]1C[C@H]2CN3CCc4c([nH]c5ccc(OC)cc45)[C@@](C(=O)OC)(C2)[C@H]13,STP00180,成功（100条，已去重）,100,1.0,1.0,1.0,molecule_ID精确匹配,全量源表未提供可核验SMILES；仅保留Swiss原始SMILES供原始行号审计
124,529,CC[C@H]1C[C@@H]2C[C@H]3c4[nH]c5ccc(OC)cc5c4CCN(C2)[C@@H]13,STP00123,成功（100条，已去重）,100,1.0,1.0,1.0,molecule_ID精确匹配,全量源表未提供可核验SMILES；仅保留Swiss原始SMILES供原始行号审计
966,5290,COc1c(C)cc(C(=O)O)cc1C,STP00965,成功（100条，已去重）,100,2.0,1.0,1.0,molecule_ID精确匹配,全量源表未提供可核验SMILES；仅保留Swiss原始SMILES供原始行号审计
2656,5293,CCCCC(C)(CC)CC,STP02651,成功（100条，已去重）,100,3.0,1.0,1.0,molecule_ID精确匹配,全量源表未提供可核验SMILES；仅保留Swiss原始SMILES供原始行号审计
2964,5294,CCCC[C@@H](C)CC,STP02959,成功（100条，已去重）,100,2.0,1.0,1.0,molecule_ID精确匹配,全量源表未提供可核验SMILES；仅保留Swiss原始SMILES供原始行号审计
2554,5305,COc1c(O)cc2oc(-c3ccc(O)c(O)c3)cc(=O)c2c1O,STP02549,成功（100条，已去重）,100,4.0,1.0,1.0,molecule_ID精确匹配,全量源表未提供可核验SMILES；仅保留Swiss原始SMILES供原始行号审计
3249,5308,C=C(C(=O)O[C@@H]1C[C@@H]2N[C@H](C1)[C@H]1O[C@H]12)c1ccccc1,STP03243,成功（100条，已去重）,100,1.0,1.0,1.0,molecule_ID精确匹配,全量源表未提供可核验SMILES；仅保留Swiss原始SMILES供原始行号审计
3067,5313,O=C(O)CCCC[C@H]1SC[C@H]2NC(=O)N[C@H]21,STP03062,成功（100条，已去重）,100,1.0,1.0,1.0,molecule_ID精确匹配,全量源表未提供可核验SMILES；仅保留Swiss原始SMILES供原始行号审计
3242,5316,O=C(O)[C@H]1O[C@H](O)[C@@H](O)[C@@H](O)[C@@H]1O,STP03236,成功（100条，已去重）,100,1.0,1.0,1.0,molecule_ID精确匹配,全量源表未提供可核验SMILES；仅保留Swiss原始SMILES供原始行号审计
3033,5318,O=C(O)c1ccc(O)cc1Nc1cc(O)ccc1C(=O)O,STP03028,成功（100条，已去重）,100,1.0,1.0,1.0,molecule_ID精确匹配,全量源表未提供可核验SMILES；仅保留Swiss原始SMILES供原始行号审计
2763,532,COc1cc(C[C@H]2COC(=O)[C@]2(O)Cc2ccc(O)c(OC)c2)ccc1O,STP02758,成功（100条，已去重）,100,3.0,1.0,1.0,molecule_ID精确匹配,全量源表未提供可核验SMILES；仅保留Swiss原始SMILES供原始行号审计
2813,5320,CCCCC/C=C/C/C=C/C/C=C/C/C=C/CCCC(=O)O,STP02808,成功（100条，已去重）,100,2.0,1.0,1.0,molecule_ID精确匹配,全量源表未提供可核验SMILES；仅保留Swiss原始SMILES供原始行号审计
983,5321,O=c1oc2ccccc2c2oc3ccccc3c(=O)c12,STP00982,成功（100条，已去重）,100,2.0,1.0,1.0,molecule_ID精确匹配,全量源表未提供可核验SMILES；仅保留Swiss原始SMILES供原始行号审计
597,5322,C=C1CCC[C@]2(C)CCC(=C(C)C)C[C@H]12,STP00596,成功（100条，已去重）,100,2.0,1.0,1.0,molecule_ID精确匹配,全量源表未提供可核验SMILES；仅保留Swiss原始SMILES供原始行号审计
2746,533,COc1ccc(C[C@H]2COC(=O)[C@]2(O)Cc2ccc(O[C@@H]3O[C@H](CO)[C@@H](O)[C@H](O)[C@H]3O)c(OC)c2)cc1OC,STP02741,成功（100条，已去重）,100,1.0,1.0,1.0,molecule_ID精确匹配,全量源表未提供可核验SMILES；仅保留Swiss原始SMILES供原始行号审计
4189,5344,CC(C)=CCC[C@](C)(O)[C@H]1CC[C@]2(C)[C@@H]1[C@H](O)C[C@@H]1[C@@]3(C)CC[C@H](O[C@@H]4O[C@H](CO)[C@@H](O)[C@H](O)[C@H]4O)C(C)(C)[C@@H]3CC[C@]12C,STP04182,成功（100条，已去重）,100,5.0,1.0,1.0,molecule_ID精确匹配,全量源表未提供可核验SMILES；仅保留Swiss原始SMILES供原始行号审计
3568,535,CO[C@@H]1[C@H](O)[C@H](OC)[C@@H](O)[C@H](O)[C@H]1O,STP03562,成功（100条，已去重）,100,1.0,1.0,1.0,molecule_ID精确匹配,全量源表未提供可核验SMILES；仅保留Swiss原始SMILES供原始行号审计
3576,5351,C=CCCCCC[C@@H]1O[C@@H]1CC#CC#C[C@@H](O)C=C,STP03570,成功（100条，已去重）,100,1.0,1.0,1.0,molecule_ID精确匹配,全量源表未提供可核验SMILES；仅保留Swiss原始SMILES供原始行号审计
3452,5352,C=CCCCCC[C@H](Cl)[C@@H](O)CC#CC#C[C@@H](O)C=C,STP03446,成功（100条，已去重）,100,1.0,1.0,1.0,molecule_ID精确匹配,全量源表未提供可核验SMILES；仅保留Swiss原始SMILES供原始行号审计
3637,5354,CCCCCCC[C@@H]1O[C@@H]1CC#CC#C[C@@H](O)CC,STP03631,成功（100条，已去重）,100,1.0,1.0,1.0,molecule_ID精确匹配,全量源表未提供可核验SMILES；仅保留Swiss原始SMILES供原始行号审计
3298,5355,C=CC(=O)C#CC#CC[C@H]1O[C@H]1CCCCCCC,STP03292,成功（100条，已去重）,100,1.0,1.0,1.0,molecule_ID精确匹配,全量源表未提供可核验SMILES；仅保留Swiss原始SMILES供原始行号审计
1581,5356,Cc1cc2c([nH]c3ccccc32)c2c1OC(C)(C)C=C2,STP01578,成功（100条，已去重）,100,1.0,1.0,1.0,molecule_ID精确匹配,全量源表未提供可核验SMILES；仅保留Swiss原始SMILES供原始行号审计
3340,5358,O=C(O)C[C@@H](C(=O)O)[C@@H](O)C(=O)O,STP03334,成功（100条，已去重）,100,1.0,1.0,1.0,molecule_ID精确匹配,全量源表未提供可核验SMILES；仅保留Swiss原始SMILES供原始行号审计
3425,5366,CCCCCCCCC1=C(CCCCCCC(=O)O)C1,STP03419,成功（100条，已去重）,100,3.0,1.0,1.0,molecule_ID精确匹配,全量源表未提供可核验SMILES；仅保留Swiss原始SMILES供原始行号审计
1099,5367,OC[C@H]1O[C@@H](O)[C@@H](O)[C@@H](O)[C@@H]1O,STP01098,成功（100条，已去重）,100,6.0,1.0,1.0,molecule_ID精确匹配,全量源表未提供可核验SMILES；仅保留Swiss原始SMILES供原始行号审计
2823,5369,CC#CC#C/C=C1\C=C[C@@]2(OC=C[C@@H]2O)O1,STP02818,成功（100条，已去重）,100,1.0,1.0,1.0,molecule_ID精确匹配,全量源表未提供可核验SMILES；仅保留Swiss原始SMILES供原始行号审计
784,537,COc1cc(C[C@H]2COC(=O)[C@@H]2Cc2ccc(O)c(OC)c2)ccc1O,STP00783,成功（100条，已去重）,100,5.0,1.0,1.0,molecule_ID精确匹配,全量源表未提供可核验SMILES；仅保留Swiss原始SMILES供原始行号审计
3901,5383,C[Se]C[C@H](N)C(=O)O,STP03894,成功（2条，已去重）,2,1.0,1.0,1.0,molecule_ID精确匹配,全量源表未提供可核验SMILES；仅保留Swiss原始SMILES供原始行号审计
2590,5384,COc1ccc(C[C@H]2COC(=O)/C2=C\c2ccc3c(c2)OCO3)cc1OC,STP02585,成功（100条，已去重）,100,3.0,1.0,1.0,molecule_ID精确匹配,全量源表未提供可核验SMILES；仅保留Swiss原始SMILES供原始行号审计
3830,5385,O=C(OC[C@@]1(O)CO[C@@H](O)[C@@H]1O)c1cc(O)c(O)c(O)c1,STP03824,成功（100条，已去重）,100,1.0,1.0,1.0,molecule_ID精确匹配,全量源表未提供可核验SMILES；仅保留Swiss原始SMILES供原始行号审计
3914,5386,C[C@@H]1C(=O)O[C@H]2[C@H]1CC[C@@]1(C)C(=O)C=C[C@@](C)(O)[C@H]21,STP03907,成功（100条，已去重）,100,6.0,1.0,1.0,molecule_ID精确匹配,全量源表未提供可核验SMILES；仅保留Swiss原始SMILES供原始行号审计
2733,5391,C=C/C(C)=C\C/C=C(/C)CCC=C(C)C,STP02728,成功（100条，已去重）,100,7.0,1.0,1.0,molecule_ID精确匹配,全量源表未提供可核验SMILES；仅保留Swiss原始SMILES供原始行号审计
3337,5394,C=C1[C@@H]2CC[C@@H](C2)[C@@]1(C)CC/C=C(/C)CO,STP03331,成功（100条，已去重）,100,4.0,1.0,1.0,molecule_ID精确匹配,全量源表未提供可核验SMILES；仅保留Swiss原始SMILES供原始行号审计
1749,5396,CC1(C)CCC[C@@]2(C)CC[C@](C)(O)C[C@H]3O[C@@]312,STP01745,成功（100条，已去重）,100,1.0,1.0,1.0,molecule_ID精确匹配,全量源表未提供可核验SMILES；仅保留Swiss原始SMILES供原始行号审计
3651,54,N=C(N)NCCC[C@H](N)C(=O)O,STP03645,成功（100条，已去重）,100,12.0,1.0,1.0,molecule_ID精确匹配,全量源表未提供可核验SMILES；仅保留Swiss原始SMILES供原始行号审计
1152,5406,CN1[C@@H]2CC[C@H]1C[C@H](OC(=O)[C@H](CO)c1ccccc1)C2,STP01151,成功（100条，已去重）,100,4.0,1.0,1.0,molecule_ID精确匹配,全量源表未提供可核验SMILES；仅保留Swiss原始SMILES供原始行号审计
1123,5408,C=C(C(=O)O[C@@H]1C[C@H]2CC[C@@H](C1)N2C)c1ccccc1,STP01122,成功（100条，已去重）,100,2.0,1.0,1.0,molecule_ID精确匹配,全量源表未提供可核验SMILES；仅保留Swiss原始SMILES供原始行号审计
3140,5409,CN1[C@@H]2C[C@H](OC(=O)[C@H](CO)c3ccccc3)C[C@H]1[C@H](O)C2,STP03135,成功（100条，已去重）,100,1.0,1.0,1.0,molecule_ID精确匹配,全量源表未提供可核验SMILES；仅保留Swiss原始SMILES供原始行号审计
3829,5410,CCCCc1ccc(OC)cc1,STP03823,成功（100条，已去重）,100,1.0,1.0,1.0,molecule_ID精确匹配,全量源表未提供可核验SMILES；仅保留Swiss原始SMILES供原始行号审计
1922,5412,COc1c(C)cc(C)cc1C,STP01917,成功（100条，已去重）,100,1.0,1.0,1.0,molecule_ID精确匹配,全量源表未提供可核验SMILES；仅保留Swiss原始SMILES供原始行号审计
1828,5423,C[C@@H]1CC[C@H]2C(C)(C)[C@H]3C[C@@]12CC[C@]3(C)O,STP01823,成功（100条，已去重）,100,3.0,1.0,1.0,molecule_ID精确匹配,全量源表未提供可核验SMILES；仅保留Swiss原始SMILES供原始行号审计
1222,5430,C=CCC1=C[C@](OC)(/C(C)=C/c2cc(OC)c(OC)c(OC)c2)C(OC)=CC1=O,STP01220,成功（100条，已去重）,100,1.0,1.0,1.0,molecule_ID精确匹配,全量源表未提供可核验SMILES；仅保留Swiss原始SMILES供原始行号审计
2925,5432,CC1=CC(=O)CC(C)(C)[C@@]1(O)/C=C/C(C)=C\C(=O)O,STP02920,成功（100条，已去重）,100,2.0,1.0,1.0,molecule_ID精确匹配,全量源表未提供可核验SMILES；仅保留Swiss原始SMILES供原始行号审计
594,5437,C=CC[C@@]12C=C(OC)C(=O)C=C1O[C@H](c1ccc3c(c1)OCO3)[C@H]2C,STP00593,成功（100条，已去重）,100,1.0,1.0,1.0,molecule_ID精确匹配,全量源表未提供可核验SMILES；仅保留Swiss原始SMILES供原始行号审计
415,5441,OC[C@H]1O[C@@H](O)[C@H](O)[C@@H](O)[C@@H]1O,STP00414,成功（100条，已去重）,100,3.0,1.0,1.0,molecule_ID精确匹配,全量源表未提供可核验SMILES；仅保留Swiss原始SMILES供原始行号审计
1725,5448,CC(C)C[C@H](N)C(=O)O,STP01721,成功（100条，已去重）,100,7.0,1.0,1.0,molecule_ID精确匹配,全量源表未提供可核验SMILES；仅保留Swiss原始SMILES供原始行号审计
3620,5449,CSCC[C@H](N)C(=O)O,STP03614,成功（100条，已去重）,100,11.0,1.0,1.0,molecule_ID精确匹配,全量源表未提供可核验SMILES；仅保留Swiss原始SMILES供原始行号审计
3631,5454,NC(=O)N[C@H]1NC(=O)NC1=O,STP03625,成功（100条，已去重）,100,2.0,1.0,1.0,molecule_ID精确匹配,全量源表未提供可核验SMILES；仅保留Swiss原始SMILES供原始行号审计
2811,5455,CC1=CC(=O)CC(C)(C)[C@]1(O)/C=C/C(C)=C\C(=O)O,STP02806,成功（100条，已去重）,100,1.0,1.0,1.0,molecule_ID精确匹配,全量源表未提供可核验SMILES；仅保留Swiss原始SMILES供原始行号审计
1654,5465,CC(C)=CCc1c(O)cc2oc3cc(O)c4c(c3c(=O)c2c1O)C=CC(C)(C)O4,STP01650,成功（100条，已去重）,100,1.0,1.0,1.0,molecule_ID精确匹配,全量源表未提供可核验SMILES；仅保留Swiss原始SMILES供原始行号审计
1531,5472,CCCC[C@@H](CC)COC(=O)c1ccccc1C(=O)O,STP01528,成功（100条，已去重）,100,7.0,1.0,1.0,molecule_ID精确匹配,全量源表未提供可核验SMILES；仅保留Swiss原始SMILES供原始行号审计
4121,5480,CC(C)OCCO,STP04114,成功（100条，已去重）,100,3.0,1.0,1.0,molecule_ID精确匹配,全量源表未提供可核验SMILES；仅保留Swiss原始SMILES供原始行号审计
3078,5481,C/C=C(\C)CC/C=C(\C)CC/C=C(\C)CC/C=C(\C)CCC=C(C)C,STP03073,成功（100条，已去重）,100,2.0,1.0,1.0,molecule_ID精确匹配,全量源表未提供可核验SMILES；仅保留Swiss原始SMILES供原始行号审计
3939,5484,C[C@@H](C(=O)O)c1ccccc1,STP03932,成功（100条，已去重）,100,1.0,1.0,1.0,molecule_ID精确匹配,全量源表未提供可核验SMILES；仅保留Swiss原始SMILES供原始行号审计
2421,5487,O=C(O)c1cc(O)cc(O)c1,STP02416,成功（100条，已去重）,100,2.0,1.0,1.0,molecule_ID精确匹配,全量源表未提供可核验SMILES；仅保留Swiss原始SMILES供原始行号审计
2760,5490,CCc1ccc(-c2ccc(C(=O)O)cc2)cc1,STP02755,成功（100条，已去重）,100,1.0,1.0,1.0,molecule_ID精确匹配,全量源表未提供可核验SMILES；仅保留Swiss原始SMILES供原始行号审计
1471,5493,Cc1ccc(C)c2cc(C(C)C)ccc12,STP01468,成功（100条，已去重）,100,1.0,1.0,1.0,molecule_ID精确匹配,全量源表未提供可核验SMILES；仅保留Swiss原始SMILES供原始行号审计
2870,5497,COC(=O)C1=CO[C@@H](O)[C@H]2C(C)=C[C@@H](O)[C@]12O,STP02865,成功（100条，已去重）,100,1.0,1.0,1.0,molecule_ID精确匹配,全量源表未提供可核验SMILES；仅保留Swiss原始SMILES供原始行号审计
3591,5500,CC/C=C/C/C=C/C/C=C/CCCCCCCC(=O)O,STP03585,成功（100条，已去重）,100,2.0,1.0,1.0,molecule_ID精确匹配,全量源表未提供可核验SMILES；仅保留Swiss原始SMILES供原始行号审计
3297,5503,CCCCCCCCCCC[C@H](CC1=CC(=O)C=C(OC)C1=O)OC(C)=O,STP03291,成功（100条，已去重）,100,2.0,1.0,1.0,molecule_ID精确匹配,全量源表未提供可核验SMILES；仅保留Swiss原始SMILES供原始行号审计
1458,5515,COc1cc(OC)c(C(=O)CC(C)=O)c(OC)c1,STP01455,成功（100条，已去重）,100,2.0,1.0,1.0,molecule_ID精确匹配,全量源表未提供可核验SMILES；仅保留Swiss原始SMILES供原始行号审计
3278,5516,c1ccc2c(c1)Cc1ccccc1-2,STP03272,成功（100条，已去重）,100,4.0,1.0,1.0,molecule_ID精确匹配,全量源表未提供可核验SMILES；仅保留Swiss原始SMILES供原始行号审计
2075,552,COc1c(OC)c(O)c2c(=O)cc(-c3ccccc3O)oc2c1OC,STP02070,成功（100条，已去重）,100,2.0,1.0,1.0,molecule_ID精确匹配,全量源表未提供可核验SMILES；仅保留Swiss原始SMILES供原始行号审计
2978,5522,CC(C)CCN,STP02973,成功（100条，已去重）,100,1.0,1.0,1.0,molecule_ID精确匹配,全量源表未提供可核验SMILES；仅保留Swiss原始SMILES供原始行号审计
2178,5530,COc1cc(O)c2c(=O)cc(-c3ccc(O)c(O)c3)oc2c1,STP02173,成功（100条，已去重）,100,5.0,1.0,1.0,molecule_ID精确匹配,全量源表未提供可核验SMILES；仅保留Swiss原始SMILES供原始行号审计
1615,5534,CC1=C[C@@H](O)[C@H]2C[C@@H]1C2(C)C,STP01612,成功（100条，已去重）,100,6.0,1.0,1.0,molecule_ID精确匹配,全量源表未提供可核验SMILES；仅保留Swiss原始SMILES供原始行号审计
2438,5535,Cc1ncc(C[n+]2csc(CCO)c2C)c([NH3+])n1,STP02433,成功（100条，已去重）,100,1.0,1.0,1.0,molecule_ID精确匹配,全量源表未提供可核验SMILES；仅保留Swiss原始SMILES供原始行号审计
1200,5541,CC(C)(C)O,STP01198,成功（100条，已去重）,100,1.0,1.0,1.0,molecule_ID精确匹配,全量源表未提供可核验SMILES；仅保留Swiss原始SMILES供原始行号审计
4177,5544,COC(=O)C1=CO[C@@H](O[C@@H]2O[C@H](CO)[C@@H](O)[C@H](O)[C@H]2O)[C@H]2[C@@H]1C(=O)C[C@@H]2C,STP04170,成功（100条，已去重）,100,2.0,1.0,1.0,molecule_ID精确匹配,全量源表未提供可核验SMILES；仅保留Swiss原始SMILES供原始行号审计
3849,5545,COC(=O)C1=CO[C@@H](O)[C@H]2[C@@H]1C(=O)C[C@@H]2C,STP03843,成功（100条，已去重）,100,2.0,1.0,1.0,molecule_ID精确匹配,全量源表未提供可核验SMILES；仅保留Swiss原始SMILES供原始行号审计
1046,555,CCOC(=O)C1=CCCN(C)C1,STP01045,成功（100条，已去重）,100,2.0,1.0,1.0,molecule_ID精确匹配,全量源表未提供可核验SMILES；仅保留Swiss原始SMILES供原始行号审计
1532,5558,CC(C)C[C@@H](N)C(=O)O,STP01529,成功（100条，已去重）,100,1.0,1.0,1.0,molecule_ID精确匹配,全量源表未提供可核验SMILES；仅保留Swiss原始SMILES供原始行号审计
1742,5562,CC(C)[P@@](=O)(F)OC1CCCCC1,STP01738,成功（100条，已去重）,100,1.0,1.0,1.0,molecule_ID精确匹配,全量源表未提供可核验SMILES；仅保留Swiss原始SMILES供原始行号审计
804,5563,CC(C)=C1CC[C@H](C)CC1=O,STP00803,成功（100条，已去重）,100,5.0,1.0,1.0,molecule_ID精确匹配,全量源表未提供可核验SMILES；仅保留Swiss原始SMILES供原始行号审计
1935,5567,CC1=C(/C=C/C(C)=C/C=C/C(C)=C/CO)C(C)(C)CCC1,STP01930,成功（100条，已去重）,100,4.0,1.0,1.0,molecule_ID精确匹配,全量源表未提供可核验SMILES；仅保留Swiss原始SMILES供原始行号审计
1293,5569,COc1cc2oc(=O)cc(OC)c2c(C)c1OC,STP01291,成功（100条，已去重）,100,1.0,1.0,1.0,molecule_ID精确匹配,全量源表未提供可核验SMILES；仅保留Swiss原始SMILES供原始行号审计
2194,5573,COc1cc(O)c2c(=O)cc(-c3ccc(O)cc3)oc2c1,STP02189,成功（100条，已去重）,100,9.0,1.0,1.0,molecule_ID精确匹配,全量源表未提供可核验SMILES；仅保留Swiss原始SMILES供原始行号审计
2319,5574,C=C1C(=O)O[C@@H]2/C=C(\C)CC/C=C(/C=O)[C@H](O)[C@@H](OC(=O)CCC)[C@H]12,STP02314,成功（100条，已去重）,100,1.0,1.0,1.0,molecule_ID精确匹配,全量源表未提供可核验SMILES；仅保留Swiss原始SMILES供原始行号审计
1987,5575,COc1cc(O)c2c(=O)c3c(OC)c(O)ccc3oc2c1,STP01982,成功（100条，已去重）,100,3.0,1.0,1.0,molecule_ID精确匹配,全量源表未提供可核验SMILES；仅保留Swiss原始SMILES供原始行号审计
2509,5578,COc1cc2cc(-c3ccc4ccc(=O)oc4c3)c(=O)oc2cc1O,STP02504,成功（100条，已去重）,100,1.0,1.0,1.0,molecule_ID精确匹配,全量源表未提供可核验SMILES；仅保留Swiss原始SMILES供原始行号审计
2092,5588,N#CC[C@@H]1C(=O)Nc2cccc(O)c21,STP02087,成功（100条，已去重）,100,1.0,1.0,1.0,molecule_ID精确匹配,全量源表未提供可核验SMILES；仅保留Swiss原始SMILES供原始行号审计
766,56,N[C@@H](Cc1ccc(O)cc1)C(=O)O,STP00765,成功（100条，已去重）,100,8.0,1.0,1.0,molecule_ID精确匹配,全量源表未提供可核验SMILES；仅保留Swiss原始SMILES供原始行号审计
3644,5608,Cc1cc(O)c(C)c(C)c1O,STP03638,成功（100条，已去重）,100,2.0,1.0,1.0,molecule_ID精确匹配,全量源表未提供可核验SMILES；仅保留Swiss原始SMILES供原始行号审计
1146,5609,C[C@@H](O)C[C@@H](C)O,STP01145,成功（100条，已去重）,100,2.0,1.0,1.0,molecule_ID精确匹配,全量源表未提供可核验SMILES；仅保留Swiss原始SMILES供原始行号审计
3514,561,O=c1c(O[C@@H]2O[C@H](CO)[C@@H](O)[C@H](O)[C@H]2O)c(-c2ccc(O)cc2)oc2cc(O)cc(O)c12,STP03508,成功（100条，已去重）,100,37.0,1.0,1.0,molecule_ID精确匹配,全量源表未提供可核验SMILES；仅保留Swiss原始SMILES供原始行号审计
3303,5610,CC(=O)c1ccccc1O,STP03297,成功（100条，已去重）,100,3.0,1.0,1.0,molecule_ID精确匹配,全量源表未提供可核验SMILES；仅保留Swiss原始SMILES供原始行号审计
1917,5611,C=C1CCC[C@H]1O,STP01912,成功（100条，已去重）,100,2.0,1.0,1.0,molecule_ID精确匹配,全量源表未提供可核验SMILES；仅保留Swiss原始SMILES供原始行号审计
4119,5612,COc1ccc(O)cc1OC,STP04112,成功（100条，已去重）,100,4.0,1.0,1.0,molecule_ID精确匹配,全量源表未提供可核验SMILES；仅保留Swiss原始SMILES供原始行号审计
688,5617,C=CC(C)(C)[C@H](O)C=C(C)C,STP00687,成功（100条，已去重）,100,2.0,1.0,1.0,molecule_ID精确匹配,全量源表未提供可核验SMILES；仅保留Swiss原始SMILES供原始行号审计
1475,5619,C[C@@H]1Oc2c(c3c(c4oc(=O)cc(-c5ccccc5)c24)C=CC(C)(C)O3)C(=O)[C@@H]1C,STP01472,成功（100条，已去重）,100,1.0,1.0,1.0,molecule_ID精确匹配,全量源表未提供可核验SMILES；仅保留Swiss原始SMILES供原始行号审计
740,5620,C=CC(C)(C)/C=C/C(C)(C)O,STP00739,成功（100条，已去重）,100,2.0,1.0,1.0,molecule_ID精确匹配,全量源表未提供可核验SMILES；仅保留Swiss原始SMILES供原始行号审计
2498,5635,CCOc1c2c3c(cc4c(c3c3cccc(OC)c13)OCO4)C(=O)O2,STP02493,成功（100条，已去重）,100,1.0,1.0,1.0,molecule_ID精确匹配,全量源表未提供可核验SMILES；仅保留Swiss原始SMILES供原始行号审计
2332,5636,CCOc1c2c3c(cc4c(c3c3cccc(OC)c13)OCO4)C(=O)N2,STP02327,成功（100条，已去重）,100,1.0,1.0,1.0,molecule_ID精确匹配,全量源表未提供可核验SMILES；仅保留Swiss原始SMILES供原始行号审计
2328,5638,COC(=O)c1c2c(c3ccccc3c1O)OC(C)(C)C=C2,STP02323,成功（100条，已去重）,100,2.0,1.0,1.0,molecule_ID精确匹配,全量源表未提供可核验SMILES；仅保留Swiss原始SMILES供原始行号审计
741,5639,COc1cc(O)c(C(=O)/C=C/c2ccc(O)cc2)cc1C=O,STP00740,成功（100条，已去重）,100,1.0,1.0,1.0,molecule_ID精确匹配,全量源表未提供可核验SMILES；仅保留Swiss原始SMILES供原始行号审计
1045,5642,C=C(C)[C@H]1CC/C(C)=C\CCC2=C[C@@H]1OC2=O,STP01044,成功（100条，已去重）,100,1.0,1.0,1.0,molecule_ID精确匹配,全量源表未提供可核验SMILES；仅保留Swiss原始SMILES供原始行号审计
1356,5643,C/C=C1C(=O)O[C@H]2CCC/C(C)=C\CC\C=C\12,STP01354,成功（100条，已去重）,100,1.0,1.0,1.0,molecule_ID精确匹配,全量源表未提供可核验SMILES；仅保留Swiss原始SMILES供原始行号审计
2648,5649,COc1ccc(C=O)c(O)c1,STP02643,成功（100条，已去重）,100,3.0,1.0,1.0,molecule_ID精确匹配,全量源表未提供可核验SMILES；仅保留Swiss原始SMILES供原始行号审计
2393,5656,COc1ccc2c(c1)[nH]c1cc(OC)c(C=O)cc12,STP02388,成功（100条，已去重）,100,1.0,1.0,1.0,molecule_ID精确匹配,全量源表未提供可核验SMILES；仅保留Swiss原始SMILES供原始行号审计
2979,569,O=C(O)c1cc(O)c(O)c(OC(=O)c2cc(O)c(O)c(O)c2)c1,STP02974,成功（100条，已去重）,100,12.0,1.0,1.0,molecule_ID精确匹配,全量源表未提供可核验SMILES；仅保留Swiss原始SMILES供原始行号审计
1882,57,CC(C)COC(=O)c1ccccc1C(=O)OCC(C)C,STP01877,成功（100条，已去重）,100,42.0,1.0,1.0,molecule_ID精确匹配,全量源表未提供可核验SMILES；仅保留Swiss原始SMILES供原始行号审计
3520,570,c1ccc(Nc2ccc3ccccc3c2)cc1,STP03514,成功（100条，已去重）,100,8.0,1.0,1.0,molecule_ID精确匹配,全量源表未提供可核验SMILES；仅保留Swiss原始SMILES供原始行号审计
2479,5700,C=C(C)[C@H]1CC[C@]2(C)C[C@H]1c1c(c(C)cc3c1[nH]c1ccccc13)O2,STP02474,成功（100条，已去重）,100,1.0,1.0,1.0,molecule_ID精确匹配,全量源表未提供可核验SMILES；仅保留Swiss原始SMILES供原始行号审计
2553,5703,CC(C)=CCC/C(C)=C/CC/C(C)=C/CC/C(C)=C/CO,STP02548,成功（100条，已去重）,100,1.0,1.0,1.0,molecule_ID精确匹配,全量源表未提供可核验SMILES；仅保留Swiss原始SMILES供原始行号审计
1448,5707,CC(C)(O)C#N,STP01445,成功（100条，已去重）,100,2.0,1.0,1.0,molecule_ID精确匹配,全量源表未提供可核验SMILES；仅保留Swiss原始SMILES供原始行号审计
244,571,CC1=CCc2c(O)cc(C)c(O[C@@H]3O[C@H](CO)[C@@H](O)[C@H](O)[C@H]3O)c2C1,STP00243,成功（100条，已去重）,100,1.0,1.0,1.0,molecule_ID精确匹配,全量源表未提供可核验SMILES；仅保留Swiss原始SMILES供原始行号审计
3787,5713,CC1=CC=CC(C)(C)C1=O,STP03781,成功（100条，已去重）,100,2.0,1.0,1.0,molecule_ID精确匹配,全量源表未提供可核验SMILES；仅保留Swiss原始SMILES供原始行号审计
3819,5722,OC[C@@H]1CCCCO1,STP03813,成功（100条，已去重）,100,1.0,1.0,1.0,molecule_ID精确匹配,全量源表未提供可核验SMILES；仅保留Swiss原始SMILES供原始行号审计
2099,5723,COc1cc2ccc(=O)oc2c(OC)c1O,STP02094,成功（100条，已去重）,100,8.0,1.0,1.0,molecule_ID精确匹配,全量源表未提供可核验SMILES；仅保留Swiss原始SMILES供原始行号审计
2934,5724,CC=C(C)C,STP02929,成功（41条，已去重）,41,1.0,1.0,1.0,molecule_ID精确匹配,全量源表未提供可核验SMILES；仅保留Swiss原始SMILES供原始行号审计
1651,5726,C=CC(C)(C)C(=O)C=C(C)C,STP01647,成功（100条，已去重）,100,2.0,1.0,1.0,molecule_ID精确匹配,全量源表未提供可核验SMILES；仅保留Swiss原始SMILES供原始行号审计
3640,5727,CC(=O)C(C)C,STP03634,成功（100条，已去重）,100,6.0,1.0,1.0,molecule_ID精确匹配,全量源表未提供可核验SMILES；仅保留Swiss原始SMILES供原始行号审计
220,5734,COc1ccc(-c2cc(=O)c3c(O)c(OC)c(O)cc3o2)cc1OC,STP00219,成功（100条，已去重）,100,4.0,1.0,1.0,molecule_ID精确匹配,全量源表未提供可核验SMILES；仅保留Swiss原始SMILES供原始行号审计
3959,5737,CC1=CC(=O)[C@H]2[C@@H]3[C@@H]1[C@@]2(C)CCCC3(C)C,STP03952,成功（100条，已去重）,100,1.0,1.0,1.0,molecule_ID精确匹配,全量源表未提供可核验SMILES；仅保留Swiss原始SMILES供原始行号审计
2169,5738,O=C(O)C/C(=C\c1ccccc1)C(=O)O,STP02164,成功（100条，已去重）,100,1.0,1.0,1.0,molecule_ID精确匹配,全量源表未提供可核验SMILES；仅保留Swiss原始SMILES供原始行号审计
4017,5739,CCCC(=O)OC/C=C(/C)CCC=C(C)C,STP04010,成功（100条，已去重）,100,2.0,1.0,1.0,molecule_ID精确匹配,全量源表未提供可核验SMILES；仅保留Swiss原始SMILES供原始行号审计
931,5740,C=CC(C)(C)[C@@H](C=C(C)C)OC(C)=O,STP00930,成功（100条，已去重）,100,1.0,1.0,1.0,molecule_ID精确匹配,全量源表未提供可核验SMILES；仅保留Swiss原始SMILES供原始行号审计
1064,5744,CC(C)[C@]12CC[C@@H](C)C(=O)[C@H]1O2,STP01063,成功（100条，已去重）,100,1.0,1.0,1.0,molecule_ID精确匹配,全量源表未提供可核验SMILES；仅保留Swiss原始SMILES供原始行号审计
1658,5749,C=C(C)[C@@H]1CC[C@H](C)CC1=O,STP01654,成功（100条，已去重）,100,3.0,1.0,1.0,molecule_ID精确匹配,全量源表未提供可核验SMILES；仅保留Swiss原始SMILES供原始行号审计
1834,5753,COc1cc(O)c(CC2=CC=C(O)CC2)c2c1-c1cc(Cc3ccc(O)cc3)c(O)cc1CC2,STP01829,成功（100条，已去重）,100,1.0,1.0,1.0,molecule_ID精确匹配,全量源表未提供可核验SMILES；仅保留Swiss原始SMILES供原始行号审计
681,5755,COc1cc(O)c(Cc2ccc(O)cc2)c2c1-c1ccc(O)cc1CC2,STP00680,成功（100条，已去重）,100,1.0,1.0,1.0,molecule_ID精确匹配,全量源表未提供可核验SMILES；仅保留Swiss原始SMILES供原始行号审计
2173,5756,COc1ccc2c(ccc3cc(OC)c(OC)c(OC)c32)c1,STP02168,成功（100条，已去重）,100,1.0,1.0,1.0,molecule_ID精确匹配,全量源表未提供可核验SMILES；仅保留Swiss原始SMILES供原始行号审计
71,5757,COc1ccc2c(c1)CCc1cc(OC)cc(OC)c1-2,STP00070,成功（100条，已去重）,100,1.0,1.0,1.0,molecule_ID精确匹配,全量源表未提供可核验SMILES；仅保留Swiss原始SMILES供原始行号审计
3411,5760,COc1cc(O[C@@H]2O[C@H](CO)[C@@H](O)[C@H](O)[C@H]2O)cc2ccc3cc(O)ccc3c12,STP03405,成功（100条，已去重）,100,1.0,1.0,1.0,molecule_ID精确匹配,全量源表未提供可核验SMILES；仅保留Swiss原始SMILES供原始行号审计
2243,5761,COc1c(Cc2ccc(O)cc2)c(O)cc2c1-c1ccc(O)cc1CC2,STP02238,成功（100条，已去重）,100,1.0,1.0,1.0,molecule_ID精确匹配,全量源表未提供可核验SMILES；仅保留Swiss原始SMILES供原始行号审计
821,5762,COc1cccc(CCc2cc(OC)cc(OC)c2)c1,STP00820,成功（100条，已去重）,100,1.0,1.0,1.0,molecule_ID精确匹配,全量源表未提供可核验SMILES；仅保留Swiss原始SMILES供原始行号审计
762,5764,COc1cc(CCc2ccccc2)cc(OC)c1,STP00761,成功（100条，已去重）,100,1.0,1.0,1.0,molecule_ID精确匹配,全量源表未提供可核验SMILES；仅保留Swiss原始SMILES供原始行号审计
3268,5766,COc1cc2ccc3cc(O)ccc3c2c(OC)c1C[C@@H]1C[C@@H](CO)[C@H](O)[C@H](O)[C@H]1O,STP03262,成功（100条，已去重）,100,1.0,1.0,1.0,molecule_ID精确匹配,全量源表未提供可核验SMILES；仅保留Swiss原始SMILES供原始行号审计
619,5768,COc1cc(O)c2c(c1Cc1ccc(O)cc1)CCc1cc(O)ccc1-2,STP00618,成功（100条，已去重）,100,1.0,1.0,1.0,molecule_ID精确匹配,全量源表未提供可核验SMILES；仅保留Swiss原始SMILES供原始行号审计
260,5769,COc1cc(O)c2c(c1)CCc1cc(O)ccc1-2,STP00259,成功（100条，已去重）,100,1.0,1.0,1.0,molecule_ID精确匹配,全量源表未提供可核验SMILES；仅保留Swiss原始SMILES供原始行号审计
3554,5771,COc1cc([C@@H]2COc3cc(OC)c4c(c3[C@@H]2OC(C)=O)CCc2cc(O)ccc2-4)ccc1O,STP03548,成功（100条，已去重）,100,1.0,1.0,1.0,molecule_ID精确匹配,全量源表未提供可核验SMILES；仅保留Swiss原始SMILES供原始行号审计
3602,5772,COc1cc([C@H]2COc3cc4c(cc3[C@@H]2OC(C)=O)-c2c(cc(O)cc2OC)CC4)ccc1O,STP03596,成功（100条，已去重）,100,1.0,1.0,1.0,molecule_ID精确匹配,全量源表未提供可核验SMILES；仅保留Swiss原始SMILES供原始行号审计
3688,5773,COc1cc2c(c3ccc4cc(O)ccc4c13)[C@]1(CCc3cc(O)ccc31)C(=O)O2,STP03682,成功（100条，已去重）,100,1.0,1.0,1.0,molecule_ID精确匹配,全量源表未提供可核验SMILES；仅保留Swiss原始SMILES供原始行号审计
3824,5780,COc1cc(O)c2c(c1)CCc1cc(Oc3c(O)cc(OC)c4c3CCc3cc(O)ccc3-4)ccc1-2,STP03818,成功（100条，已去重）,100,1.0,1.0,1.0,molecule_ID精确匹配,全量源表未提供可核验SMILES；仅保留Swiss原始SMILES供原始行号审计
2692,5786,COc1c2ccoc2c(OC[C@@H](O)C(C)(C)O)c2oc(=O)ccc12,STP02687,成功（100条，已去重）,100,2.0,1.0,1.0,molecule_ID精确匹配,全量源表未提供可核验SMILES；仅保留Swiss原始SMILES供原始行号审计
2404,5789,C=C(C)[C@@H](O)COc1c2occc2c(OC)c2ccc(=O)oc12,STP02399,成功（100条，已去重）,100,1.0,1.0,1.0,molecule_ID精确匹配,全量源表未提供可核验SMILES；仅保留Swiss原始SMILES供原始行号审计
3094,5790,CC1(C)O[C@H]1COC1=CCOc2cc3c(cc21)CC(=O)O3,STP03089,成功（100条，已去重）,100,1.0,1.0,1.0,molecule_ID精确匹配,全量源表未提供可核验SMILES；仅保留Swiss原始SMILES供原始行号审计
2742,5792,C=C(C)[C@H](O)COc1c2ccoc2cc2oc(=O)ccc12,STP02737,成功（100条，已去重）,100,1.0,1.0,1.0,molecule_ID精确匹配,全量源表未提供可核验SMILES；仅保留Swiss原始SMILES供原始行号审计
3328,5793,CC1(C)O[C@@H]1COc1c2occc2cc2ccc(=O)oc12,STP03322,成功（100条，已去重）,100,1.0,1.0,1.0,molecule_ID精确匹配,全量源表未提供可核验SMILES；仅保留Swiss原始SMILES供原始行号审计
1072,5795,COc1cc2oc(=O)ccc2cc1CC=C(C)C,STP01071,成功（100条，已去重）,100,2.0,1.0,1.0,molecule_ID精确匹配,全量源表未提供可核验SMILES；仅保留Swiss原始SMILES供原始行号审计
1082,58,CC1=CCC[C@H](C)[C@@]12CC[C@@H](C(C)(C)O)C2,STP01081,成功（100条，已去重）,100,2.0,1.0,1.0,molecule_ID精确匹配,全量源表未提供可核验SMILES；仅保留Swiss原始SMILES供原始行号审计
263,580,CC[C@H](C)C(=O)OC[C@@](C)(OC)c1ccc(C)cc1O,STP00262,成功（100条，已去重）,100,1.0,1.0,1.0,molecule_ID精确匹配,全量源表未提供可核验SMILES；仅保留Swiss原始SMILES供原始行号审计
2824,5800,COc1c2ccoc2c(OC[C@H]2OC2(C)C)c2oc(=O)ccc12,STP02819,成功（100条，已去重）,100,1.0,1.0,1.0,molecule_ID精确匹配,全量源表未提供可核验SMILES；仅保留Swiss原始SMILES供原始行号审计
348,5803,C[C@H]1[C@@H](C)OC(=O)Cn2c(C=O)ccc2[C@@H]1O,STP00347,成功（100条，已去重）,100,1.0,1.0,1.0,molecule_ID精确匹配,全量源表未提供可核验SMILES；仅保留Swiss原始SMILES供原始行号审计
3286,5806,CC(C)(O)[C@@H](O)COc1c2ccoc2cc2oc(=O)ccc12,STP03280,成功（100条，已去重）,100,1.0,1.0,1.0,molecule_ID精确匹配,全量源表未提供可核验SMILES；仅保留Swiss原始SMILES供原始行号审计
3936,5807,CC1(C)O[C@@H]1OCc1c2occc2c(OC[C@H]2OC2(C)C)c2ccc(=O)oc12,STP03929,成功（100条，已去重）,100,1.0,1.0,1.0,molecule_ID精确匹配,全量源表未提供可核验SMILES；仅保留Swiss原始SMILES供原始行号审计
246,581,CO[C@](C)(CO)c1ccc(C)cc1OC(=O)C=C(C)C,STP00245,成功（100条，已去重）,100,1.0,1.0,1.0,molecule_ID精确匹配,全量源表未提供可核验SMILES；仅保留Swiss原始SMILES供原始行号审计
1401,5811,COc1ccc(-c2oc3c(OC)c(OC)c(OC)c(OC)c3c(=O)c2OC)cc1OC,STP01399,成功（100条，已去重）,100,1.0,1.0,1.0,molecule_ID精确匹配,全量源表未提供可核验SMILES；仅保留Swiss原始SMILES供原始行号审计
1395,5814,COc1ccc(-c2cc(=O)c3c(OC)c(OC)c(OC)c(OC)c3o2)cc1,STP01393,成功（100条，已去重）,100,4.0,1.0,1.0,molecule_ID精确匹配,全量源表未提供可核验SMILES；仅保留Swiss原始SMILES供原始行号审计
2997,5815,COc1ccc([C@H]2CC(=O)c3c(OC)c(OC)c(OC)c(OC)c3O2)cc1OC,STP02992,成功（100条，已去重）,100,1.0,1.0,1.0,molecule_ID精确匹配,全量源表未提供可核验SMILES；仅保留Swiss原始SMILES供原始行号审计
3710,5816,C=C/C(C)=C/C/C=C(\C)CC/C=C(\C)C=O,STP03704,成功（100条，已去重）,100,1.0,1.0,1.0,molecule_ID精确匹配,全量源表未提供可核验SMILES；仅保留Swiss原始SMILES供原始行号审计
3961,5818,C=CC(C)(C)CCC(=C)C,STP03954,成功（100条，已去重）,100,1.0,1.0,1.0,molecule_ID精确匹配,全量源表未提供可核验SMILES；仅保留Swiss原始SMILES供原始行号审计
1490,582,CO[C@](C)(CO)c1ccc(C)cc1OC(=O)C(C)C,STP01487,成功（100条，已去重）,100,1.0,1.0,1.0,molecule_ID精确匹配,全量源表未提供可核验SMILES；仅保留Swiss原始SMILES供原始行号审计
2385,5821,CCC[C@H](C)OCC,STP02380,成功（100条，已去重）,100,2.0,1.0,1.0,molecule_ID精确匹配,全量源表未提供可核验SMILES；仅保留Swiss原始SMILES供原始行号审计
3464,5823,C=C(C)CCO,STP03458,成功（100条，已去重）,100,1.0,1.0,1.0,molecule_ID精确匹配,全量源表未提供可核验SMILES；仅保留Swiss原始SMILES供原始行号审计
1276,5828,COc1ccc(-c2cc(=O)c3c(OC)c(OC)c(OC)c(OC)c3o2)cc1OC,STP01274,成功（100条，已去重）,100,7.0,1.0,1.0,molecule_ID精确匹配,全量源表未提供可核验SMILES；仅保留Swiss原始SMILES供原始行号审计
273,583,C/C=C(\C)C(=O)Oc1cc(C)ccc1[C@@](C)(CO)OC,STP00272,成功（100条，已去重）,100,1.0,1.0,1.0,molecule_ID精确匹配,全量源表未提供可核验SMILES；仅保留Swiss原始SMILES供原始行号审计
3521,5835,O=C(O)C1=CCCNC1,STP03515,成功（100条，已去重）,100,2.0,1.0,1.0,molecule_ID精确匹配,全量源表未提供可核验SMILES；仅保留Swiss原始SMILES供原始行号审计
1018,5836,Oc1cc(O)c2c(c1)C[C@@H](c1ccc(O)c(O)c1)[C@@H](O)C2,STP01017,成功（100条，已去重）,100,1.0,1.0,1.0,molecule_ID精确匹配,全量源表未提供可核验SMILES；仅保留Swiss原始SMILES供原始行号审计
2456,584,CC(=O)OCc1ccc([C@](C)(O)COC(=O)C(C)C)c(O)c1,STP02451,成功（100条，已去重）,100,1.0,1.0,1.0,molecule_ID精确匹配,全量源表未提供可核验SMILES；仅保留Swiss原始SMILES供原始行号审计
3663,5840,c1ccc(Nc2cccc3ccccc23)cc1,STP03657,成功（100条，已去重）,100,5.0,1.0,1.0,molecule_ID精确匹配,全量源表未提供可核验SMILES；仅保留Swiss原始SMILES供原始行号审计
1700,5842,COc1ccc(-c2cc(=O)c3c(O)c(OC)c(O)cc3o2)cc1,STP01696,成功（100条，已去重）,100,4.0,1.0,1.0,molecule_ID精确匹配,全量源表未提供可核验SMILES；仅保留Swiss原始SMILES供原始行号审计
2547,5844,CC[C@@H](C)[C@H](C)C(C)C,STP02542,成功（100条，已去重）,100,1.0,1.0,1.0,molecule_ID精确匹配,全量源表未提供可核验SMILES；仅保留Swiss原始SMILES供原始行号审计
2232,5849,COc1ccc([C@H]2CC(=O)c3c(O)cc(O)cc3O2)cc1,STP02227,成功（100条，已去重）,100,4.0,1.0,1.0,molecule_ID精确匹配,全量源表未提供可核验SMILES；仅保留Swiss原始SMILES供原始行号审计
1272,585,C=C(C)c1ccc(C)cc1OC(=O)/C(C)=C/C,STP01270,成功（100条，已去重）,100,1.0,1.0,1.0,molecule_ID精确匹配,全量源表未提供可核验SMILES；仅保留Swiss原始SMILES供原始行号审计
2584,5852,O=C(C[C@@H]1O[C@H](COC(=O)c2cc(O)c(O)c(O)c2)[C@@H](O)[C@@H](O)[C@H]1OC(=O)c1cc(O)c(O)c(O)c1)c1cc(O)c(O)c(O)c1,STP02579,成功（100条，已去重）,100,1.0,1.0,1.0,molecule_ID精确匹配,全量源表未提供可核验SMILES；仅保留Swiss原始SMILES供原始行号审计
2048,5853,CO[C@@H]1O[C@H](COC(C)=O)[C@@H](O[C@H]2O[C@@H]3CO[C@@H](c4ccccc4)O[C@H]3[C@H](OC(C)=O)[C@H]2OC(C)=O)[C@H](OC(C)=O)[C@H]1OC(C)=O,STP02043,成功（100条，已去重）,100,1.0,1.0,1.0,molecule_ID精确匹配,全量源表未提供可核验SMILES；仅保留Swiss原始SMILES供原始行号审计
2025,5854,COc1cc(O)cc(O)c1C(C)=O,STP02020,成功（100条，已去重）,100,1.0,1.0,1.0,molecule_ID精确匹配,全量源表未提供可核验SMILES；仅保留Swiss原始SMILES供原始行号审计
1508,5857,COC1=Cc2c3c4c(cc(OC)c(O)c4oc2=O)C(=O)O[C@@H]3[C@H]1OC,STP01505,成功（100条，已去重）,100,1.0,1.0,1.0,molecule_ID精确匹配,全量源表未提供可核验SMILES；仅保留Swiss原始SMILES供原始行号审计
2057,5859,C[C@H]1CC[C@]2(C(=O)O)CC[C@]3(C)C(=CC(=O)[C@H]4[C@@]5(C)CCC(=O)C(C)(C)[C@H]5CC[C@@]43C)[C@@H]2[C@]1(C)O,STP02052,成功（100条，已去重）,100,1.0,1.0,1.0,molecule_ID精确匹配,全量源表未提供可核验SMILES；仅保留Swiss原始SMILES供原始行号审计
49,586,CO[C@](C)(CO)c1ccc(C)cc1O,STP00048,成功（100条，已去重）,100,1.0,1.0,1.0,molecule_ID精确匹配,全量源表未提供可核验SMILES；仅保留Swiss原始SMILES供原始行号审计
3472,5865,O=C(Oc1cc(O)c2c(c1)O[C@H](c1ccc(O)c(O)c1)[C@@H](O)C2)c1cc(O)c(O)c(O)c1,STP03466,成功（100条，已去重）,100,1.0,1.0,1.0,molecule_ID精确匹配,全量源表未提供可核验SMILES；仅保留Swiss原始SMILES供原始行号审计
2193,5866,Oc1cc(O)c2c(c1)O[C@@H](c1cc(O)c(O)c(O)c1)[C@H](O)C2,STP02188,成功（100条，已去重）,100,3.0,1.0,1.0,molecule_ID精确匹配,全量源表未提供可核验SMILES；仅保留Swiss原始SMILES供原始行号审计
1144,587,C=C(COC(C)=O)c1ccc(C)cc1OC(=O)/C(C)=C/C,STP01143,成功（100条，已去重）,100,1.0,1.0,1.0,molecule_ID精确匹配,全量源表未提供可核验SMILES；仅保留Swiss原始SMILES供原始行号审计
2231,588,C/C=C(/C)C(=O)Oc1cc(C)c(O)cc1[C@]1(COC(C)=O)CO1,STP02226,成功（100条，已去重）,100,1.0,1.0,1.0,molecule_ID精确匹配,全量源表未提供可核验SMILES；仅保留Swiss原始SMILES供原始行号审计
2968,5885,CC1=CC[C@H]2C[C@@H]3[C@@H](C)CC[C@]13C2(C)C,STP02963,成功（100条，已去重）,100,1.0,1.0,1.0,molecule_ID精确匹配,全量源表未提供可核验SMILES；仅保留Swiss原始SMILES供原始行号审计
3937,5886,C=C(C)C(C)=O,STP03930,成功（100条，已去重）,100,2.0,1.0,1.0,molecule_ID精确匹配,全量源表未提供可核验SMILES；仅保留Swiss原始SMILES供原始行号审计
2279,5888,COc1cc(O)c2c(=O)c(O)c(-c3ccc(OC)c(O)c3)oc2c1,STP02274,成功（100条，已去重）,100,3.0,1.0,1.0,molecule_ID精确匹配,全量源表未提供可核验SMILES；仅保留Swiss原始SMILES供原始行号审计
562,5889,COc1cc(O)c2c(=O)c(O)c(-c3ccc(O)c(O)c3)oc2c1,STP00561,成功（100条，已去重）,100,7.0,1.0,1.0,molecule_ID精确匹配,全量源表未提供可核验SMILES；仅保留Swiss原始SMILES供原始行号审计
513,589,C/C=C(\C)C(=O)Oc1cc(C)ccc1[C@H](C)COC(C)=O,STP00512,成功（100条，已去重）,100,1.0,1.0,1.0,molecule_ID精确匹配,全量源表未提供可核验SMILES；仅保留Swiss原始SMILES供原始行号审计
3324,5893,CC1=C2C[C@H]3C(C)(C)[C@@]3(C)[C@H]2CCCC1,STP03318,成功（100条，已去重）,100,1.0,1.0,1.0,molecule_ID精确匹配,全量源表未提供可核验SMILES；仅保留Swiss原始SMILES供原始行号审计
67,5895,CC(C)C1=C[C@@H]2C[C@H]1[C@H]1CCC[C@@H]2[C@H]1O,STP00066,成功（100条，已去重）,100,1.0,1.0,1.0,molecule_ID精确匹配,全量源表未提供可核验SMILES；仅保留Swiss原始SMILES供原始行号审计
1856,5896,CC1=CC[C@]23C[C@H]1[C@@](C)(CO)[C@@H]2CC[C@H]3C,STP01851,成功（100条，已去重）,100,1.0,1.0,1.0,molecule_ID精确匹配,全量源表未提供可核验SMILES；仅保留Swiss原始SMILES供原始行号审计
1336,5897,CCC(=O)c1c(O)cc(O)cc1O,STP01334,成功（100条，已去重）,100,1.0,1.0,1.0,molecule_ID精确匹配,全量源表未提供可核验SMILES；仅保留Swiss原始SMILES供原始行号审计
628,5899,CC1=C[C@H]2[C@@H](CC1)C(C)=CCCC2(C)C,STP00627,成功（100条，已去重）,100,3.0,1.0,1.0,molecule_ID精确匹配,全量源表未提供可核验SMILES；仅保留Swiss原始SMILES供原始行号审计
669,590,C/C=C(/C)C(=O)OC[C@@](C)(OC)c1ccc(C)cc1O,STP00668,成功（100条，已去重）,100,1.0,1.0,1.0,molecule_ID精确匹配,全量源表未提供可核验SMILES；仅保留Swiss原始SMILES供原始行号审计
3909,5901,CC1(C)CCC[C@@]2(C)CC[C@](C)(O)CC=C12,STP03902,成功（100条，已去重）,100,2.0,1.0,1.0,molecule_ID精确匹配,全量源表未提供可核验SMILES；仅保留Swiss原始SMILES供原始行号审计
2533,5902,CC1(C)CCC[C@H]1C1CCCCC1,STP02528,成功（100条，已去重）,100,1.0,1.0,1.0,molecule_ID精确匹配,全量源表未提供可核验SMILES；仅保留Swiss原始SMILES供原始行号审计
3064,5903,c1ccc(Sc2ccccc2)cc1,STP03059,成功（100条，已去重）,100,1.0,1.0,1.0,molecule_ID精确匹配,全量源表未提供可核验SMILES；仅保留Swiss原始SMILES供原始行号审计
3194,5905,CC(=O)/C=C/[C@@]1(C)C(=O)[C@]2(CCC1(C)C)CO2,STP03189,成功（100条，已去重）,100,1.0,1.0,1.0,molecule_ID精确匹配,全量源表未提供可核验SMILES；仅保留Swiss原始SMILES供原始行号审计
3800,5907,CC1(C)[C@@H]2C[C@@H]3[C@]14[C@@H](O)CCC(C)(C)[C@@]34C2,STP03794,成功（100条，已去重）,100,1.0,1.0,1.0,molecule_ID精确匹配,全量源表未提供可核验SMILES；仅保留Swiss原始SMILES供原始行号审计
470,5908,COc1ccc(-c2oc3cc(OC)cc(O)c3c(=O)c2O)cc1,STP00469,成功（100条，已去重）,100,2.0,1.0,1.0,molecule_ID精确匹配,全量源表未提供可核验SMILES；仅保留Swiss原始SMILES供原始行号审计
385,5909,COc1cc(O)c2c(=O)c(OC)c(-c3ccc(O)c(OC)c3)oc2c1,STP00384,成功（100条，已去重）,100,2.0,1.0,1.0,molecule_ID精确匹配,全量源表未提供可核验SMILES；仅保留Swiss原始SMILES供原始行号审计
730,591,CO[C@](C)(COC(=O)C(C)C)c1ccc(C)cc1O,STP00729,成功（100条，已去重）,100,1.0,1.0,1.0,molecule_ID精确匹配,全量源表未提供可核验SMILES；仅保留Swiss原始SMILES供原始行号审计
393,5910,COc1cc(O)c2c(=O)c(OC)c(-c3ccc(OC)c(OC)c3)oc2c1,STP00392,成功（100条，已去重）,100,2.0,1.0,1.0,molecule_ID精确匹配,全量源表未提供可核验SMILES；仅保留Swiss原始SMILES供原始行号审计
2292,5911,COc1ccc([C@H]2CC(=O)c3c(O)cc(OC)cc3O2)cc1,STP02287,成功（100条，已去重）,100,2.0,1.0,1.0,molecule_ID精确匹配,全量源表未提供可核验SMILES；仅保留Swiss原始SMILES供原始行号审计
2247,5912,COc1cc(O)c2c(c1)O[C@@H](c1ccc(OC)c(OC)c1)CC2=O,STP02242,成功（100条，已去重）,100,1.0,1.0,1.0,molecule_ID精确匹配,全量源表未提供可核验SMILES；仅保留Swiss原始SMILES供原始行号审计
3198,5914,CC1=C2[C@H]3[C@@H](CC[C@@]2(C)CCC1)C3(C)C,STP03193,成功（100条，已去重）,100,1.0,1.0,1.0,molecule_ID精确匹配,全量源表未提供可核验SMILES；仅保留Swiss原始SMILES供原始行号审计
3556,5915,COc1ccc(-c2coc3cc(O[C@H]4O[C@H](C)[C@@H](O)[C@H](O)[C@@H]4O)c(OC)c(O)c3c2=O)cc1,STP03550,成功（100条，已去重）,100,1.0,1.0,1.0,molecule_ID精确匹配,全量源表未提供可核验SMILES；仅保留Swiss原始SMILES供原始行号审计
276,5916,COc1ccc(-c2coc3cc(O)c(OC)c(O)c3c2=O)cc1,STP00275,成功（100条，已去重）,100,3.0,1.0,1.0,molecule_ID精确匹配,全量源表未提供可核验SMILES；仅保留Swiss原始SMILES供原始行号审计
1355,5918,O=C1c2ccccc2-c2ccc([N+](=O)[O-])cc2C12CCCC2,STP01353,成功（100条，已去重）,100,1.0,1.0,1.0,molecule_ID精确匹配,全量源表未提供可核验SMILES；仅保留Swiss原始SMILES供原始行号审计
2105,5921,O=C1C(O)=C(c2ccc(O)c(O)c2)Cc2cc(O)cc(O)c21,STP02100,成功（100条，已去重）,100,1.0,1.0,1.0,molecule_ID精确匹配,全量源表未提供可核验SMILES；仅保留Swiss原始SMILES供原始行号审计
161,5924,COC1=C(c2ccc(OC)c(OC)c2)Cc2cc(O)cc(OC)c2C1=O,STP00160,成功（100条，已去重）,100,1.0,1.0,1.0,molecule_ID精确匹配,全量源表未提供可核验SMILES；仅保留Swiss原始SMILES供原始行号审计
2085,5928,COc1ccc(/C=C/C(=O)O)cc1O,STP02080,成功（100条，已去重）,100,12.0,1.0,1.0,molecule_ID精确匹配,全量源表未提供可核验SMILES；仅保留Swiss原始SMILES供原始行号审计
3374,5934,CCCCCCCCCCC/C=C/C(=O)O,STP03368,成功（100条，已去重）,100,3.0,1.0,1.0,molecule_ID精确匹配,全量源表未提供可核验SMILES；仅保留Swiss原始SMILES供原始行号审计
2890,5947,Cn1c(CO)cnc(NC(=N)N)c1=O,STP02885,成功（100条，已去重）,100,1.0,1.0,1.0,molecule_ID精确匹配,全量源表未提供可核验SMILES；仅保留Swiss原始SMILES供原始行号审计
2413,595,C=C1C(=O)O[C@@H]2/C=C(\C)CC/C=C(/C)C[C@@H](OC(=O)/C(=C/CO)CO)[C@H]12,STP02408,成功（100条，已去重）,100,1.0,1.0,1.0,molecule_ID精确匹配,全量源表未提供可核验SMILES；仅保留Swiss原始SMILES供原始行号审计
255,5955,C=CCc1ccc(O)c(-c2ccc(O)c(CC=C)c2)c1,STP00254,成功（100条，已去重）,100,2.0,1.0,1.0,molecule_ID精确匹配,全量源表未提供可核验SMILES；仅保留Swiss原始SMILES供原始行号审计
1232,5956,CC(C)[C@@H](C)O,STP01230,成功（100条，已去重）,100,1.0,1.0,1.0,molecule_ID精确匹配,全量源表未提供可核验SMILES；仅保留Swiss原始SMILES供原始行号审计
1572,5957,C=C(C)[C@H](CO)CC=C(C)C,STP01569,成功（100条，已去重）,100,4.0,1.0,1.0,molecule_ID精确匹配,全量源表未提供可核验SMILES；仅保留Swiss原始SMILES供原始行号审计
3327,5959,CC(=O)CCO,STP03321,成功（100条，已去重）,100,1.0,1.0,1.0,molecule_ID精确匹配,全量源表未提供可核验SMILES；仅保留Swiss原始SMILES供原始行号审计
1601,5964,C=C1CCC[C@]2(C)CC[C@H]3C(C)(C)C[C@]132,STP01598,成功（100条，已去重）,100,4.0,1.0,1.0,molecule_ID精确匹配,全量源表未提供可核验SMILES；仅保留Swiss原始SMILES供原始行号审计
4101,5965,C=C(C)[C@H]1C=C[C@H](C)CC1,STP04094,成功（100条，已去重）,100,2.0,1.0,1.0,molecule_ID精确匹配,全量源表未提供可核验SMILES；仅保留Swiss原始SMILES供原始行号审计
4088,5966,C=C[C@@]1(C)CC=C(C)CC1,STP04081,成功（100条，已去重）,100,1.0,1.0,1.0,molecule_ID精确匹配,全量源表未提供可核验SMILES；仅保留Swiss原始SMILES供原始行号审计
75,5968,C=C(C)[C@H]1CC[C@@H](C)[C@@H](OC(C)=O)C1,STP00074,成功（100条，已去重）,100,1.0,1.0,1.0,molecule_ID精确匹配,全量源表未提供可核验SMILES；仅保留Swiss原始SMILES供原始行号审计
896,597,CC(=O)OC/C=C(/C)CCC=C(C)C,STP00895,成功（100条，已去重）,100,20.0,1.0,1.0,molecule_ID精确匹配,全量源表未提供可核验SMILES；仅保留Swiss原始SMILES供原始行号审计
69,5970,C[C@@]12CCc3c(ccc4cc(O)ccc34)[C@@H]1CCC2=O,STP00068,成功（100条，已去重）,100,1.0,1.0,1.0,molecule_ID精确匹配,全量源表未提供可核验SMILES；仅保留Swiss原始SMILES供原始行号审计
50,5972,C=CCc1ccc(Oc2cc(CC=C)cc(O)c2O)cc1,STP00049,成功（100条，已去重）,100,1.0,1.0,1.0,molecule_ID精确匹配,全量源表未提供可核验SMILES；仅保留Swiss原始SMILES供原始行号审计
2031,5980,COc1cc(O)cc([C@H]2CC(=O)c3c(O)cc(O)cc3O2)c1,STP02026,成功（100条，已去重）,100,1.0,1.0,1.0,molecule_ID精确匹配,全量源表未提供可核验SMILES；仅保留Swiss原始SMILES供原始行号审计
2544,5983,Oc1cc(O)c2c(c1)O[C@@H](c1cc(O)c(O)c(O)c1)[C@@H](O)[C@H]2O,STP02539,成功（100条，已去重）,100,2.0,1.0,1.0,molecule_ID精确匹配,全量源表未提供可核验SMILES；仅保留Swiss原始SMILES供原始行号审计
736,5988,CC[C@@]1(c2ccc(O)cc2)NC(=O)N(C)C1=O,STP00735,成功（100条，已去重）,100,1.0,1.0,1.0,molecule_ID精确匹配,全量源表未提供可核验SMILES；仅保留Swiss原始SMILES供原始行号审计
1360,5989,COc1cc([C@@H]2Cc3cc(C(C)=O)cc(OC)c3O2)cc(OC)c1O,STP01358,成功（100条，已去重）,100,1.0,1.0,1.0,molecule_ID精确匹配,全量源表未提供可核验SMILES；仅保留Swiss原始SMILES供原始行号审计
2566,5991,CC(C)OC=O,STP02561,成功（100条，已去重）,100,1.0,1.0,1.0,molecule_ID精确匹配,全量源表未提供可核验SMILES；仅保留Swiss原始SMILES供原始行号审计
1282,5992,C=C(C)[C@H](C)CC,STP01280,成功（61条，已去重）,61,2.0,1.0,1.0,molecule_ID精确匹配,全量源表未提供可核验SMILES；仅保留Swiss原始SMILES供原始行号审计
1090,6,O=c1cc(-c2ccc(O)c(O)c2)oc2cc(O)cc(O)c12,STP01089,成功（100条，已去重）,100,93.0,1.0,1.0,molecule_ID精确匹配,全量源表未提供可核验SMILES；仅保留Swiss原始SMILES供原始行号审计
352,60,C=C1CCC[C@]2(C)CC(=O)C(=C(C)C)C[C@H]12,STP00351,成功（100条，已去重）,100,2.0,1.0,1.0,molecule_ID精确匹配,全量源表未提供可核验SMILES；仅保留Swiss原始SMILES供原始行号审计
4079,6003,CC1=C[C@H]2C[C@@H](C1)C2(C)C,STP04072,成功（100条，已去重）,100,1.0,1.0,1.0,molecule_ID精确匹配,全量源表未提供可核验SMILES；仅保留Swiss原始SMILES供原始行号审计
3542,6006,C=C[C@@H](/C=C/C)CC,STP03536,成功（100条，已去重）,100,1.0,1.0,1.0,molecule_ID精确匹配,全量源表未提供可核验SMILES；仅保留Swiss原始SMILES供原始行号审计
1370,601,COc1cc(C)ccc1C(C)C,STP01368,成功（100条，已去重）,100,15.0,1.0,1.0,molecule_ID精确匹配,全量源表未提供可核验SMILES；仅保留Swiss原始SMILES供原始行号审计
949,602,O=C(O)/C=C/C(=O)O,STP00948,成功（100条，已去重）,100,24.0,1.0,1.0,molecule_ID精确匹配,全量源表未提供可核验SMILES；仅保留Swiss原始SMILES供原始行号审计
2822,603,C=C1C(=O)O[C@@H]2/C=C(/C)CC/C=C(/C)C[C@@H](O)[C@@H]12,STP02817,成功（100条，已去重）,100,1.0,1.0,1.0,molecule_ID精确匹配,全量源表未提供可核验SMILES；仅保留Swiss原始SMILES供原始行号审计
4047,6039,CC/C(C)=C/C(=O)OC,STP04040,成功（100条，已去重）,100,1.0,1.0,1.0,molecule_ID精确匹配,全量源表未提供可核验SMILES；仅保留Swiss原始SMILES供原始行号审计
3098,604,C=C1C(=O)O[C@@H]2/C=C(/C)[C@H](OC(C)=O)C/C=C(\C)C[C@@H](OC(=O)/C(=C/CO)CO)[C@@H]12,STP03093,成功（100条，已去重）,100,1.0,1.0,1.0,molecule_ID精确匹配,全量源表未提供可核验SMILES；仅保留Swiss原始SMILES供原始行号审计
2921,6047,CCCCc1c(C)ccc(C(=O)O)c1C(=O)O,STP02916,成功（100条，已去重）,100,1.0,1.0,1.0,molecule_ID精确匹配,全量源表未提供可核验SMILES；仅保留Swiss原始SMILES供原始行号审计
2234,606,CC(C)CC(C)(C)C,STP02229,成功（60条，已去重）,60,2.0,1.0,1.0,molecule_ID精确匹配,全量源表未提供可核验SMILES；仅保留Swiss原始SMILES供原始行号审计
3682,6071,CC(C)CCOO[C@@H]1C[C@H](CO)[C@@H](O)C[C@H]1O[C@@H]1C[C@H](CO)[C@@H](O)[C@H](O)C1,STP03676,成功（100条，已去重）,100,1.0,1.0,1.0,molecule_ID精确匹配,全量源表未提供可核验SMILES；仅保留Swiss原始SMILES供原始行号审计
2261,6077,Cc1ncc(C[n+]2csc(CCO)c2C)c(N)n1,STP02256,成功（100条，已去重）,100,13.0,1.0,1.0,molecule_ID精确匹配,全量源表未提供可核验SMILES；仅保留Swiss原始SMILES供原始行号审计
1947,6078,O=c1c(O)c(-c2ccc(O)cc2)oc2cccc(O)c12,STP01942,成功（100条，已去重）,100,2.0,1.0,1.0,molecule_ID精确匹配,全量源表未提供可核验SMILES；仅保留Swiss原始SMILES供原始行号审计
653,608,CC1=CC[C@](O)(C(C)C)CC1,STP00652,成功（100条，已去重）,100,55.0,1.0,1.0,molecule_ID精确匹配,全量源表未提供可核验SMILES；仅保留Swiss原始SMILES供原始行号审计
3014,6081,O=C(O)C1=N[C@H](C(=O)O)CC(/C=C/N2c3cc(O)c(O)cc3C[C@H]2C(=O)O)=C1,STP03009,成功（100条，已去重）,100,1.0,1.0,1.0,molecule_ID精确匹配,全量源表未提供可核验SMILES；仅保留Swiss原始SMILES供原始行号审计
1128,6089,CN1CCCC[C@H]1C[C@@H](O)c1ccccc1,STP01127,成功（100条，已去重）,100,1.0,1.0,1.0,molecule_ID精确匹配,全量源表未提供可核验SMILES；仅保留Swiss原始SMILES供原始行号审计
1040,61,O=C(O)[C@@H]1CCCN1,STP01039,成功（100条，已去重）,100,14.0,1.0,1.0,molecule_ID精确匹配,全量源表未提供可核验SMILES；仅保留Swiss原始SMILES供原始行号审计
574,6104,CC1=CC[C@@]2(C)CCC(C(C)C)=C2CC1,STP00573,成功（100条，已去重）,100,2.0,1.0,1.0,molecule_ID精确匹配,全量源表未提供可核验SMILES；仅保留Swiss原始SMILES供原始行号审计
850,6109,CC(=O)C(=O)O,STP00849,成功（100条，已去重）,100,3.0,1.0,1.0,molecule_ID精确匹配,全量源表未提供可核验SMILES；仅保留Swiss原始SMILES供原始行号审计
370,611,C=C1CC[C@@H]2[C@H]1[C@H]1[C@H](C(C)C)CC[C@]12C,STP00369,成功（100条，已去重）,100,21.0,1.0,1.0,molecule_ID精确匹配,全量源表未提供可核验SMILES；仅保留Swiss原始SMILES供原始行号审计
3642,6114,O=C1C(O[C@H]2O[C@H](CO)[C@@H](O)[C@H](O)[C@H]2O)=C(c2ccc(O)cc2)Cc2cc(O)cc(O)c21,STP03636,成功（100条，已去重）,100,1.0,1.0,1.0,molecule_ID精确匹配,全量源表未提供可核验SMILES；仅保留Swiss原始SMILES供原始行号审计
2306,6116,CC[C@@H](C)OC(=O)C1=C[C@@H](C(=O)O)Cc2c1cccc2/C(O)=C/C(=O)O,STP02301,成功（100条，已去重）,100,1.0,1.0,1.0,molecule_ID精确匹配,全量源表未提供可核验SMILES；仅保留Swiss原始SMILES供原始行号审计
1483,612,CC1=CC[C@@]23C[C@@H]1C(C)(C)[C@@H]2CC[C@H]3C,STP01480,成功（100条，已去重）,100,32.0,1.0,1.0,molecule_ID精确匹配,全量源表未提供可核验SMILES；仅保留Swiss原始SMILES供原始行号审计
2264,6121,CCO[Si](C)(C)OCC,STP02259,成功（100条，已去重）,100,1.0,1.0,1.0,molecule_ID精确匹配,全量源表未提供可核验SMILES；仅保留Swiss原始SMILES供原始行号审计
3409,6123,CC(C)=CCC[C@@H](C)[C@H]1C=C[C@](C)(O)CC1,STP03403,成功（100条，已去重）,100,1.0,1.0,1.0,molecule_ID精确匹配,全量源表未提供可核验SMILES；仅保留Swiss原始SMILES供原始行号审计
3199,6126,COc1cc(CCC(=O)C[C@H](O)CCc2ccc(O)c(OC)c2)ccc1O,STP03194,成功（100条，已去重）,100,2.0,1.0,1.0,molecule_ID精确匹配,全量源表未提供可核验SMILES；仅保留Swiss原始SMILES供原始行号审计
3502,6129,CCCCC[C@H](C[C@@H](CCc1ccc(OC)c(OC)c1)OC(C)=O)OC(C)=O,STP03496,成功（100条，已去重）,100,1.0,1.0,1.0,molecule_ID精确匹配,全量源表未提供可核验SMILES；仅保留Swiss原始SMILES供原始行号审计
2625,613,CC(C)=C1C/C=C(/C)CC/C=C(/C)CC1,STP02620,成功（100条，已去重）,100,4.0,1.0,1.0,molecule_ID精确匹配,全量源表未提供可核验SMILES；仅保留Swiss原始SMILES供原始行号审计
1991,6135,Cc1c(O)cc2c(c1O)C(=O)c1ccc(O)cc1C2=O,STP01986,成功（100条，已去重）,100,1.0,1.0,1.0,molecule_ID精确匹配,全量源表未提供可核验SMILES；仅保留Swiss原始SMILES供原始行号审计
1999,6139,COc1cc2c(c(OC)c1C(=O)O)C(=O)c1ccccc1C2=O,STP01994,成功（100条，已去重）,100,1.0,1.0,1.0,molecule_ID精确匹配,全量源表未提供可核验SMILES；仅保留Swiss原始SMILES供原始行号审计
1229,614,COc1ccc2ccc(=O)oc2c1CC=C(C)C,STP01227,成功（100条，已去重）,100,9.0,1.0,1.0,molecule_ID精确匹配,全量源表未提供可核验SMILES；仅保留Swiss原始SMILES供原始行号审计
1979,6142,CCOCc1c(O)cc2c(c1O)C(=O)c1ccccc1C2=O,STP01974,成功（100条，已去重）,100,1.0,1.0,1.0,molecule_ID精确匹配,全量源表未提供可核验SMILES；仅保留Swiss原始SMILES供原始行号审计
258,6143,C[C@]1([O-])C=C([O-])C2=C(C1)C(=O)c1ccccc1C2=O,STP00257,成功（100条，已去重）,100,1.0,1.0,1.0,molecule_ID精确匹配,全量源表未提供可核验SMILES；仅保留Swiss原始SMILES供原始行号审计
1441,6147,COc1ccc2c(c1O)C(=O)c1ccccc1C2=O,STP01438,成功（100条，已去重）,100,2.0,1.0,1.0,molecule_ID精确匹配,全量源表未提供可核验SMILES；仅保留Swiss原始SMILES供原始行号审计
304,6149,C=Cc1ccc(C(=O)[O-])c2c1-c1ccc([O-])c(C)c1CC2,STP00303,成功（100条，已去重）,100,2.0,1.0,1.0,molecule_ID精确匹配,全量源表未提供可核验SMILES；仅保留Swiss原始SMILES供原始行号审计
1783,615,CC1=C[C@@H]2C(=C(C)CC[C@H]2C(C)C)CC1,STP01779,成功（100条，已去重）,100,44.0,1.0,1.0,molecule_ID精确匹配,全量源表未提供可核验SMILES；仅保留Swiss原始SMILES供原始行号审计
2056,6151,C=C(C)Oc1c(C)c(O)cc2c1C(=O)c1ccc(O)cc1C2=O,STP02051,成功（100条，已去重）,100,1.0,1.0,1.0,molecule_ID精确匹配,全量源表未提供可核验SMILES；仅保留Swiss原始SMILES供原始行号审计
2274,6153,COC(=O)c1c2c(c3ccccc3c1O)OC(C)(C)[C@H](O)C2,STP02269,成功（100条，已去重）,100,1.0,1.0,1.0,molecule_ID精确匹配,全量源表未提供可核验SMILES；仅保留Swiss原始SMILES供原始行号审计
2911,6154,COC(=O)[C@]12O[C@@]1(C=C(C)C)C(=O)c1ccccc1C2=O,STP02906,成功（100条，已去重）,100,1.0,1.0,1.0,molecule_ID精确匹配,全量源表未提供可核验SMILES；仅保留Swiss原始SMILES供原始行号审计
1941,6155,O=C([O-])c1cc([O-])c2c(c1)C(=O)c1ccccc1C2=O,STP01936,成功（100条，已去重）,100,1.0,1.0,1.0,molecule_ID精确匹配,全量源表未提供可核验SMILES；仅保留Swiss原始SMILES供原始行号审计
1949,6157,O=C1c2ccccc2C(=O)c2c(O)c(O)cc(O)c21,STP01944,成功（100条，已去重）,100,2.0,1.0,1.0,molecule_ID精确匹配,全量源表未提供可核验SMILES；仅保留Swiss原始SMILES供原始行号审计
1950,6162,O=Cc1c(O)cc2c(c1O)C(=O)c1ccccc1C2=O,STP01945,成功（100条，已去重）,100,1.0,1.0,1.0,molecule_ID精确匹配,全量源表未提供可核验SMILES；仅保留Swiss原始SMILES供原始行号审计
3250,6165,COC(=O)c1c(O)c2ccccc2c2occc12,STP03244,成功（100条，已去重）,100,1.0,1.0,1.0,molecule_ID精确匹配,全量源表未提供可核验SMILES；仅保留Swiss原始SMILES供原始行号审计
950,6167,COC(=O)c1c2c(c3ccccc3c1O)OC(C)(C)CC2,STP00949,成功（100条，已去重）,100,1.0,1.0,1.0,molecule_ID精确匹配,全量源表未提供可核验SMILES；仅保留Swiss原始SMILES供原始行号审计
2088,6172,COC(=O)c1c(O)c2ccccc2c2oc(=O)ccc12,STP02083,成功（100条，已去重）,100,1.0,1.0,1.0,molecule_ID精确匹配,全量源表未提供可核验SMILES；仅保留Swiss原始SMILES供原始行号审计
14,6174,CC1(C)C=CC2=C(O1)C(=O)c1ccccc1C2=O,STP00013,成功（100条，已去重）,100,1.0,1.0,1.0,molecule_ID精确匹配,全量源表未提供可核验SMILES；仅保留Swiss原始SMILES供原始行号审计
1986,6175,O=C(O)c1cccc2c(=O)c3ccccc3oc12,STP01981,成功（100条，已去重）,100,1.0,1.0,1.0,molecule_ID精确匹配,全量源表未提供可核验SMILES；仅保留Swiss原始SMILES供原始行号审计
3898,6176,C[C@H]1O[C@H](Oc2cc(O)c3c(=O)c(O)c(-c4ccc(O)cc4)oc3c2)[C@@H](O)[C@H](O)[C@@H]1O,STP03891,成功（100条，已去重）,100,1.0,1.0,1.0,molecule_ID精确匹配,全量源表未提供可核验SMILES；仅保留Swiss原始SMILES供原始行号审计
3060,6178,O=C(O)c1cc(O)c(O)c(Oc2c(C(=O)O)cc(O)c(O)c2O)c1,STP03055,成功（100条，已去重）,100,1.0,1.0,1.0,molecule_ID精确匹配,全量源表未提供可核验SMILES；仅保留Swiss原始SMILES供原始行号审计
3719,6179,O=C(O)c1cc(O)c(O)c(O)c1-c1c(C(=O)O)cc(O)c(O)c1O,STP03713,成功（100条，已去重）,100,4.0,1.0,1.0,molecule_ID精确匹配,全量源表未提供可核验SMILES；仅保留Swiss原始SMILES供原始行号审计
1598,6184,C[C@@H](O)CC(=O)O,STP01595,成功（100条，已去重）,100,1.0,1.0,1.0,molecule_ID精确匹配,全量源表未提供可核验SMILES；仅保留Swiss原始SMILES供原始行号审计
839,6186,COc1ccc(CC[C@@H]2Cc3cc(O)cc(O)c3C(=O)O2)cc1,STP00838,成功（100条，已去重）,100,1.0,1.0,1.0,molecule_ID精确匹配,全量源表未提供可核验SMILES；仅保留Swiss原始SMILES供原始行号审计
4126,6189,C=C[C@H](O)CCCC,STP04119,成功（100条，已去重）,100,2.0,1.0,1.0,molecule_ID精确匹配,全量源表未提供可核验SMILES；仅保留Swiss原始SMILES供原始行号审计
3804,6192,CCOc1cc(/C=C/C(=O)O[C@H](Cc2ccc(O)c(OCC)c2)C(=O)O)ccc1O,STP03798,成功（100条，已去重）,100,1.0,1.0,1.0,molecule_ID精确匹配,全量源表未提供可核验SMILES；仅保留Swiss原始SMILES供原始行号审计
3596,6194,CC/C=C\C[C@@H]1CC[C@H](O[C@H]2O[C@H](CO)[C@@H](O)[C@H](O)[C@@H]2O)[C@H]1CC(=O)O,STP03590,成功（100条，已去重）,100,1.0,1.0,1.0,molecule_ID精确匹配,全量源表未提供可核验SMILES；仅保留Swiss原始SMILES供原始行号审计
1461,6195,CC/C=C\C[C@@H]1CC[C@H](O)[C@H]1CC(=O)O,STP01458,成功（100条，已去重）,100,1.0,1.0,1.0,molecule_ID精确匹配,全量源表未提供可核验SMILES；仅保留Swiss原始SMILES供原始行号审计
3623,6196,O=C(O)C[C@@H](CCc1ccccc1)O[C@H]1O[C@H](CO)[C@@H](O)[C@H](O)[C@@H]1O,STP03617,成功（100条，已去重）,100,1.0,1.0,1.0,molecule_ID精确匹配,全量源表未提供可核验SMILES；仅保留Swiss原始SMILES供原始行号审计
2980,6197,O=C(O)C[C@H](O)CCc1ccccc1,STP02975,成功（100条，已去重）,100,1.0,1.0,1.0,molecule_ID精确匹配,全量源表未提供可核验SMILES；仅保留Swiss原始SMILES供原始行号审计
311,6198,C=CCc1cc(OC)c2c(c1OC)OCO2,STP00310,成功（100条，已去重）,100,6.0,1.0,1.0,molecule_ID精确匹配,全量源表未提供可核验SMILES；仅保留Swiss原始SMILES供原始行号审计
3284,6202,CCCCC/C=C\C/C=C\C/C=C\CCCCCCC(=O)O,STP03278,成功（100条，已去重）,100,1.0,1.0,1.0,molecule_ID精确匹配,全量源表未提供可核验SMILES；仅保留Swiss原始SMILES供原始行号审计
2711,6209,CC(C)CCN1C=C/C(=C\c2cc[n+](CCC(C)C)c3ccccc23)c2ccccc21,STP02706,成功（100条，已去重）,100,4.0,1.0,1.0,molecule_ID精确匹配,全量源表未提供可核验SMILES；仅保留Swiss原始SMILES供原始行号审计
384,621,C/C=C1/CN2CCc3c([nH]c4ccccc34)[C@@H]2C[C@@H]1[C@H](CO)C(=O)OC,STP00383,成功（100条，已去重）,100,1.0,1.0,1.0,molecule_ID精确匹配,全量源表未提供可核验SMILES；仅保留Swiss原始SMILES供原始行号审计
2878,6210,C=CCc1cccc(O[C@@H]2O[C@H](CO)[C@@H](O)[C@H](O)[C@H]2O)c1OC,STP02873,成功（100条，已去重）,100,1.0,1.0,1.0,molecule_ID精确匹配,全量源表未提供可核验SMILES；仅保留Swiss原始SMILES供原始行号审计
625,6211,C=CCc1cccc(O)c1OC,STP00624,成功（100条，已去重）,100,3.0,1.0,1.0,molecule_ID精确匹配,全量源表未提供可核验SMILES；仅保留Swiss原始SMILES供原始行号审计
1384,6212,COC(=O)/C=C\c1ccc(O)c(OC)c1,STP01382,成功（100条，已去重）,100,1.0,1.0,1.0,molecule_ID精确匹配,全量源表未提供可核验SMILES；仅保留Swiss原始SMILES供原始行号审计
4200,6214,CC(=O)[C@H]1CC[C@H]2[C@@H]3CCC4=CC(=O)CC[C@]4(C)[C@H]3CC[C@]12C,STP04193,成功（100条，已去重）,100,2.0,1.0,1.0,molecule_ID精确匹配,全量源表未提供可核验SMILES；仅保留Swiss原始SMILES供原始行号审计
2007,6218,COC(=O)/C=C/c1ccc(O)c(O)c1,STP02002,成功（100条，已去重）,100,7.0,1.0,1.0,molecule_ID精确匹配,全量源表未提供可核验SMILES；仅保留Swiss原始SMILES供原始行号审计
2815,6221,N#C[C@H](O[C@@H]1O[C@@H](CO)[C@@H](O)[C@@H](O)[C@@H]1O)c1ccccc1,STP02810,成功（100条，已去重）,100,2.0,1.0,1.0,molecule_ID精确匹配,全量源表未提供可核验SMILES；仅保留Swiss原始SMILES供原始行号审计
1914,6227,Cc1ccoc1C(=O)CC(C)C,STP01909,成功（100条，已去重）,100,2.0,1.0,1.0,molecule_ID精确匹配,全量源表未提供可核验SMILES；仅保留Swiss原始SMILES供原始行号审计
2022,6233,COc1cc([C@H]2Oc3cc(O)cc(O)c3C(=O)[C@H]2O)ccc1O,STP02017,成功（100条，已去重）,100,1.0,1.0,1.0,molecule_ID精确匹配,全量源表未提供可核验SMILES；仅保留Swiss原始SMILES供原始行号审计
197,6235,COc1ccc2c(OC)c(/C=C/C(C)C)c(O)nc2c1OC,STP00196,成功（100条，已去重）,100,2.0,1.0,1.0,molecule_ID精确匹配,全量源表未提供可核验SMILES；仅保留Swiss原始SMILES供原始行号审计
3126,6239,COc1ccc2nc3occc3c(OC)c2c1,STP03121,成功（100条，已去重）,100,2.0,1.0,1.0,molecule_ID精确匹配,全量源表未提供可核验SMILES；仅保留Swiss原始SMILES供原始行号审计
4029,624,O=S(=O)([O-])O/N=C(\Cc1ccc(O)cc1)S[C@@H]1O[C@H](CO)[C@@H](O)[C@H](O)[C@H]1O,STP04022,成功（100条，已去重）,100,1.0,1.0,1.0,molecule_ID精确匹配,全量源表未提供可核验SMILES；仅保留Swiss原始SMILES供原始行号审计
2066,6240,Cc1cn([C@H]2C[C@H](O)[C@@H](CO)O2)c(=O)[nH]c1=O,STP02061,成功（100条，已去重）,100,5.0,1.0,1.0,molecule_ID精确匹配,全量源表未提供可核验SMILES；仅保留Swiss原始SMILES供原始行号审计
1831,6243,CC1=CCC[C@@]2(C)[C@H](c3ccoc3)OC(=O)[C@H]3O[C@@]132,STP01826,成功（100条，已去重）,100,1.0,1.0,1.0,molecule_ID精确匹配,全量源表未提供可核验SMILES；仅保留Swiss原始SMILES供原始行号审计
1837,6244,CC1=C2[C@@H](O)C(=O)O[C@@H](c3ccoc3)[C@]2(C)CC[C@@H]1O,STP01832,成功（100条，已去重）,100,1.0,1.0,1.0,molecule_ID精确匹配,全量源表未提供可核验SMILES；仅保留Swiss原始SMILES供原始行号审计
1816,6246,CC1=C2[C@H](O)C(=O)O[C@@H](c3ccoc3)[C@]2(C)CC[C@H]1O,STP01811,成功（100条，已去重）,100,1.0,1.0,1.0,molecule_ID精确匹配,全量源表未提供可核验SMILES；仅保留Swiss原始SMILES供原始行号审计
1627,6248,C[C@H]1CCCC[C@@H]2[C@H]1CC[C@]2(C)O,STP01624,成功（100条，已去重）,100,1.0,1.0,1.0,molecule_ID精确匹配,全量源表未提供可核验SMILES；仅保留Swiss原始SMILES供原始行号审计
199,625,COC1=C[C@@H]2[C@H]3N(C)C[C@@]34C[C@]2(CC1=O)c1c4ccc(OC)c1O,STP00198,成功（100条，已去重）,100,1.0,1.0,1.0,molecule_ID精确匹配,全量源表未提供可核验SMILES；仅保留Swiss原始SMILES供原始行号审计
998,6258,CC1=C2C(=O)O[C@@H](c3ccoc3)[C@]2(C)CCC1,STP00997,成功（100条，已去重）,100,2.0,1.0,1.0,molecule_ID精确匹配,全量源表未提供可核验SMILES；仅保留Swiss原始SMILES供原始行号审计
98,6259,CC1=C2C(=O)O[C@@H](c3ccoc3)[C@]2(C)CC[C@H]1O,STP00097,成功（100条，已去重）,100,1.0,1.0,1.0,molecule_ID精确匹配,全量源表未提供可核验SMILES；仅保留Swiss原始SMILES供原始行号审计
73,6260,CC1=CCC[C@]2(C)[C@H]1C(=O)O[C@H]2[C@H]1CCOC1,STP00072,成功（100条，已去重）,100,1.0,1.0,1.0,molecule_ID精确匹配,全量源表未提供可核验SMILES；仅保留Swiss原始SMILES供原始行号审计
25,6268,COc1ccc2c(OC)c(CC=C(C)C)c(=O)[nH]c2c1OC,STP00024,成功（100条，已去重）,100,2.0,1.0,1.0,molecule_ID精确匹配,全量源表未提供可核验SMILES；仅保留Swiss原始SMILES供原始行号审计
433,627,COc1cc2c(cc1O)[C@H]1Cc3ccc(O)c(OC)c3CN1CC2,STP00432,成功（100条，已去重）,100,2.0,1.0,1.0,molecule_ID精确匹配,全量源表未提供可核验SMILES；仅保留Swiss原始SMILES供原始行号审计
366,6273,CC1=C2C(=O)O[C@@H](c3ccoc3)[C@]2(C)C[C@H](C)[C@H]1O,STP00365,成功（100条，已去重）,100,1.0,1.0,1.0,molecule_ID精确匹配,全量源表未提供可核验SMILES；仅保留Swiss原始SMILES供原始行号审计
1055,6274,CC1=C2C(=O)O[C@@H](c3ccoc3)[C@]2(C)CC[C@H]1CO,STP01054,成功（100条，已去重）,100,1.0,1.0,1.0,molecule_ID精确匹配,全量源表未提供可核验SMILES；仅保留Swiss原始SMILES供原始行号审计
1267,6286,CC1=C[C@H]2[C@@H](CC1)C(C)=CC[C@H]2C(C)C,STP01265,成功（100条，已去重）,100,3.0,1.0,1.0,molecule_ID精确匹配,全量源表未提供可核验SMILES；仅保留Swiss原始SMILES供原始行号审计
1247,6287,CC1=C[C@@H]2[C@H](CC1)C(C)=CC[C@@H]2C(C)C,STP01245,成功（100条，已去重）,100,9.0,1.0,1.0,molecule_ID精确匹配,全量源表未提供可核验SMILES；仅保留Swiss原始SMILES供原始行号审计
1838,6288,CC1=C[C@@H]2[C@@H](C(C)C)CC[C@](C)(O)[C@H]2CC1,STP01833,成功（100条，已去重）,100,3.0,1.0,1.0,molecule_ID精确匹配,全量源表未提供可核验SMILES；仅保留Swiss原始SMILES供原始行号审计
1897,629,C[C@@H]1O[C@H](Oc2coc3cc(O)cc(O)c3c2=O)[C@H](O)[C@H](O)[C@H]1O,STP01892,成功（100条，已去重）,100,1.0,1.0,1.0,molecule_ID精确匹配,全量源表未提供可核验SMILES；仅保留Swiss原始SMILES供原始行号审计
3825,6290,CN(CC(=O)O)C(=N)N,STP03819,成功（100条，已去重）,100,1.0,1.0,1.0,molecule_ID精确匹配,全量源表未提供可核验SMILES；仅保留Swiss原始SMILES供原始行号审计
1340,6292,CC1=C2C=C(C(C)C)CC[C@]2(C)CCC1,STP01338,成功（100条，已去重）,100,10.0,1.0,1.0,molecule_ID精确匹配,全量源表未提供可核验SMILES；仅保留Swiss原始SMILES供原始行号审计
568,6297,CC(C)=C1CC[C@@H](C)C2=C(C1)[C@@H](C)CC2,STP00567,成功（100条，已去重）,100,3.0,1.0,1.0,molecule_ID精确匹配,全量源表未提供可核验SMILES；仅保留Swiss原始SMILES供原始行号审计
4122,6299,C=CC1=C[C@@H]2CC[C@@]1(C)C2(C)C,STP04115,成功（100条，已去重）,100,1.0,1.0,1.0,molecule_ID精确匹配,全量源表未提供可核验SMILES；仅保留Swiss原始SMILES供原始行号审计
2636,630,O=C(/C=C\c1ccc(O)cc1)NC[C@@H](O)c1ccc(O)cc1,STP02631,成功（100条，已去重）,100,1.0,1.0,1.0,molecule_ID精确匹配,全量源表未提供可核验SMILES；仅保留Swiss原始SMILES供原始行号审计
2339,6301,COc1cnc2ccc(=O)n3c4ccccc4c1c23,STP02334,成功（100条，已去重）,100,1.0,1.0,1.0,molecule_ID精确匹配,全量源表未提供可核验SMILES；仅保留Swiss原始SMILES供原始行号审计
4006,6304,O=c1cc(O)c2nccc3c4ccccc4n1c23,STP03999,成功（100条，已去重）,100,1.0,1.0,1.0,molecule_ID精确匹配,全量源表未提供可核验SMILES；仅保留Swiss原始SMILES供原始行号审计
2739,6305,COc1c(OC)c(OC)c2oc(=O)ccc2c1OC,STP02734,成功（100条，已去重）,100,1.0,1.0,1.0,molecule_ID精确匹配,全量源表未提供可核验SMILES；仅保留Swiss原始SMILES供原始行号审计
1426,6306,COc1cc2nccc3c4ccccc4n(c1=O)c23,STP01423,成功（100条，已去重）,100,1.0,1.0,1.0,molecule_ID精确匹配,全量源表未提供可核验SMILES；仅保留Swiss原始SMILES供原始行号审计
1657,6308,O=c1ccc2nccc3c4cccc(O)c4n1c23,STP01653,成功（100条，已去重）,100,1.0,1.0,1.0,molecule_ID精确匹配,全量源表未提供可核验SMILES；仅保留Swiss原始SMILES供原始行号审计
1788,631,O=C(/C=C\c1ccc(O)cc1)NCCc1ccc(O)cc1,STP01784,成功（100条，已去重）,100,5.0,1.0,1.0,molecule_ID精确匹配,全量源表未提供可核验SMILES；仅保留Swiss原始SMILES供原始行号审计
3586,6311,CC1=C2C(=O)C(O)=C(C)[C@@H]2[C@H]2OC(=O)[C@@H](C)[C@H]2[C@@H](O)C1,STP03580,成功（100条，已去重）,100,1.0,1.0,1.0,molecule_ID精确匹配,全量源表未提供可核验SMILES；仅保留Swiss原始SMILES供原始行号审计
1611,6312,Cc1ccc(C(C)C)cc2c(C)ccc1-2,STP01608,成功（100条，已去重）,100,7.0,1.0,1.0,molecule_ID精确匹配,全量源表未提供可核验SMILES；仅保留Swiss原始SMILES供原始行号审计
2329,6315,COc1ccc2c(cc3c4c(cc5c(c42)OCO5)CCN3C)c1OC,STP02324,成功（100条，已去重）,100,2.0,1.0,1.0,molecule_ID精确匹配,全量源表未提供可核验SMILES；仅保留Swiss原始SMILES供原始行号审计
3557,6326,COc1cc2oc(=O)c(C)c(C)c2cc1OCCCN1CCN(c2ccccc2OC)CC1,STP03551,成功（100条，已去重）,100,1.0,1.0,1.0,molecule_ID精确匹配,全量源表未提供可核验SMILES；仅保留Swiss原始SMILES供原始行号审计
1998,6331,O=c1cc(-c2ccc(O)cc2)oc2cccc(O)c12,STP01993,成功（100条，已去重）,100,3.0,1.0,1.0,molecule_ID精确匹配,全量源表未提供可核验SMILES；仅保留Swiss原始SMILES供原始行号审计
2833,6339,O=C(O)c1cccc(C(=O)O)c1,STP02828,成功（100条，已去重）,100,1.0,1.0,1.0,molecule_ID精确匹配,全量源表未提供可核验SMILES；仅保留Swiss原始SMILES供原始行号审计
3517,6340,O=C1C=CC(=C(c2ccc(O)cc2)c2ccc(O)cc2)C=C1,STP03511,成功（100条，已去重）,100,2.0,1.0,1.0,molecule_ID精确匹配,全量源表未提供可核验SMILES；仅保留Swiss原始SMILES供原始行号审计
28,6347,Cc1cc2c(c(C)c1CCO)C(=O)[C@H](C)C2,STP00027,成功（100条，已去重）,100,2.0,1.0,1.0,molecule_ID精确匹配,全量源表未提供可核验SMILES；仅保留Swiss原始SMILES供原始行号审计
31,6349,Cc1cc2c(c(C)c1CCO)C(=O)[C@@H](C)[C@@H]2O,STP00030,成功（100条，已去重）,100,1.0,1.0,1.0,molecule_ID精确匹配,全量源表未提供可核验SMILES；仅保留Swiss原始SMILES供原始行号审计
3861,635,COc1cc(C=O)ccc1O,STP03855,成功（100条，已去重）,100,46.0,1.0,1.0,molecule_ID精确匹配,全量源表未提供可核验SMILES；仅保留Swiss原始SMILES供原始行号审计
19,6351,COCCc1c(C)cc2c(c1C)C(=O)[C@H](C)C2,STP00018,成功（100条，已去重）,100,1.0,1.0,1.0,molecule_ID精确匹配,全量源表未提供可核验SMILES；仅保留Swiss原始SMILES供原始行号审计
1241,6352,Cc1cc2c(c(CO)c1CCO)C(=O)[C@@H](C)[C@@H]2O,STP01239,成功（100条，已去重）,100,1.0,1.0,1.0,molecule_ID精确匹配,全量源表未提供可核验SMILES；仅保留Swiss原始SMILES供原始行号审计
4210,6356,OC[C@@H](O)[C@@H](O)[C@H](O)[C@@H](O)CO,STP04203,成功（100条，已去重）,100,5.0,1.0,1.0,molecule_ID精确匹配,全量源表未提供可核验SMILES；仅保留Swiss原始SMILES供原始行号审计
1343,6363,CCOc1ccc2c(c1OCC)-c1c(O)c(OC)cc3c1[C@H](C2)[N+](C)(C)CC3,STP01341,成功（100条，已去重）,100,1.0,1.0,1.0,molecule_ID精确匹配,全量源表未提供可核验SMILES；仅保留Swiss原始SMILES供原始行号审计
2775,6364,COc1cc([C@H]2c3c(cc(OC)c(O)c3OC)C[C@@H](CO)[C@@H]2CO)cc(OC)c1O,STP02770,成功（100条，已去重）,100,2.0,1.0,1.0,molecule_ID精确匹配,全量源表未提供可核验SMILES；仅保留Swiss原始SMILES供原始行号审计
1103,6365,COc1ccc2c(c1O)[C@H](Cc1ccc(O)cc1)[N+](C)(C)CC2,STP01102,成功（100条，已去重）,100,1.0,1.0,1.0,molecule_ID精确匹配,全量源表未提供可核验SMILES；仅保留Swiss原始SMILES供原始行号审计
3102,6367,O=c1cc(-c2ccc(O)cc2)oc2cc(OCCc3ccc(O)cc3)cc(O)c12,STP03097,成功（100条，已去重）,100,1.0,1.0,1.0,molecule_ID精确匹配,全量源表未提供可核验SMILES；仅保留Swiss原始SMILES供原始行号审计
2565,6380,CC(C)(O)CCc1c(O)cc(O)c2c1O[C@@H](c1ccc(O)cc1)[C@H](O)C2=O,STP02560,成功（100条，已去重）,100,1.0,1.0,1.0,molecule_ID精确匹配,全量源表未提供可核验SMILES；仅保留Swiss原始SMILES供原始行号审计
3747,6382,COc1cc2c3c4c1OCc1c5c(cc(c1-4)C[C@@H]3[N+](C)(C)CC2)OCO5,STP03741,成功（100条，已去重）,100,1.0,1.0,1.0,molecule_ID精确匹配,全量源表未提供可核验SMILES；仅保留Swiss原始SMILES供原始行号审计
2963,6384,COc1cc([C@@H]2OC[C@@H]3[C@H]2CO[C@H]3c2cc(OC)c(O)c(OC)c2)cc(OC)c1O,STP02958,成功（100条，已去重）,100,6.0,1.0,1.0,molecule_ID精确匹配,全量源表未提供可核验SMILES；仅保留Swiss原始SMILES供原始行号审计
2930,6385,COc1cc2c(cc1O)[C@H]1CN(C)[C@@H](C2)c2cc3c(cc21)OCO3,STP02925,成功（100条，已去重）,100,1.0,1.0,1.0,molecule_ID精确匹配,全量源表未提供可核验SMILES；仅保留Swiss原始SMILES供原始行号审计
897,6386,C[N+](C)(C)Cc1ccc(O)cc1,STP00896,成功（100条，已去重）,100,1.0,1.0,1.0,molecule_ID精确匹配,全量源表未提供可核验SMILES；仅保留Swiss原始SMILES供原始行号审计
4002,6387,O=C(/C=C/c1ccc(O)c(O)c1)O[C@H]1C[C@](O)(C(=O)O)C[C@@H](O)[C@@H]1O,STP03995,成功（100条，已去重）,100,5.0,1.0,1.0,molecule_ID精确匹配,全量源表未提供可核验SMILES；仅保留Swiss原始SMILES供原始行号审计
2493,6389,CCOc1cc2c(cc1O)CC[n+]1cc3cc(OCC)c(OCC)cc3cc1-2,STP02488,成功（100条，已去重）,100,1.0,1.0,1.0,molecule_ID精确匹配,全量源表未提供可核验SMILES；仅保留Swiss原始SMILES供原始行号审计
2789,6391,CCOc1cc2c(cc1OCC)-c1cc3ccc(OCC)c(OCC)c3c[n+]1CC2,STP02784,成功（100条，已去重）,100,1.0,1.0,1.0,molecule_ID精确匹配,全量源表未提供可核验SMILES；仅保留Swiss原始SMILES供原始行号审计
2863,6395,CCOc1cc2c(cc1OCC)-c1cc3cc(O)c(OCC)c(OCC)c3c[n+]1CC2,STP02858,成功（100条，已去重）,100,1.0,1.0,1.0,molecule_ID精确匹配,全量源表未提供可核验SMILES；仅保留Swiss原始SMILES供原始行号审计
765,6396,CCOc1c(O)ccc2c1-c1c(O)c(OC)cc3c1[C@H](C2)[N+](C)(C)CC3,STP00764,成功（100条，已去重）,100,1.0,1.0,1.0,molecule_ID精确匹配,全量源表未提供可核验SMILES；仅保留Swiss原始SMILES供原始行号审计
2447,6397,CCOc1cc2c(cc1O)CC[n+]1cc3c(OCC)c(OCC)ccc3cc1-2,STP02442,成功（100条，已去重）,100,1.0,1.0,1.0,molecule_ID精确匹配,全量源表未提供可核验SMILES；仅保留Swiss原始SMILES供原始行号审计
1115,6398,COc1cc2c(cc1O)[C@@H]1Cc3cc(OC)c(O)cc3[N@+]1(C)CC2,STP01114,成功（100条，已去重）,100,1.0,1.0,1.0,molecule_ID精确匹配,全量源表未提供可核验SMILES；仅保留Swiss原始SMILES供原始行号审计
1112,6399,COc1cc2c(cc1O)CC[N+](C)(C)[C@H]2Cc1ccc(O)cc1,STP01111,成功（100条，已去重）,100,1.0,1.0,1.0,molecule_ID精确匹配,全量源表未提供可核验SMILES；仅保留Swiss原始SMILES供原始行号审计
742,64,N[C@H](CO)C(=O)O,STP00741,成功（100条，已去重）,100,3.0,1.0,1.0,molecule_ID精确匹配,全量源表未提供可核验SMILES；仅保留Swiss原始SMILES供原始行号审计
612,6400,CCOc1ccc2c(c1O)-c1c(O)c(OC)cc3c1[C@H](C2)[N+](C)(C)CC3,STP00611,成功（100条，已去重）,100,1.0,1.0,1.0,molecule_ID精确匹配,全量源表未提供可核验SMILES；仅保留Swiss原始SMILES供原始行号审计
1348,6402,CCOc1ccc2c(c1O)-c1c(OCC)c(OC)cc3c1[C@H](C2)[N+](C)(C)CC3,STP01346,成功（100条，已去重）,100,1.0,1.0,1.0,molecule_ID精确匹配,全量源表未提供可核验SMILES；仅保留Swiss原始SMILES供原始行号审计
3667,6406,CCOc1c2c3c(c(OCC)c1OC)-c1cc(CO)c(O)cc1C[C@H]3[N+](C)(C)CC2,STP03661,成功（100条，已去重）,100,1.0,1.0,1.0,molecule_ID精确匹配,全量源表未提供可核验SMILES；仅保留Swiss原始SMILES供原始行号审计
3009,6409,CC(C)(O)C[C@@H](O)c1c(O)cc(O)c2c(=O)c(O)c(-c3ccc(O)cc3)oc12,STP03004,成功（100条，已去重）,100,1.0,1.0,1.0,molecule_ID精确匹配,全量源表未提供可核验SMILES；仅保留Swiss原始SMILES供原始行号审计
3030,6412,CC(C)(O)CCc1c(O)cc2c(c1O)C(=O)[C@H](O)[C@H](c1ccc(O)cc1)O2,STP03025,成功（100条，已去重）,100,1.0,1.0,1.0,molecule_ID精确匹配,全量源表未提供可核验SMILES；仅保留Swiss原始SMILES供原始行号审计
2002,6414,O=c1ccc2cc(CCO)c(O)cc2o1,STP01997,成功（100条，已去重）,100,2.0,1.0,1.0,molecule_ID精确匹配,全量源表未提供可核验SMILES；仅保留Swiss原始SMILES供原始行号审计
941,6415,O=c1ccc2ccc(O)c(CCO)c2o1,STP00940,成功（100条，已去重）,100,1.0,1.0,1.0,molecule_ID精确匹配,全量源表未提供可核验SMILES；仅保留Swiss原始SMILES供原始行号审计
1294,6416,C/C(=C/Cc1cc2c(cc1O)CC(=O)C=C2)CO,STP01292,成功（100条，已去重）,100,1.0,1.0,1.0,molecule_ID精确匹配,全量源表未提供可核验SMILES；仅保留Swiss原始SMILES供原始行号审计
2417,6417,C=C(C)[C@H]1Cc2c(cc(O)c3c2O[C@H](c2ccc(O)cc2)[C@@H](O)C3=O)O1,STP02412,成功（100条，已去重）,100,1.0,1.0,1.0,molecule_ID精确匹配,全量源表未提供可核验SMILES；仅保留Swiss原始SMILES供原始行号审计
2666,6418,CC(C)(O)[C@H]1Cc2c(cc(O)c3c2O[C@H](c2ccc(O)cc2)[C@@H](O)C3=O)O1,STP02661,成功（100条，已去重）,100,1.0,1.0,1.0,molecule_ID精确匹配,全量源表未提供可核验SMILES；仅保留Swiss原始SMILES供原始行号审计
412,6419,COc1cc2c(cc1OC)[C@@H]1Cc3ccc(OC)c(O)c3CN1CC2,STP00411,成功（100条，已去重）,100,1.0,1.0,1.0,molecule_ID精确匹配,全量源表未提供可核验SMILES；仅保留Swiss原始SMILES供原始行号审计
1148,6420,CCOc1c(OC)ccc2c1CN1CCc3cc(OC)c(OC)cc3[C@@H]1C2,STP01147,成功（100条，已去重）,100,1.0,1.0,1.0,molecule_ID精确匹配,全量源表未提供可核验SMILES；仅保留Swiss原始SMILES供原始行号审计
111,6421,COc1ccc(CC2=[N+](C)CCc3cc(OC)c(O)cc32)cc1O,STP00110,成功（100条，已去重）,100,1.0,1.0,1.0,molecule_ID精确匹配,全量源表未提供可核验SMILES；仅保留Swiss原始SMILES供原始行号审计
2294,6422,COc1c(O)ccc2cc3[n+](cc12)CCc1cc2c(cc1-3)OCO2,STP02289,成功（100条，已去重）,100,4.0,1.0,1.0,molecule_ID精确匹配,全量源表未提供可核验SMILES；仅保留Swiss原始SMILES供原始行号审计
672,6424,CCOc1cc2c(cc1O)C[C@H]1c3c(cc(OC)c(OCC)c3-2)CC[N+]1(C)C,STP00671,成功（100条，已去重）,100,1.0,1.0,1.0,molecule_ID精确匹配,全量源表未提供可核验SMILES；仅保留Swiss原始SMILES供原始行号审计
2437,6425,COc1cc(OC)c2c(c1)O[C@H](c1ccc3c(c1)OCO3)CC2,STP02432,成功（100条，已去重）,100,1.0,1.0,1.0,molecule_ID精确匹配,全量源表未提供可核验SMILES；仅保留Swiss原始SMILES供原始行号审计
2597,6426,COC1=C[C@@H]2C(=O)c3c(cc(O)c(OC)c3O)O[C@@H]2C(OC)=C1O,STP02592,成功（100条，已去重）,100,1.0,1.0,1.0,molecule_ID精确匹配,全量源表未提供可核验SMILES；仅保留Swiss原始SMILES供原始行号审计
2508,6427,COC(=O)/C=C(\C)CC/C=C(\C)CCC=C(C)C,STP02503,成功（100条，已去重）,100,1.0,1.0,1.0,molecule_ID精确匹配,全量源表未提供可核验SMILES；仅保留Swiss原始SMILES供原始行号审计
215,6428,COc1cc([C@H]2COc3cc(O)cc(OC)c3C2=O)cc(O)c1OC,STP00214,成功（100条，已去重）,100,1.0,1.0,1.0,molecule_ID精确匹配,全量源表未提供可核验SMILES；仅保留Swiss原始SMILES供原始行号审计
4143,6435,Cc1c(O)cc2c(c1C)O[C@](C)(CCC[C@@H](C)CCC[C@H](C)CCCC(C)C)CC2,STP04136,成功（100条，已去重）,100,1.0,1.0,1.0,molecule_ID精确匹配,全量源表未提供可核验SMILES；仅保留Swiss原始SMILES供原始行号审计
544,6438,O=C1/C(=C\c2ccc(O)c(O)c2)Oc2c1ccc(O)c2O,STP00543,成功（100条，已去重）,100,1.0,1.0,1.0,molecule_ID精确匹配,全量源表未提供可核验SMILES；仅保留Swiss原始SMILES供原始行号审计
2001,6442,O=C1c2ccc(O)c(O)c2O[C@@H]1c1ccc(O)c(O)c1,STP01996,成功（100条，已去重）,100,1.0,1.0,1.0,molecule_ID精确匹配,全量源表未提供可核验SMILES；仅保留Swiss原始SMILES供原始行号审计
2267,6443,COc1cc2c(cc1O)-c1cc3ccc(O)c(OC)c3c[n+]1CC2,STP02262,成功（100条，已去重）,100,1.0,1.0,1.0,molecule_ID精确匹配,全量源表未提供可核验SMILES；仅保留Swiss原始SMILES供原始行号审计
135,6444,COc1cc2c(cc1O)[C@@H]1Cc3ccc(OC)c(OC)c3C[N@@+]1(C)CC2,STP00134,成功（100条，已去重）,100,1.0,1.0,1.0,molecule_ID精确匹配,全量源表未提供可核验SMILES；仅保留Swiss原始SMILES供原始行号审计
2249,6447,COc1cc2c(cc1O)CC[n+]1cc3c(OC)c(O)ccc3cc1-2,STP02244,成功（100条，已去重）,100,2.0,1.0,1.0,molecule_ID精确匹配,全量源表未提供可核验SMILES；仅保留Swiss原始SMILES供原始行号审计
315,645,Cc1cc2c(cn1)C(=O)OCC2,STP00314,成功（100条，已去重）,100,2.0,1.0,1.0,molecule_ID精确匹配,全量源表未提供可核验SMILES；仅保留Swiss原始SMILES供原始行号审计
3991,6450,C[C@]12C[C@H](c3ccoc3)OC(=O)[C@@H]1CC[C@@]1(C)[C@@H]2[C@@H]2C=C[C@@]1(O)C(=O)O2,STP03984,成功（100条，已去重）,100,1.0,1.0,1.0,molecule_ID精确匹配,全量源表未提供可核验SMILES；仅保留Swiss原始SMILES供原始行号审计
3044,6451,Oc1cc(O)c2ccccc2c1,STP03039,成功（100条，已去重）,100,1.0,1.0,1.0,molecule_ID精确匹配,全量源表未提供可核验SMILES；仅保留Swiss原始SMILES供原始行号审计
2024,6453,COc1cc(O)c2c(c1)C(=O)c1cc(O)c(O)cc1C2=O,STP02019,成功（100条，已去重）,100,1.0,1.0,1.0,molecule_ID精确匹配,全量源表未提供可核验SMILES；仅保留Swiss原始SMILES供原始行号审计
1969,6457,COc1cc2c(c(O)c1CO)C(=O)c1cccc(O)c1C2=O,STP01964,成功（100条，已去重）,100,1.0,1.0,1.0,molecule_ID精确匹配,全量源表未提供可核验SMILES；仅保留Swiss原始SMILES供原始行号审计
2992,6461,O=C(O)c1c(Cc2ccccc2)cc(O)cc1O[C@@H]1O[C@H](CO)[C@@H](O)[C@H](O)[C@H]1O,STP02987,成功（100条，已去重）,100,1.0,1.0,1.0,molecule_ID精确匹配,全量源表未提供可核验SMILES；仅保留Swiss原始SMILES供原始行号审计
2141,6462,O=C(O)c1c(O)cc(O)cc1Cc1ccccc1,STP02136,成功（100条，已去重）,100,1.0,1.0,1.0,molecule_ID精确匹配,全量源表未提供可核验SMILES；仅保留Swiss原始SMILES供原始行号审计
4112,6463,CC(=O)c1c(C)cc2cc(O)cc(OCC[C@@H](O)[C@@H](O)[C@H](O)[C@@H](O)C=O)c2c1O,STP04105,成功（100条，已去重）,100,1.0,1.0,1.0,molecule_ID精确匹配,全量源表未提供可核验SMILES；仅保留Swiss原始SMILES供原始行号审计
3607,6468,COc1cc(O)c2c(c1)C(=O)c1cc(C)cc(O[C@@H]3O[C@H](CO)[C@@H](O)[C@H](O)[C@H]3O)c1C2=O,STP03601,成功（100条，已去重）,100,2.0,1.0,1.0,molecule_ID精确匹配,全量源表未提供可核验SMILES；仅保留Swiss原始SMILES供原始行号审计
2674,6469,O=C1c2ccccc2C(=O)c2ccccc21,STP02669,成功（100条，已去重）,100,5.0,1.0,1.0,molecule_ID精确匹配,全量源表未提供可核验SMILES；仅保留Swiss原始SMILES供原始行号审计
251,6471,COC1=C(O)C(C)=C[C@H]2C(=O)c3cc(O)c(OC)c(O)c3C(=O)[C@@H]12,STP00250,成功（100条，已去重）,100,1.0,1.0,1.0,molecule_ID精确匹配,全量源表未提供可核验SMILES；仅保留Swiss原始SMILES供原始行号审计
2304,6472,COc1c(O)cc2c(c1O)C(=O)c1c(cc(C)c(O)c1OC)C2=O,STP02299,成功（100条，已去重）,100,1.0,1.0,1.0,molecule_ID精确匹配,全量源表未提供可核验SMILES；仅保留Swiss原始SMILES供原始行号审计
3214,6473,Cc1cc(=O)c2c(O)c3c(O[C@@H]4O[C@H](CO)[C@@H](O)[C@H](O)[C@H]4O)cccc3cc2o1,STP03209,成功（100条，已去重）,100,1.0,1.0,1.0,molecule_ID精确匹配,全量源表未提供可核验SMILES；仅保留Swiss原始SMILES供原始行号审计
2341,6475,COc1cc2c(c(O)c1OC)C(=O)c1c(cc(C)c(O)c1OC)C2=O,STP02336,成功（100条，已去重）,100,1.0,1.0,1.0,molecule_ID精确匹配,全量源表未提供可核验SMILES；仅保留Swiss原始SMILES供原始行号审计
1398,648,C=Cc1cncc2c1CCOC2=O,STP01396,成功（100条，已去重）,100,2.0,1.0,1.0,molecule_ID精确匹配,全量源表未提供可核验SMILES；仅保留Swiss原始SMILES供原始行号审计
4124,6481,COc1c(O[C@H]2O[C@@H](CO)[C@@H](O)[C@H](O)[C@@H]2O)c(C)cc2c1C(=O)c1c(O)cccc1C2=O,STP04117,成功（100条，已去重）,100,1.0,1.0,1.0,molecule_ID精确匹配,全量源表未提供可核验SMILES；仅保留Swiss原始SMILES供原始行号审计
626,6482,C=C1Cc2cc3cc(OC)cc(O)c3c(O)c2C(=O)O1,STP00625,成功（100条，已去重）,100,1.0,1.0,1.0,molecule_ID精确匹配,全量源表未提供可核验SMILES；仅保留Swiss原始SMILES供原始行号审计
2245,6486,COc1cc2c(c(OC)c1O)C(=O)c1c(cc(C)c(O)c1OC)C2=O,STP02240,成功（100条，已去重）,100,1.0,1.0,1.0,molecule_ID精确匹配,全量源表未提供可核验SMILES；仅保留Swiss原始SMILES供原始行号审计
1939,6488,COc1cc(O)cc2c1C(=O)c1c(O)cc(C)cc1C2=O,STP01934,成功（100条，已去重）,100,3.0,1.0,1.0,molecule_ID精确匹配,全量源表未提供可核验SMILES；仅保留Swiss原始SMILES供原始行号审计
2363,6489,O=C1c2ccccc2C(=O)c2c(O)ccc(O)c21,STP02358,成功（100条，已去重）,100,1.0,1.0,1.0,molecule_ID精确匹配,全量源表未提供可核验SMILES；仅保留Swiss原始SMILES供原始行号审计
953,649,Cc1nccc2c1[C@@H](O)OCC2,STP00952,成功（100条，已去重）,100,2.0,1.0,1.0,molecule_ID精确匹配,全量源表未提供可核验SMILES；仅保留Swiss原始SMILES供原始行号审计
1410,65,N[C@@H](CC(=O)O)C(=O)O,STP01408,成功（100条，已去重）,100,13.0,1.0,1.0,molecule_ID精确匹配,全量源表未提供可核验SMILES；仅保留Swiss原始SMILES供原始行号审计
4077,650,C=C[C@H]1[C@H](O[C@@H]2O[C@H](CO)[C@@H](O)[C@H](O)[C@H]2O)OC=C2C(=O)OCC[C@H]21,STP04070,成功（100条，已去重）,100,7.0,1.0,1.0,molecule_ID精确匹配,全量源表未提供可核验SMILES；仅保留Swiss原始SMILES供原始行号审计
2272,6505,Oc1cc(O)c2c(c1)O[C@H](c1ccc(O)c(O)c1)[C@H](O)C2,STP02267,成功（100条，已去重）,100,8.0,1.0,1.0,molecule_ID精确匹配,全量源表未提供可核验SMILES；仅保留Swiss原始SMILES供原始行号审计
3975,652,C[C@@H]1c2cnccc2C[C@H]1O,STP03968,成功（100条，已去重）,100,2.0,1.0,1.0,molecule_ID精确匹配,全量源表未提供可核验SMILES；仅保留Swiss原始SMILES供原始行号审计
3386,6527,Cn1cnc2c1c(=O)[nH]c(=O)n2C,STP03380,成功（100条，已去重）,100,1.0,1.0,1.0,molecule_ID精确匹配,全量源表未提供可核验SMILES；仅保留Swiss原始SMILES供原始行号审计
3530,655,C[C@@H]1[C@H]2[C@H](O[C@@H]3O[C@H](CO)[C@@H](O)[C@H](O)[C@H]3O)OC=C(C(=O)O)[C@H]2C[C@@H]1O,STP03524,成功（100条，已去重）,100,4.0,1.0,1.0,molecule_ID精确匹配,全量源表未提供可核验SMILES；仅保留Swiss原始SMILES供原始行号审计
3927,6553,O=C(/C=C\c1ccc(O)cc1)OC[C@@H]1O[C@H](OCCc2ccc(O)cc2)[C@H](O)[C@H](O)[C@H]1O,STP03920,成功（100条，已去重）,100,1.0,1.0,1.0,molecule_ID精确匹配,全量源表未提供可核验SMILES；仅保留Swiss原始SMILES供原始行号审计
2894,657,CC(C)=CCc1c(O)c(CC=C(C)C)c2c(c1O)C(=O)C[C@H](c1ccc(O)cc1O)O2,STP02889,成功（100条，已去重）,100,2.0,1.0,1.0,molecule_ID精确匹配,全量源表未提供可核验SMILES；仅保留Swiss原始SMILES供原始行号审计
954,6574,O=C(/C=C/c1ccccc1O)c1ccccc1,STP00953,成功（100条，已去重）,100,1.0,1.0,1.0,molecule_ID精确匹配,全量源表未提供可核验SMILES；仅保留Swiss原始SMILES供原始行号审计
4035,6581,CCCCCCCCCCCCCc1cc(=O)c2c(O)c(C)c(O)c(C)c2o1,STP04028,成功（100条，已去重）,100,1.0,1.0,1.0,molecule_ID精确匹配,全量源表未提供可核验SMILES；仅保留Swiss原始SMILES供原始行号审计
3117,6585,C=C(C)[C@H](CC=C(C)C)Cc1c(O)cc(O)c2c(=O)c(O)c(-c3ccc(O)cc3O)oc12,STP03112,成功（100条，已去重）,100,3.0,1.0,1.0,molecule_ID精确匹配,全量源表未提供可核验SMILES；仅保留Swiss原始SMILES供原始行号审计
1468,6589,CC(C)=CCc1cc(/C=C/C(=O)O)cc(CC=C(C)C)c1O,STP01465,成功（100条，已去重）,100,2.0,1.0,1.0,molecule_ID精确匹配,全量源表未提供可核验SMILES；仅保留Swiss原始SMILES供原始行号审计
1595,6591,CCCCCc1cc2c(c(O)c1C(=O)O)[C@@H]1C=C(C)CC[C@H]1C(C)(C)O2,STP01592,成功（100条，已去重）,100,1.0,1.0,1.0,molecule_ID精确匹配,全量源表未提供可核验SMILES；仅保留Swiss原始SMILES供原始行号审计
2974,6592,CC(C)=CCc1cc2ccc(=O)oc2cc1O,STP02969,成功（100条，已去重）,100,1.0,1.0,1.0,molecule_ID精确匹配,全量源表未提供可核验SMILES；仅保留Swiss原始SMILES供原始行号审计
228,6594,CN[C@@H](C)[C@H](O)c1ccccc1,STP00227,成功（100条，已去重）,100,4.0,1.0,1.0,molecule_ID精确匹配,全量源表未提供可核验SMILES；仅保留Swiss原始SMILES供原始行号审计
1251,6595,O=C1C[C@H](c2ccccc2)Oc2ccccc21,STP01249,成功（100条，已去重）,100,1.0,1.0,1.0,molecule_ID精确匹配,全量源表未提供可核验SMILES；仅保留Swiss原始SMILES供原始行号审计
1290,6596,CC1(C)C=Cc2c(ccc3c2OC[C@@]2(O)c4ccc(O)cc4O[C@@H]32)O1,STP01288,成功（100条，已去重）,100,1.0,1.0,1.0,molecule_ID精确匹配,全量源表未提供可核验SMILES；仅保留Swiss原始SMILES供原始行号审计
2100,6597,O=C(O)Cc1cc(O)ccc1O,STP02095,成功（100条，已去重）,100,2.0,1.0,1.0,molecule_ID精确匹配,全量源表未提供可核验SMILES；仅保留Swiss原始SMILES供原始行号审计
505,6599,COc1cc(O)c2c(=O)c(O)c(-c3ccc(O)cc3)oc2c1CC=C(C)C,STP00504,成功（100条，已去重）,100,2.0,1.0,1.0,molecule_ID精确匹配,全量源表未提供可核验SMILES；仅保留Swiss原始SMILES供原始行号审计
1416,66,C=C1CC[C@@H]2[C@H]([C@H]3[C@@H](C)CC[C@@H]13)C2(C)C,STP01414,成功（100条，已去重）,100,16.0,1.0,1.0,molecule_ID精确匹配,全量源表未提供可核验SMILES；仅保留Swiss原始SMILES供原始行号审计
638,6600,CC(C)=CCc1c(O)ccc(C(=O)/C=C/c2ccccc2)c1O,STP00637,成功（100条，已去重）,100,1.0,1.0,1.0,molecule_ID精确匹配,全量源表未提供可核验SMILES；仅保留Swiss原始SMILES供原始行号审计
3216,6602,C=C(C)[C@@H](CC=C(C)C)Cc1c(O)cc2c(c1O)C(=O)C[C@@H](c1ccc(O)cc1OC)O2,STP03211,成功（100条，已去重）,100,1.0,1.0,1.0,molecule_ID精确匹配,全量源表未提供可核验SMILES；仅保留Swiss原始SMILES供原始行号审计
759,6603,O=C(/C=C/c1ccc(O)cc1)c1c(O)cccc1O,STP00758,成功（100条，已去重）,100,1.0,1.0,1.0,molecule_ID精确匹配,全量源表未提供可核验SMILES；仅保留Swiss原始SMILES供原始行号审计
2143,6604,COc1cc(O)c(CC=C(C)C)c2c1C(=O)C[C@@H](c1ccc(O)cc1)O2,STP02138,成功（100条，已去重）,100,1.0,1.0,1.0,molecule_ID精确匹配,全量源表未提供可核验SMILES；仅保留Swiss原始SMILES供原始行号审计
3701,6605,CC[C@H](C)[C@H](CC=C(C)C)CCc1c(O)cc(O)c2c1O[C@@H](c1ccc(O)cc1O)CC2=O,STP03695,成功（100条，已去重）,100,1.0,1.0,1.0,molecule_ID精确匹配,全量源表未提供可核验SMILES；仅保留Swiss原始SMILES供原始行号审计
3461,6606,C=C(C)[C@H](CC=C(C)C)CCc1c(O)cc(OCC)c2c1O[C@@H](c1ccccc1O)CC2=O,STP03455,成功（100条，已去重）,100,1.0,1.0,1.0,molecule_ID精确匹配,全量源表未提供可核验SMILES；仅保留Swiss原始SMILES供原始行号审计
3137,6607,C=C(C)[C@@H](CC=C(C)C)Cc1c(O)cc(OC)c2c1O[C@@H](c1ccc(O)cc1O)CC2=O,STP03132,成功（100条，已去重）,100,1.0,1.0,1.0,molecule_ID精确匹配,全量源表未提供可核验SMILES；仅保留Swiss原始SMILES供原始行号审计
3318,6608,C=C(C)[C@H](CC=C(C)C)Cc1c(O)cc(OC)c(C(=O)/C=C/c2ccc(O)cc2O)c1O,STP03312,成功（100条，已去重）,100,1.0,1.0,1.0,molecule_ID精确匹配,全量源表未提供可核验SMILES；仅保留Swiss原始SMILES供原始行号审计
4078,6609,C=C(C)[C@H](CC=C(C)C)CCc1c(O)cc2c(c1O)C(=O)C(O)=C(c1ccc(O)cc1O)[C@@H]2OCC,STP04071,成功（100条，已去重）,100,1.0,1.0,1.0,molecule_ID精确匹配,全量源表未提供可核验SMILES；仅保留Swiss原始SMILES供原始行号审计
3665,6611,C=C(C)[C@H](CCC(C)(C)O)Cc1c(O)cc(OC)c2c1O[C@H](c1ccc(O)cc1O)CC2=O,STP03659,成功（100条，已去重）,100,1.0,1.0,1.0,molecule_ID精确匹配,全量源表未提供可核验SMILES；仅保留Swiss原始SMILES供原始行号审计
3175,6612,C=C(C)[C@H](C=C(C)C)Cc1c(O)cc(OC)c(C(=O)/C=C/c2ccc(O)cc2O)c1O,STP03170,成功（100条，已去重）,100,1.0,1.0,1.0,molecule_ID精确匹配,全量源表未提供可核验SMILES；仅保留Swiss原始SMILES供原始行号审计
2167,6613,COc1cc2c(cc1O)O[C@@H]1c3ccc(O)cc3OC[C@H]21,STP02162,成功（100条，已去重）,100,1.0,1.0,1.0,molecule_ID精确匹配,全量源表未提供可核验SMILES；仅保留Swiss原始SMILES供原始行号审计
2468,6614,C=C(C)[C@H](CC=C(C)C)Cc1c(O)cc(O)c2c1O[C@H](c1ccccc1O)CC2=O,STP02463,成功（100条，已去重）,100,1.0,1.0,1.0,molecule_ID精确匹配,全量源表未提供可核验SMILES；仅保留Swiss原始SMILES供原始行号审计
3157,6616,C=C(C)[C@@H](CC=C(C)C)Cc1c(O)cc(OC)c(C(=O)/C=C/c2ccc(O)cc2OC)c1O,STP03152,成功（100条，已去重）,100,1.0,1.0,1.0,molecule_ID精确匹配,全量源表未提供可核验SMILES；仅保留Swiss原始SMILES供原始行号审计
3420,6617,C=C(C)[C@@H](CC=C(C)C)Cc1c(O)cc2c(c1O)C(=O)C[C@@H](c1ccc(O)cc1O)O2,STP03414,成功（100条，已去重）,100,1.0,1.0,1.0,molecule_ID精确匹配,全量源表未提供可核验SMILES；仅保留Swiss原始SMILES供原始行号审计
2123,6620,COc1ccc([C@H]2Oc3cc(O)ccc3C(=O)[C@@H]2O)cc1,STP02118,成功（100条，已去重）,100,1.0,1.0,1.0,molecule_ID精确匹配,全量源表未提供可核验SMILES；仅保留Swiss原始SMILES供原始行号审计
3254,6621,C=C(C)[C@H](CC=C(C)C)Cc1c(O)cc(OC)c2c1O[C@H](c1ccc(O)cc1O)[C@@H](O)C2=O,STP03248,成功（100条，已去重）,100,1.0,1.0,1.0,molecule_ID精确匹配,全量源表未提供可核验SMILES；仅保留Swiss原始SMILES供原始行号审计
3774,6623,C=C(C)[C@H](CCC(C)(C)O)Cc1c(O)cc(O)c2c1O[C@H](c1ccc(O)cc1O)CC2=O,STP03768,成功（100条，已去重）,100,1.0,1.0,1.0,molecule_ID精确匹配,全量源表未提供可核验SMILES；仅保留Swiss原始SMILES供原始行号审计
2786,6625,C=C(C)[C@H](CC=C(C)C)Cc1c(O)cc(O)c2c1O[C@H](c1ccc(O)cc1OC)CC2=O,STP02781,成功（100条，已去重）,100,2.0,1.0,1.0,molecule_ID精确匹配,全量源表未提供可核验SMILES；仅保留Swiss原始SMILES供原始行号审计
2515,6626,CC(C)=CCc1c(O)cc(O)c2c1O[C@@H](c1ccc(O)cc1O)CC2=O,STP02510,成功（100条，已去重）,100,1.0,1.0,1.0,molecule_ID精确匹配,全量源表未提供可核验SMILES；仅保留Swiss原始SMILES供原始行号审计
2159,6630,O=c1cc(-c2ccc(O)cc2O)oc2cc(O)cc(O)c12,STP02154,成功（100条，已去重）,100,2.0,1.0,1.0,molecule_ID精确匹配,全量源表未提供可核验SMILES；仅保留Swiss原始SMILES供原始行号审计
3083,6631,C=C(C)[C@@H](CC=C(C)C)Cc1c(O)cc(O)c2c1O[C@@H](c1ccc(O)cc1O)CC2=O,STP03078,成功（100条，已去重）,100,1.0,1.0,1.0,molecule_ID精确匹配,全量源表未提供可核验SMILES；仅保留Swiss原始SMILES供原始行号审计
3605,6632,CC(C)=CCC/C(C)=C/Cc1c(O)cc2c(c1O)C(=O)C[C@@H](c1ccc(O)c(O)c1)O2,STP03599,成功（100条，已去重）,100,1.0,1.0,1.0,molecule_ID精确匹配,全量源表未提供可核验SMILES；仅保留Swiss原始SMILES供原始行号审计
240,6637,CN[C@@H](C)[C@@H](O)c1ccccc1,STP00239,成功（100条，已去重）,100,3.0,1.0,1.0,molecule_ID精确匹配,全量源表未提供可核验SMILES；仅保留Swiss原始SMILES供原始行号审计
1622,6638,COc1ccc2c(c1)OC[C@H]1c3cc4c(cc3O[C@@H]21)OCO4,STP01619,成功（100条，已去重）,100,1.0,1.0,1.0,molecule_ID精确匹配,全量源表未提供可核验SMILES；仅保留Swiss原始SMILES供原始行号审计
3406,664,CC(C)=CCc1c(O)c(CC=C(C)C)c2occ(-c3ccc(O)c(O)c3)c(=O)c2c1O,STP03400,成功（100条，已去重）,100,1.0,1.0,1.0,molecule_ID精确匹配,全量源表未提供可核验SMILES；仅保留Swiss原始SMILES供原始行号审计
3008,6640,C=C(C)[C@H](CC=C(C)C)CCc1c(O)ccc2c1O[C@@H](c1ccc(O)cc1OCC)CC2=O,STP03003,成功（100条，已去重）,100,1.0,1.0,1.0,molecule_ID精确匹配,全量源表未提供可核验SMILES；仅保留Swiss原始SMILES供原始行号审计
3555,6641,C=C(C)[C@H](C=C(C)C)Cc1c(O)cc(O)c(C(=O)/C=C/c2ccc(O)cc2O)c1O,STP03549,成功（100条，已去重）,100,1.0,1.0,1.0,molecule_ID精确匹配,全量源表未提供可核验SMILES；仅保留Swiss原始SMILES供原始行号审计
274,6647,CC/C=C(\C)Cc1c(O)ccc([C@H]2COc3cc(O)cc(O)c3C2=O)c1OCC,STP00273,成功（100条，已去重）,100,1.0,1.0,1.0,molecule_ID精确匹配,全量源表未提供可核验SMILES；仅保留Swiss原始SMILES供原始行号审计
842,665,C=CCc1c2c(c(O)c3c(=O)c(-c4ccc(O)c(OC)c4)coc13)C=CC(C)(C)O2,STP00841,成功（100条，已去重）,100,1.0,1.0,1.0,molecule_ID精确匹配,全量源表未提供可核验SMILES；仅保留Swiss原始SMILES供原始行号审计
4057,6651,OC[C@H]1O[C@@H](Oc2ccc3c(c2)OC[C@H]2c4cc5c(cc4O[C@@H]32)OCO5)[C@H](O)[C@@H](O)[C@@H]1O,STP04050,成功（100条，已去重）,100,3.0,1.0,1.0,molecule_ID精确匹配,全量源表未提供可核验SMILES；仅保留Swiss原始SMILES供原始行号审计
1431,6653,CCOc1cc(O)c(CC=C(C)C)c(O)c1C(=O)/C=C/c1ccc(O)cc1,STP01428,成功（100条，已去重）,100,1.0,1.0,1.0,molecule_ID精确匹配,全量源表未提供可核验SMILES；仅保留Swiss原始SMILES供原始行号审计
1510,6655,CNC(=NCc1ccccc1)NC,STP01507,成功（100条，已去重）,100,1.0,1.0,1.0,molecule_ID精确匹配,全量源表未提供可核验SMILES；仅保留Swiss原始SMILES供原始行号审计
1116,6656,N[C@H](Cc1ccc(O)c(O)c1)C(=O)O,STP01115,成功（100条，已去重）,100,1.0,1.0,1.0,molecule_ID精确匹配,全量源表未提供可核验SMILES；仅保留Swiss原始SMILES供原始行号审计
3000,6657,O=C(O)C1=N[C@H](C(=O)O)CC(/C=C/N2c3cc(O)c(O)cc3C[C@@H]2C(=O)O)=C1,STP02995,成功（100条，已去重）,100,1.0,1.0,1.0,molecule_ID精确匹配,全量源表未提供可核验SMILES；仅保留Swiss原始SMILES供原始行号审计
3442,6659,O=C(O)C1=C/C(=C\C=[N+]2\c3cc(O)c(O)cc3C[C@@H]2C(=O)[O-])C[C@H](C(=O)O)N1,STP03436,成功（100条，已去重）,100,1.0,1.0,1.0,molecule_ID精确匹配,全量源表未提供可核验SMILES；仅保留Swiss原始SMILES供原始行号审计
3274,6662,O=C(O)C1=C/C(=C\C=[N+]2/c3cc(O)c(O)cc3C[C@H]2C(=O)[O-])C[C@H](C(=O)O)N1,STP03268,成功（100条，已去重）,100,1.0,1.0,1.0,molecule_ID精确匹配,全量源表未提供可核验SMILES；仅保留Swiss原始SMILES供原始行号审计
3155,6663,O=C(O)C1=C/C(=C/C=N\[C@@H](Cc2c[nH]c3ccccc23)C(=O)O)C[C@@H](C(=O)O)N1,STP03150,成功（100条，已去重）,100,2.0,1.0,1.0,molecule_ID精确匹配,全量源表未提供可核验SMILES；仅保留Swiss原始SMILES供原始行号审计
3976,6669,[H]Oc1c([H])c([H])c(-c2[o+]c3c([H])c(O[C@@]4([H])O[C@]([H])(C([H])([H])O[H])[C@@]([H])(O[H])[C@]([H])(O[H])[C@@]4([H])O[H])c([H])c(O[H])c3c(=O)c2[H])c([H])c1[H],STP03969,成功（100条，已去重）,100,1.0,1.0,1.0,molecule_ID精确匹配,全量源表未提供可核验SMILES；仅保留Swiss原始SMILES供原始行号审计
3890,6670,OCC1=C[C@@H](O)[C@@H]2C=CO[C@@H](O)[C@H]12,STP03884,成功（100条，已去重）,100,6.0,1.0,1.0,molecule_ID精确匹配,全量源表未提供可核验SMILES；仅保留Swiss原始SMILES供原始行号审计
3302,6677,O=C(O[C@@H]1[C@@H]2C=CO[C@@H](O)[C@@H]2[C@@]2(CO)O[C@@H]12)c1ccc(O)cc1,STP03296,成功（100条，已去重）,100,1.0,1.0,1.0,molecule_ID精确匹配,全量源表未提供可核验SMILES；仅保留Swiss原始SMILES供原始行号审计
3767,6682,O=C(/C=C/c1ccc(O)c(O)c1)O[C@H]1[C@H](O)[C@@H](O)[C@H](OCCc2ccc(O)c(O)c2)O[C@@H]1CO,STP03761,成功（100条，已去重）,100,5.0,1.0,1.0,molecule_ID精确匹配,全量源表未提供可核验SMILES；仅保留Swiss原始SMILES供原始行号审计
3104,6698,COc1ccc(/C=C\c2cc(O)cc(O[C@@H]3O[C@@H](CO)[C@@H](O)[C@@H](O)[C@@H]3O)c2)cc1,STP03099,成功（100条，已去重）,100,1.0,1.0,1.0,molecule_ID精确匹配,全量源表未提供可核验SMILES；仅保留Swiss原始SMILES供原始行号审计
1454,6699,COc1ccc(/C=C\c2cc(O)cc(O)c2)cc1,STP01451,成功（100条，已去重）,100,1.0,1.0,1.0,molecule_ID精确匹配,全量源表未提供可核验SMILES；仅保留Swiss原始SMILES供原始行号审计
890,67,CC(C)[C@H](N)C(=O)O,STP00889,成功（100条，已去重）,100,12.0,1.0,1.0,molecule_ID精确匹配,全量源表未提供可核验SMILES；仅保留Swiss原始SMILES供原始行号审计
4058,6703,C=C1C=C(C)CC(C)(C)C1,STP04051,成功（100条，已去重）,100,1.0,1.0,1.0,molecule_ID精确匹配,全量源表未提供可核验SMILES；仅保留Swiss原始SMILES供原始行号审计
2856,6709,COc1cc([C@H]2OC[C@]3(O)[C@@H](c4ccc(O)c(OC)c4)OC[C@H]23)ccc1O,STP02851,成功（100条，已去重）,100,2.0,1.0,1.0,molecule_ID精确匹配,全量源表未提供可核验SMILES；仅保留Swiss原始SMILES供原始行号审计
183,671,CC(C)[C@H]1CC[C@H](C)C[C@@H]1O,STP00182,成功（100条，已去重）,100,16.0,1.0,1.0,molecule_ID精确匹配,全量源表未提供可核验SMILES；仅保留Swiss原始SMILES供原始行号审计
2654,6710,COc1cc2ccc(=O)oc2c(O[C@@H]2O[C@H](CO)[C@@H](O)[C@H](O)[C@H]2O)c1O,STP02649,成功（100条，已去重）,100,2.0,1.0,1.0,molecule_ID精确匹配,全量源表未提供可核验SMILES；仅保留Swiss原始SMILES供原始行号审计
3451,6712,COc1cc(/C=C/C=O)cc(OC)c1O[C@@H]1O[C@H](CO)[C@@H](O)[C@H](O)[C@H]1O,STP03445,成功（100条，已去重）,100,1.0,1.0,1.0,molecule_ID精确匹配,全量源表未提供可核验SMILES；仅保留Swiss原始SMILES供原始行号审计
3139,673,CC1(C)C2=CCCC(C)(C)[C@]23CC[C@H]1C3,STP03134,成功（100条，已去重）,100,7.0,1.0,1.0,molecule_ID精确匹配,全量源表未提供可核验SMILES；仅保留Swiss原始SMILES供原始行号审计
1812,675,CCCCCCCC/C=C\CCCCCCCC(=O)O,STP01807,成功（100条，已去重）,100,117.0,1.0,1.0,molecule_ID精确匹配,全量源表未提供可核验SMILES；仅保留Swiss原始SMILES供原始行号审计
89,676,CCCCOC(=O)c1ccccc1C(=O)OCCCC,STP00088,成功（100条，已去重）,100,71.0,1.0,1.0,molecule_ID精确匹配,全量源表未提供可核验SMILES；仅保留Swiss原始SMILES供原始行号审计
2897,6760,NCCC[C@@H](N)C(=O)O,STP02892,成功（100条，已去重）,100,1.0,1.0,1.0,molecule_ID精确匹配,全量源表未提供可核验SMILES；仅保留Swiss原始SMILES供原始行号审计
1767,6762,NC(CO)(CO)C(=O)O,STP01763,成功（100条，已去重）,100,1.0,1.0,1.0,molecule_ID精确匹配,全量源表未提供可核验SMILES；仅保留Swiss原始SMILES供原始行号审计
429,6765,COc1cc(-c2[o+]c3cc(O)cc(O)c3cc2O)ccc1O,STP00428,成功（100条，已去重）,100,4.0,1.0,1.0,molecule_ID精确匹配,全量源表未提供可核验SMILES；仅保留Swiss原始SMILES供原始行号审计
3221,6767,NC(=O)CC[C@H](N/C=C/C1=CC(C(=O)O)=N[C@H](C(=O)O)C1)C(=O)O,STP03216,成功（100条，已去重）,100,1.0,1.0,1.0,molecule_ID精确匹配,全量源表未提供可核验SMILES；仅保留Swiss原始SMILES供原始行号审计
1480,677,Cc1ccc2c(c1)[C@@H](C(C)C)CC[C@H]2C,STP01477,成功（100条，已去重）,100,11.0,1.0,1.0,molecule_ID精确匹配,全量源表未提供可核验SMILES；仅保留Swiss原始SMILES供原始行号审计
2201,6775,Oc1ccc([C@H]2Oc3cc(O)cc(O)c3C[C@H]2O)cc1,STP02196,成功（100条，已去重）,100,4.0,1.0,1.0,molecule_ID精确匹配,全量源表未提供可核验SMILES；仅保留Swiss原始SMILES供原始行号审计
3403,6776,COc1cc(CCO)cc(OC)c1O[C@@H]1O[C@H](CO)[C@@H](O)[C@H](O)[C@H]1O,STP03397,成功（100条，已去重）,100,1.0,1.0,1.0,molecule_ID精确匹配,全量源表未提供可核验SMILES；仅保留Swiss原始SMILES供原始行号审计
2538,6779,O=C(O)Cc1ccccc1O,STP02533,成功（100条，已去重）,100,1.0,1.0,1.0,molecule_ID精确匹配,全量源表未提供可核验SMILES；仅保留Swiss原始SMILES供原始行号审计
2849,6781,CCOc1cc(C(=O)O)cc(O)c1O,STP02844,成功（100条，已去重）,100,1.0,1.0,1.0,molecule_ID精确匹配,全量源表未提供可核验SMILES；仅保留Swiss原始SMILES供原始行号审计
2152,6791,Oc1cc(O)c2c(c1)O[C@H](c1cc(O)c(O)c(O)c1)[C@H](O)C2,STP02147,成功（100条，已去重）,100,6.0,1.0,1.0,molecule_ID精确匹配,全量源表未提供可核验SMILES；仅保留Swiss原始SMILES供原始行号审计
3479,6792,Cc1cc(O)c(O)c(O)c1C(=O)O[C@@H](CC(=O)O)C(=O)O,STP03473,成功（100条，已去重）,100,1.0,1.0,1.0,molecule_ID精确匹配,全量源表未提供可核验SMILES；仅保留Swiss原始SMILES供原始行号审计
3896,6793,Cc1cc(O)c(O)c(O)c1C(=O)O[C@H]1C(=O)O[C@@H]([C@H](O)C(=O)O)[C@@H]1O,STP03889,成功（100条，已去重）,100,1.0,1.0,1.0,molecule_ID精确匹配,全量源表未提供可核验SMILES；仅保留Swiss原始SMILES供原始行号审计
4053,6795,O=C(O[C@@H]1[C@H]([C@H](O)C(=O)O)OC(=O)[C@@H]1O)c1cc(O)c(O)c(O)c1,STP04046,成功（100条，已去重）,100,1.0,1.0,1.0,molecule_ID精确匹配,全量源表未提供可核验SMILES；仅保留Swiss原始SMILES供原始行号审计
4021,6796,O=C(O[C@H](C(=O)O)[C@@H]1OC(=O)[C@H](O)[C@H]1O)c1cc(O)c(O)c(O)c1,STP04014,成功（100条，已去重）,100,1.0,1.0,1.0,molecule_ID精确匹配,全量源表未提供可核验SMILES；仅保留Swiss原始SMILES供原始行号审计
1561,68,CC[C@H](C)[C@H](N)C(=O)O,STP01558,成功（100条，已去重）,100,14.0,1.0,1.0,molecule_ID精确匹配,全量源表未提供可核验SMILES；仅保留Swiss原始SMILES供原始行号审计
3639,6800,O=C(O)[C@H]1CC[C@H]2[C@@H](C1)O[C@@]1(C[C@H](O)[C@H](CO)CO1)[C@]2(O)CO,STP03633,成功（100条，已去重）,100,1.0,1.0,1.0,molecule_ID精确匹配,全量源表未提供可核验SMILES；仅保留Swiss原始SMILES供原始行号审计
1932,6821,O=C(O[C@@H]1Cc2c(O)cc(O)cc2O[C@@H]1c1cc(O)c(O)c(O)c1)c1cc(O)c(O)c(O)c1,STP01927,成功（100条，已去重）,100,3.0,1.0,1.0,molecule_ID精确匹配,全量源表未提供可核验SMILES；仅保留Swiss原始SMILES供原始行号审计
3879,6826,O=C(O)C[C@H](C(=O)O)[C@H]1c2c(cc(O)c(O)c2O)C(=O)O[C@@H]1C(=O)O,STP03873,成功（100条，已去重）,100,2.0,1.0,1.0,molecule_ID精确匹配,全量源表未提供可核验SMILES；仅保留Swiss原始SMILES供原始行号审计
2348,6833,COC(=O)c1nccc2c1[nH]c1ccccc12,STP02343,成功（100条，已去重）,100,1.0,1.0,1.0,molecule_ID精确匹配,全量源表未提供可核验SMILES；仅保留Swiss原始SMILES供原始行号审计
1753,6837,COc1cc2oc(-c3ccc(O)cc3)cc(=O)c2c(O)c1[C@@H]1O[C@@H](CO)[C@@H](O)[C@H](O)[C@@H]1O,STP01749,成功（100条，已去重）,100,2.0,1.0,1.0,molecule_ID精确匹配,全量源表未提供可核验SMILES；仅保留Swiss原始SMILES供原始行号审计
2564,6838,c1ccc(-c2ccc3ccccc3[o+]2)cc1,STP02559,成功（100条，已去重）,100,3.0,1.0,1.0,molecule_ID精确匹配,全量源表未提供可核验SMILES；仅保留Swiss原始SMILES供原始行号审计
2497,6841,Cc1nccc2c1[nH]c1ccccc12,STP02492,成功（100条，已去重）,100,3.0,1.0,1.0,molecule_ID精确匹配,全量源表未提供可核验SMILES；仅保留Swiss原始SMILES供原始行号审计
2691,6844,c1ccc2c(c1)[nH]c1cnccc12,STP02686,成功（100条，已去重）,100,8.0,1.0,1.0,molecule_ID精确匹配,全量源表未提供可核验SMILES；仅保留Swiss原始SMILES供原始行号审计
885,6866,C/C=C/c1ccc2c(c1)OCO2,STP00884,成功（100条，已去重）,100,3.0,1.0,1.0,molecule_ID精确匹配,全量源表未提供可核验SMILES；仅保留Swiss原始SMILES供原始行号审计
4164,6867,CC1=CC[C@@H](C)C[C@H]1C,STP04157,成功（100条，已去重）,100,1.0,1.0,1.0,molecule_ID精确匹配,全量源表未提供可核验SMILES；仅保留Swiss原始SMILES供原始行号审计
743,6868,C=C(C)[C@H]1CC[C@@](C)(O)CC1,STP00742,成功（100条，已去重）,100,5.0,1.0,1.0,molecule_ID精确匹配,全量源表未提供可核验SMILES；仅保留Swiss原始SMILES供原始行号审计
2764,6869,CC(=O)c1ccc(O)cc1O,STP02759,成功（100条，已去重）,100,4.0,1.0,1.0,molecule_ID精确匹配,全量源表未提供可核验SMILES；仅保留Swiss原始SMILES供原始行号审计
4095,6875,C[C@@]12OC=C3CC[C@H]4[C@@H](CC=C5C[C@@H](O)CC[C@@]54C)C(=O)O[C@@H](CO1)[C@H]32,STP04088,成功（100条，已去重）,100,1.0,1.0,1.0,molecule_ID精确匹配,全量源表未提供可核验SMILES；仅保留Swiss原始SMILES供原始行号审计
1799,6879,Cc1occc1[C@@]1(C)CC[C@H]2[C@H](CC=C3C[C@H](O)[C@H](O)C[C@]32C)C1=O,STP01795,成功（100条，已去重）,100,1.0,1.0,1.0,molecule_ID精确匹配,全量源表未提供可核验SMILES；仅保留Swiss原始SMILES供原始行号审计
3785,6880,Cc1occc1C(=O)CC[C@H]1[C@H](C(=O)O)CC=C2C[C@@H](O)[C@H](O)C[C@@]21C,STP03779,成功（100条，已去重）,100,1.0,1.0,1.0,molecule_ID精确匹配,全量源表未提供可核验SMILES；仅保留Swiss原始SMILES供原始行号审计
353,689,CC(C)=C[C@H]1CC[C@@]2(C)[C@H](O)CC[C@](C)(O)[C@@H]12,STP00352,成功（100条，已去重）,100,1.0,1.0,1.0,molecule_ID精确匹配,全量源表未提供可核验SMILES；仅保留Swiss原始SMILES供原始行号审计
4152,6894,C[C@]12OC=C3CC[C@@H]4[C@H](CC=C5C[C@H](O)[C@@H](O)C[C@]54C)C(=O)O[C@H](CO1)[C@@H]32,STP04145,成功（100条，已去重）,100,1.0,1.0,1.0,molecule_ID精确匹配,全量源表未提供可核验SMILES；仅保留Swiss原始SMILES供原始行号审计
3728,6897,Cc1occc1[C@@H]1CC[C@H]2[C@H](CC=C3C[C@H](O)[C@@H](O)C[C@]32C)C1=O,STP03722,成功（100条，已去重）,100,1.0,1.0,1.0,molecule_ID精确匹配,全量源表未提供可核验SMILES；仅保留Swiss原始SMILES供原始行号审计
1722,69,CCCCCCCCCCCCCCCC(=O)O,STP01718,成功（100条，已去重）,100,239.0,1.0,1.0,molecule_ID精确匹配,全量源表未提供可核验SMILES；仅保留Swiss原始SMILES供原始行号审计
3773,6912,Cc1occc1C(=O)O[C@H]1CC=C2C[C@H](O)[C@@H](O)C[C@@]2(C)[C@@H]1CC(=O)O,STP03767,成功（100条，已去重）,100,1.0,1.0,1.0,molecule_ID精确匹配,全量源表未提供可核验SMILES；仅保留Swiss原始SMILES供原始行号审计
647,6914,CO[C@H]1C[C@@H](O)O[C@@H](C)[C@H]1O,STP00646,成功（100条，已去重）,100,1.0,1.0,1.0,molecule_ID精确匹配,全量源表未提供可核验SMILES；仅保留Swiss原始SMILES供原始行号审计
4145,6919,C[C@]12OC=C3CC[C@H]4[C@@H](CC=C5C[C@@H](O)[C@H](O)C[C@@]54C)C(=O)O[C@H](CO1)[C@@H]32,STP04138,成功（100条，已去重）,100,2.0,1.0,1.0,molecule_ID精确匹配,全量源表未提供可核验SMILES；仅保留Swiss原始SMILES供原始行号审计
1054,6925,CCCCCCCCC[C@@H]1CCCC(=O)O1,STP01053,成功（100条，已去重）,100,1.0,1.0,1.0,molecule_ID精确匹配,全量源表未提供可核验SMILES；仅保留Swiss原始SMILES供原始行号审计
2210,6929,CC(=O)c1c(O)cccc1O,STP02205,成功（100条，已去重）,100,1.0,1.0,1.0,molecule_ID精确匹配,全量源表未提供可核验SMILES；仅保留Swiss原始SMILES供原始行号审计
635,6931,COc1cc([C@H]2c3cc(O)c(OC)cc3C[C@H](CO)[C@H]2CO)ccc1O,STP00634,成功（100条，已去重）,100,2.0,1.0,1.0,molecule_ID精确匹配,全量源表未提供可核验SMILES；仅保留Swiss原始SMILES供原始行号审计
637,6932,CN[C@H](C)[C@H](O)c1ccccc1,STP00636,成功（100条，已去重）,100,1.0,1.0,1.0,molecule_ID精确匹配,全量源表未提供可核验SMILES；仅保留Swiss原始SMILES供原始行号审计
3269,6938,O=c1ccn([C@H]2C[C@H](O)[C@@H](CO)O2)c(=O)[nH]1,STP03263,成功（100条，已去重）,100,2.0,1.0,1.0,molecule_ID精确匹配,全量源表未提供可核验SMILES；仅保留Swiss原始SMILES供原始行号审计
848,6940,CC[C@@H](N)C(=O)O,STP00847,成功（100条，已去重）,100,2.0,1.0,1.0,molecule_ID精确匹配,全量源表未提供可核验SMILES；仅保留Swiss原始SMILES供原始行号审计
1482,695,C[C@H]1CC[C@@]2(O)C(C)(C)[C@@H]3CC[C@@]2(C)[C@H]1C3,STP01479,成功（100条，已去重）,100,15.0,1.0,1.0,molecule_ID精确匹配,全量源表未提供可核验SMILES；仅保留Swiss原始SMILES供原始行号审计
3660,6951,Nc1ncnc2c1ncn2Cc1ccc(O)cn1,STP03654,成功（100条，已去重）,100,1.0,1.0,1.0,molecule_ID精确匹配,全量源表未提供可核验SMILES；仅保留Swiss原始SMILES供原始行号审计
1671,6952,Cc1cncc([C@@H](O)[C@@H](O)C(O)O)n1,STP01667,成功（100条，已去重）,100,1.0,1.0,1.0,molecule_ID精确匹配,全量源表未提供可核验SMILES；仅保留Swiss原始SMILES供原始行号审计
1226,696,C=C(C)[C@H]1CC[C@](C)(O)CC1,STP01224,成功（100条，已去重）,100,15.0,1.0,1.0,molecule_ID精确匹配,全量源表未提供可核验SMILES；仅保留Swiss原始SMILES供原始行号审计
3316,6967,OC[C@H]1O[C@@H](n2cnc3c(O)nc(O)nc32)[C@H](O)[C@@H]1O,STP03310,成功（100条，已去重）,100,1.0,1.0,1.0,molecule_ID精确匹配,全量源表未提供可核验SMILES；仅保留Swiss原始SMILES供原始行号审计
536,6968,C=C[C@@H]1CN2CC[C@H]1C[C@H]2[C@@H](O)c1ccnc2ccc(OC)cc12,STP00535,成功（100条，已去重）,100,1.0,1.0,1.0,molecule_ID精确匹配,全量源表未提供可核验SMILES；仅保留Swiss原始SMILES供原始行号审计
1190,697,OC[C@@H](O)[C@@H](O)CO,STP01188,成功（100条，已去重）,100,4.0,1.0,1.0,molecule_ID精确匹配,全量源表未提供可核验SMILES；仅保留Swiss原始SMILES供原始行号审计
1262,6971,COc1ccc2c(c1OC)C[C@@H]1c3c(cc4c(c3-2)OCO4)CCN1C,STP01260,成功（100条，已去重）,100,1.0,1.0,1.0,molecule_ID精确匹配,全量源表未提供可核验SMILES；仅保留Swiss原始SMILES供原始行号审计
2318,6975,COc1cc2c3c(cc4ccccc4c3c1OC)NC2=O,STP02313,成功（100条，已去重）,100,1.0,1.0,1.0,molecule_ID精确匹配,全量源表未提供可核验SMILES；仅保留Swiss原始SMILES供原始行号审计
3323,6976,O=C1Nc2cc3ccccc3c3c4c(cc1c23)OCO4,STP03317,成功（100条，已去重）,100,2.0,1.0,1.0,molecule_ID精确匹配,全量源表未提供可核验SMILES；仅保留Swiss原始SMILES供原始行号审计
2257,6977,CN1C(=O)C(=O)c2cc3c(c4c2c1cc1ccccc14)OCO3,STP02252,成功（100条，已去重）,100,1.0,1.0,1.0,molecule_ID精确匹配,全量源表未提供可核验SMILES；仅保留Swiss原始SMILES供原始行号审计
2233,6978,COc1cc2c3c(cc4ccccc4c3c1OC)N(C)C(=O)C2=O,STP02228,成功（100条，已去重）,100,1.0,1.0,1.0,molecule_ID精确匹配,全量源表未提供可核验SMILES；仅保留Swiss原始SMILES供原始行号审计
824,6979,CN1CC[C@]23c4c5ccc(O)c4O[C@H]2[C@@H](O)C=C[C@H]3[C@H]1C5,STP00823,成功（100条，已去重）,100,2.0,1.0,1.0,molecule_ID精确匹配,全量源表未提供可核验SMILES；仅保留Swiss原始SMILES供原始行号审计
3705,698,CC1=CC[C@H](C(C)C)C=C1,STP03699,成功（100条，已去重）,100,22.0,1.0,1.0,molecule_ID精确匹配,全量源表未提供可核验SMILES；仅保留Swiss原始SMILES供原始行号审计
2020,6980,COc1ccc(Cc2nccc3cc(OC)c(OC)cc23)cc1OC,STP02015,成功（100条，已去重）,100,3.0,1.0,1.0,molecule_ID精确匹配,全量源表未提供可核验SMILES；仅保留Swiss原始SMILES供原始行号审计
272,6982,COc1ccc2c3c1O[C@H]1[C@@H](O)C=C[C@H]4[C@@H](C2)N(C)CC[C@@]341,STP00271,成功（100条，已去重）,100,2.0,1.0,1.0,molecule_ID精确匹配,全量源表未提供可核验SMILES；仅保留Swiss原始SMILES供原始行号审计
2407,6983,COc1cccc2c1cc1c3c(cc4c(c32)OCO4)CCN1C,STP02402,成功（100条，已去重）,100,1.0,1.0,1.0,molecule_ID精确匹配,全量源表未提供可核验SMILES；仅保留Swiss原始SMILES供原始行号审计
1162,6984,COc1c(O)ccc2c1C[C@H]1c3c(cc4c(c3-2)OCO4)CCN1C,STP01161,成功（100条，已去重）,100,1.0,1.0,1.0,molecule_ID精确匹配,全量源表未提供可核验SMILES；仅保留Swiss原始SMILES供原始行号审计
689,6985,COc1cccc2c1C[C@@H]1c3c(cc4c(c3-2)OCO4)CCN1C,STP00688,成功（100条，已去重）,100,2.0,1.0,1.0,molecule_ID精确匹配,全量源表未提供可核验SMILES；仅保留Swiss原始SMILES供原始行号审计
309,6986,COc1cc2c3c(c1OC)-c1ccccc1C[C@@H]3NCC2,STP00308,成功（100条，已去重）,100,2.0,1.0,1.0,molecule_ID精确匹配,全量源表未提供可核验SMILES；仅保留Swiss原始SMILES供原始行号审计
3023,6991,CC1(C)O[C@@]2(C)CC[C@@H]1C[C@@H]2O,STP03018,成功（100条，已去重）,100,2.0,1.0,1.0,molecule_ID精确匹配,全量源表未提供可核验SMILES；仅保留Swiss原始SMILES供原始行号审计
2189,6992,CO[C@H]1C(=O)c2c(O)cc(O)cc2O[C@@H]1c1ccc(O)c(O)c1,STP02184,成功（100条，已去重）,100,1.0,1.0,1.0,molecule_ID精确匹配,全量源表未提供可核验SMILES；仅保留Swiss原始SMILES供原始行号审计
1890,6997,CC1=CCC[C@@H](C)[C@]12CC[C@@H](C(C)(C)O)C2,STP01885,成功（100条，已去重）,100,3.0,1.0,1.0,molecule_ID精确匹配,全量源表未提供可核验SMILES；仅保留Swiss原始SMILES供原始行号审计
4176,7,O=c1cc(-c2ccc(O)cc2)oc2cc(O[C@@H]3O[C@H](CO)[C@@H](O)[C@H](O)[C@H]3O)cc(O)c12,STP04169,成功（100条，已去重）,100,22.0,1.0,1.0,molecule_ID精确匹配,全量源表未提供可核验SMILES；仅保留Swiss原始SMILES供原始行号审计
838,7001,C/C=C\c1ccc(OC)c(O)c1,STP00837,成功（100条，已去重）,100,1.0,1.0,1.0,molecule_ID精确匹配,全量源表未提供可核验SMILES；仅保留Swiss原始SMILES供原始行号审计
3712,701,C[C@@H]1O[C@@H](Oc2c(-c3ccc(O)c(O)c3)oc3cc(O)cc(O)c3c2=O)[C@H](O)[C@H](O)[C@H]1O,STP03706,成功（100条，已去重）,100,25.0,1.0,1.0,molecule_ID精确匹配,全量源表未提供可核验SMILES；仅保留Swiss原始SMILES供原始行号审计
3738,702,O=c1c(O[C@@H]2OC[C@H](O)[C@H](O)[C@H]2O)c(-c2ccc(O)c(O)c2)oc2cc(O)cc(O)c12,STP03732,成功（100条，已去重）,100,4.0,1.0,1.0,molecule_ID精确匹配,全量源表未提供可核验SMILES；仅保留Swiss原始SMILES供原始行号审计
1015,7027,COCC1=CO[C@]2(O)C[C@H]1C(=O)C=C2C,STP01014,成功（100条，已去重）,100,1.0,1.0,1.0,molecule_ID精确匹配,全量源表未提供可核验SMILES；仅保留Swiss原始SMILES供原始行号审计
3351,7029,CC1=CC(=O)[C@@H]2C[C@@]1(O)OC=C2CO,STP03345,成功（100条，已去重）,100,1.0,1.0,1.0,molecule_ID精确匹配,全量源表未提供可核验SMILES；仅保留Swiss原始SMILES供原始行号审计
4007,7031,C=C1[C@H](OC)O[C@]2(O)C[C@H]1C(=O)C=C2C,STP04000,成功（100条，已去重）,100,1.0,1.0,1.0,molecule_ID精确匹配,全量源表未提供可核验SMILES；仅保留Swiss原始SMILES供原始行号审计
2153,7035,COc1cc(/C=C/C(=O)O)cc(O)c1OC,STP02148,成功（100条，已去重）,100,1.0,1.0,1.0,molecule_ID精确匹配,全量源表未提供可核验SMILES；仅保留Swiss原始SMILES供原始行号审计
444,7036,CC(C)c1cc2ccc3c(c2c(O)c1O)C(=O)CCC3(C)C,STP00443,成功（100条，已去重）,100,1.0,1.0,1.0,molecule_ID精确匹配,全量源表未提供可核验SMILES；仅保留Swiss原始SMILES供原始行号审计
301,7037,CC1=CCCc2c1ccc1c2C(=O)C(=O)c2c(C)coc2-1,STP00300,成功（100条，已去重）,100,1.0,1.0,1.0,molecule_ID精确匹配,全量源表未提供可核验SMILES；仅保留Swiss原始SMILES供原始行号审计
137,7038,CC(C)C1=Cc2ccc3c(c2C(=O)C1=O)C=CCC3(C)C,STP00136,成功（100条，已去重）,100,1.0,1.0,1.0,molecule_ID精确匹配,全量源表未提供可核验SMILES；仅保留Swiss原始SMILES供原始行号审计
30,7040,C[C@@H]1COC2=C1C(=O)c1ccc3c(c1C2=O)C(=O)CCC3(C)C,STP00029,成功（100条，已去重）,100,1.0,1.0,1.0,molecule_ID精确匹配,全量源表未提供可核验SMILES；仅保留Swiss原始SMILES供原始行号审计
173,7041,Cc1cccc2c3c(ccc12)C=C(C(C)C)C(=O)C3=O,STP00172,成功（100条，已去重）,100,1.0,1.0,1.0,molecule_ID精确匹配,全量源表未提供可核验SMILES；仅保留Swiss原始SMILES供原始行号审计
332,7045,Cc1coc2c1C(=O)C(=O)c1c-2ccc2c1[C@H](O)CCC2(C)C,STP00331,成功（100条，已去重）,100,1.0,1.0,1.0,molecule_ID精确匹配,全量源表未提供可核验SMILES；仅保留Swiss原始SMILES供原始行号审计
359,7046,Cc1coc2c1C(=O)C(=O)c1c-2ccc2c1CC[C@H](O)C2(C)C,STP00358,成功（100条，已去重）,100,1.0,1.0,1.0,molecule_ID精确匹配,全量源表未提供可核验SMILES；仅保留Swiss原始SMILES供原始行号审计
2871,7048,O=C(O)/C=C/c1ccc(O)c2oc(-c3ccc(O)c(O)c3)cc12,STP02866,成功（100条，已去重）,100,1.0,1.0,1.0,molecule_ID精确匹配,全量源表未提供可核验SMILES；仅保留Swiss原始SMILES供原始行号审计
107,7049,C=C1CCCc2c1ccc1c2C(=O)C(=O)C(C(C)C)=C1,STP00106,成功（100条，已去重）,100,1.0,1.0,1.0,molecule_ID精确匹配,全量源表未提供可核验SMILES；仅保留Swiss原始SMILES供原始行号审计
1849,7050,COc1cc(-c2oc3c(OC)cc(CCCO)cc3c2C=O)ccc1O,STP01844,成功（100条，已去重）,100,1.0,1.0,1.0,molecule_ID精确匹配,全量源表未提供可核验SMILES；仅保留Swiss原始SMILES供原始行号审计
1625,7053,CC(C)C1=C(O)C(=O)C2=C(C(=O)C[C@H]3C(C)(C)CCC[C@]23C)C1=O,STP01622,成功（100条，已去重）,100,1.0,1.0,1.0,molecule_ID精确匹配,全量源表未提供可核验SMILES；仅保留Swiss原始SMILES供原始行号审计
1608,7054,CC(C)C1=CC2=C(C(=O)C1=O)[C@@]1(C)CCCC(C)(C)[C@@H]1C[C@@H]2O,STP01605,成功（100条，已去重）,100,1.0,1.0,1.0,molecule_ID精确匹配,全量源表未提供可核验SMILES；仅保留Swiss原始SMILES供原始行号审计
2793,7058,Cc1coc2c1C(=O)C(=O)c1c-2ccc2c(C=O)cccc12,STP02788,成功（100条，已去重）,100,1.0,1.0,1.0,molecule_ID精确匹配,全量源表未提供可核验SMILES；仅保留Swiss原始SMILES供原始行号审计
364,7059,C=C1c2ccc3c(c2CC[C@@H]1O)C(=O)C(=O)c1c(C)coc1-3,STP00363,成功（100条，已去重）,100,3.0,1.0,1.0,molecule_ID精确匹配,全量源表未提供可核验SMILES；仅保留Swiss原始SMILES供原始行号审计
91,7061,C=C1CCCc2c1ccc1c2C(=O)C(=O)c2c(C)coc2-1,STP00090,成功（100条，已去重）,100,1.0,1.0,1.0,molecule_ID精确匹配,全量源表未提供可核验SMILES；仅保留Swiss原始SMILES供原始行号审计
3659,7064,CC(C)C1=C[C@]23CC[C@H]4C(=CCCC4(C)C)[C@H]2OC(=O)[C@]3(O)C1=O,STP03653,成功（100条，已去重）,100,1.0,1.0,1.0,molecule_ID精确匹配,全量源表未提供可核验SMILES；仅保留Swiss原始SMILES供原始行号审计
68,7065,CO[C@@H]1C[C@@H]2C(=CCCC2(C)C)Cc2c1cc(C(C)C)c(O)c2O,STP00067,成功（100条，已去重）,100,1.0,1.0,1.0,molecule_ID精确匹配,全量源表未提供可核验SMILES；仅保留Swiss原始SMILES供原始行号审计
249,7066,CC(C)c1cc2c(c(O)c1O)C=C1C=CCC(C)(C)[C@H]1CC2,STP00248,成功（100条，已去重）,100,1.0,1.0,1.0,molecule_ID精确匹配,全量源表未提供可核验SMILES；仅保留Swiss原始SMILES供原始行号审计
357,7067,CC1(C)CCCc2c1ccc1c2C(=O)C(=O)c2c(CO)coc2-1,STP00356,成功（100条，已去重）,100,1.0,1.0,1.0,molecule_ID精确匹配,全量源表未提供可核验SMILES；仅保留Swiss原始SMILES供原始行号审计
2734,7068,Cc1cccc2c3c(ccc12)-c1occ(CO)c1C(=O)C3=O,STP02729,成功（100条，已去重）,100,1.0,1.0,1.0,molecule_ID精确匹配,全量源表未提供可核验SMILES；仅保留Swiss原始SMILES供原始行号审计
96,7069,Cc1coc2c1C(=O)C(=O)c1c-2ccc2c1CCC[C@@]2(C)O,STP00095,成功（100条，已去重）,100,1.0,1.0,1.0,molecule_ID精确匹配,全量源表未提供可核验SMILES；仅保留Swiss原始SMILES供原始行号审计
1718,7070,Cc1coc2c1C(=O)C(=O)c1c-2ccc2c1CC[C@@H](O)[C@@]2(C)O,STP01714,成功（100条，已去重）,100,1.0,1.0,1.0,molecule_ID精确匹配,全量源表未提供可核验SMILES；仅保留Swiss原始SMILES供原始行号审计
3122,7071,Cc1coc2c1C(=O)C(=O)c1c-2ccc2c1CC[C@@H](O)[C@H]2CO,STP03117,成功（100条，已去重）,100,1.0,1.0,1.0,molecule_ID精确匹配,全量源表未提供可核验SMILES；仅保留Swiss原始SMILES供原始行号审计
1124,7072,O=C(O)[C@@H](O)Cc1ccc(O)c(O)c1,STP01123,成功（100条，已去重）,100,1.0,1.0,1.0,molecule_ID精确匹配,全量源表未提供可核验SMILES；仅保留Swiss原始SMILES供原始行号审计
3571,7073,Cc1ccc2c3c4c(ccc13)C(C)(C)CO[C@@H]4[C@@H](C(C)C)C2=O,STP03565,成功（100条，已去重）,100,1.0,1.0,1.0,molecule_ID精确匹配,全量源表未提供可核验SMILES；仅保留Swiss原始SMILES供原始行号审计
4076,7077,C=C[C@](C)(O)CC[C@H]1[C@@]2(C)CCCC(C)(C)[C@@H]2CC[C@@]1(C)O,STP04069,成功（100条，已去重）,100,1.0,1.0,1.0,molecule_ID精确匹配,全量源表未提供可核验SMILES；仅保留Swiss原始SMILES供原始行号审计
373,7079,Cc1coc2c1C(=O)C(=O)c1c-2ccc2c1CCC[C@]2(C)C=O,STP00372,成功（100条，已去重）,100,1.0,1.0,1.0,molecule_ID精确匹配,全量源表未提供可核验SMILES；仅保留Swiss原始SMILES供原始行号审计
2592,7080,Cc1coc2c1C(=O)C(=O)c1c-2ccc2c(CO)cccc12,STP02587,成功（100条，已去重）,100,1.0,1.0,1.0,molecule_ID精确匹配,全量源表未提供可核验SMILES；仅保留Swiss原始SMILES供原始行号审计
2796,7081,CC(=O)C[C@@]1(O)C(=O)C2=C(OC[C@@H]2C)c2ccc3c(c21)CCCC3(C)C,STP02791,成功（100条，已去重）,100,1.0,1.0,1.0,molecule_ID精确匹配,全量源表未提供可核验SMILES；仅保留Swiss原始SMILES供原始行号审计
2125,7082,CC(=O)C[C@@]1(O)C(=O)C2=C(OC[C@@H]2C)c2ccc3c(C)cccc3c21,STP02120,成功（100条，已去重）,100,1.0,1.0,1.0,molecule_ID精确匹配,全量源表未提供可核验SMILES；仅保留Swiss原始SMILES供原始行号审计
2783,7085,Cc1ccc2c3c4c(ccc13)C(C)(C)OC4=C(C(C)C)C2=O,STP02778,成功（100条，已去重）,100,1.0,1.0,1.0,molecule_ID精确匹配,全量源表未提供可核验SMILES；仅保留Swiss原始SMILES供原始行号审计
1535,7087,CC(C)c1cc2c(c(O)c1O)[C@@]13CCCC(C)(C)[C@H]1C[C@@H]2OC3=O,STP01532,成功（100条，已去重）,100,1.0,1.0,1.0,molecule_ID精确匹配,全量源表未提供可核验SMILES；仅保留Swiss原始SMILES供原始行号审计
32,7088,C[C@H]1COC2=C1C(=O)C(=O)c1c2ccc2c1CCCC2(C)C,STP00031,成功（100条，已去重）,100,2.0,1.0,1.0,molecule_ID精确匹配,全量源表未提供可核验SMILES；仅保留Swiss原始SMILES供原始行号审计
374,7090,Cc1cccc2c3c(ccc12)C(=O)C([C@H](C)CO)=C(O)C3=O,STP00373,成功（100条，已去重）,100,1.0,1.0,1.0,molecule_ID精确匹配,全量源表未提供可核验SMILES；仅保留Swiss原始SMILES供原始行号审计
6,7091,Cc1cccc2c3c(ccc12)C(=O)C(C(C)C)=C(O)C3=O,STP00005,成功（100条，已去重）,100,1.0,1.0,1.0,molecule_ID精确匹配,全量源表未提供可核验SMILES；仅保留Swiss原始SMILES供原始行号审计
155,7093,Cc1cccc2c3c(ccc12)C(=O)C1=C(OC[C@H](C)[C@@]1(C)CO)C3=O,STP00154,成功（100条，已去重）,100,1.0,1.0,1.0,molecule_ID精确匹配,全量源表未提供可核验SMILES；仅保留Swiss原始SMILES供原始行号审计
47,7094,Cc1cccc2c3c(ccc12)[C@@]1(C[C@@H](C)CO1)OCC3=O,STP00046,成功（100条，已去重）,100,1.0,1.0,1.0,molecule_ID精确匹配,全量源表未提供可核验SMILES；仅保留Swiss原始SMILES供原始行号审计
226,7095,C[C@@H]1CO[C@@]2(C1)OC(=O)c1c2ccc2c1CCCC2(C)C,STP00225,成功（100条，已去重）,100,1.0,1.0,1.0,molecule_ID精确匹配,全量源表未提供可核验SMILES；仅保留Swiss原始SMILES供原始行号审计
45,7098,CC(C)C1=C(O)C(=O)c2c(ccc3c2CCCC3(C)C)C1=O,STP00044,成功（100条，已去重）,100,1.0,1.0,1.0,molecule_ID精确匹配,全量源表未提供可核验SMILES；仅保留Swiss原始SMILES供原始行号审计
5,7099,Cc1cccc2c3c(ccc12)C(=O)C1=C(OC[C@H]1C)C3=O,STP00004,成功（100条，已去重）,100,1.0,1.0,1.0,molecule_ID精确匹配,全量源表未提供可核验SMILES；仅保留Swiss原始SMILES供原始行号审计
3725,71,N[C@@H](Cc1c[nH]cn1)C(=O)O,STP03719,成功（100条，已去重）,100,11.0,1.0,1.0,molecule_ID精确匹配,全量源表未提供可核验SMILES；仅保留Swiss原始SMILES供原始行号审计
76,7100,Cc1cccc2c1ccc1c3c(oc(=O)c12)[C@@H](C)CO3,STP00075,成功（100条，已去重）,100,1.0,1.0,1.0,molecule_ID精确匹配,全量源表未提供可核验SMILES；仅保留Swiss原始SMILES供原始行号审计
1155,7101,Cc1cccc2c3c(ccc12)C1=C(C(=O)C3=O)[C@H](C)CO1,STP01154,成功（100条，已去重）,100,1.0,1.0,1.0,molecule_ID精确匹配,全量源表未提供可核验SMILES；仅保留Swiss原始SMILES供原始行号审计
1246,7102,C=C[C@]1(C)CCCCC1(C(=C)C)C(=C)C,STP01244,成功（100条，已去重）,100,1.0,1.0,1.0,molecule_ID精确匹配,全量源表未提供可核验SMILES；仅保留Swiss原始SMILES供原始行号审计
205,7105,Cc1cccc2c1C=C[C@@H]1[C@@H]2C(=O)CO[C@]12C[C@@H](C)CO2,STP00204,成功（100条，已去重）,100,1.0,1.0,1.0,molecule_ID精确匹配,全量源表未提供可核验SMILES；仅保留Swiss原始SMILES供原始行号审计
3863,7106,CCOC(=O)[C@@H]1c2c(/C=C/C(=O)O[C@H](Cc3ccccc3)C(=O)O)cccc2O[C@@H]1c1ccc(O)cc1,STP03857,成功（100条，已去重）,100,1.0,1.0,1.0,molecule_ID精确匹配,全量源表未提供可核验SMILES；仅保留Swiss原始SMILES供原始行号审计
381,7107,CC(C)c1cc2c(cc1O)[C@@]1(C)CCCC(C)(C)[C@@H]1CC2,STP00380,成功（100条，已去重）,100,2.0,1.0,1.0,molecule_ID精确匹配,全量源表未提供可核验SMILES；仅保留Swiss原始SMILES供原始行号审计
22,7108,C[C@@H]1COC2=C1C(=O)c1ccc3c(c1C2=O)CCCC3(C)C,STP00021,成功（100条，已去重）,100,1.0,1.0,1.0,molecule_ID精确匹配,全量源表未提供可核验SMILES；仅保留Swiss原始SMILES供原始行号审计
95,7110,Cc1coc2c1C(=O)c1ccc3c(c1C2=O)CCC[C@]3(C)CO,STP00094,成功（100条，已去重）,100,1.0,1.0,1.0,molecule_ID精确匹配,全量源表未提供可核验SMILES；仅保留Swiss原始SMILES供原始行号审计
16,7111,Cc1coc2c1C(=O)c1ccc3c(c1C2=O)CCCC3(C)C,STP00015,成功（100条，已去重）,100,1.0,1.0,1.0,molecule_ID精确匹配,全量源表未提供可核验SMILES；仅保留Swiss原始SMILES供原始行号审计
306,7112,Cc1coc2c1C(=O)c1ccc3c(C)cccc3c1C2=O,STP00305,成功（100条，已去重）,100,1.0,1.0,1.0,molecule_ID精确匹配,全量源表未提供可核验SMILES；仅保留Swiss原始SMILES供原始行号审计
1631,7116,COC(=O)[C@@H](Cc1ccc(O)c(O)c1)OC(=O)/C=C\c1ccc(O)c(O)c1,STP01628,成功（100条，已去重）,100,2.0,1.0,1.0,molecule_ID精确匹配,全量源表未提供可核验SMILES；仅保留Swiss原始SMILES供原始行号审计
1644,7117,COC(=O)[C@@]1(C)CCCc2c1ccc1c2C(=O)C(=O)c2c(C)coc2-1,STP01640,成功（100条，已去重）,100,1.0,1.0,1.0,molecule_ID精确匹配,全量源表未提供可核验SMILES；仅保留Swiss原始SMILES供原始行号审计
43,7119,CC(C)C1=C(O)C(=O)c2c(ccc3c2C(=O)CCC3(C)C)C1=O,STP00042,成功（100条，已去重）,100,1.0,1.0,1.0,molecule_ID精确匹配,全量源表未提供可核验SMILES；仅保留Swiss原始SMILES供原始行号审计
1264,7120,C[C@H]1COC2=C1C(=O)C(O)=C1C2=CC(=O)C2=C1CCCC2(C)C,STP01262,成功（100条，已去重）,100,1.0,1.0,1.0,molecule_ID精确匹配,全量源表未提供可核验SMILES；仅保留Swiss原始SMILES供原始行号审计
3608,7121,Cc1cc2c(cc(=O)c1O)[C@@]13CCCC(C)(C)[C@@H]1C[C@@H]2OC3,STP03602,成功（100条，已去重）,100,1.0,1.0,1.0,molecule_ID精确匹配,全量源表未提供可核验SMILES；仅保留Swiss原始SMILES供原始行号审计
144,7122,CC(C)C1=Cc2ccc3c(c2C(=O)C1=O)CCCC3(C)C,STP00143,成功（100条，已去重）,100,1.0,1.0,1.0,molecule_ID精确匹配,全量源表未提供可核验SMILES；仅保留Swiss原始SMILES供原始行号审计
44,7124,CC1=C(O)C(=O)c2c(ccc3c2CCCC3(C)C)C1=O,STP00043,成功（100条，已去重）,100,1.0,1.0,1.0,molecule_ID精确匹配,全量源表未提供可核验SMILES；仅保留Swiss原始SMILES供原始行号审计
825,7125,C[C@H](CO)C1=C(O)c2ccc3c(c2C(=O)C1=O)CCCC3(C)C,STP00824,成功（100条，已去重）,100,1.0,1.0,1.0,molecule_ID精确匹配,全量源表未提供可核验SMILES；仅保留Swiss原始SMILES供原始行号审计
227,7126,Cc1cc2c(cc1O)[C@@]13CCCC(C)(C)[C@@H]1C[C@@H]2OC3,STP00226,成功（100条，已去重）,100,1.0,1.0,1.0,molecule_ID精确匹配,全量源表未提供可核验SMILES；仅保留Swiss原始SMILES供原始行号审计
913,7127,Cc1coc2c1C(=O)C(=O)c1c-2ccc2c1CCCC2=O,STP00912,成功（100条，已去重）,100,1.0,1.0,1.0,molecule_ID精确匹配,全量源表未提供可核验SMILES；仅保留Swiss原始SMILES供原始行号审计
3537,7129,O=C(O)Cc1c(/C=C\C(=O)O[C@H](Cc2ccc(O)c(O)c2)C(=O)O)ccc(O)c1O,STP03531,成功（100条，已去重）,100,1.0,1.0,1.0,molecule_ID精确匹配,全量源表未提供可核验SMILES；仅保留Swiss原始SMILES供原始行号审计
2059,7130,O=C(O)/C=C/c1ccc(O)c2c1C[C@@H](c1ccc(O)c(O)c1)O2,STP02054,成功（100条，已去重）,100,1.0,1.0,1.0,molecule_ID精确匹配,全量源表未提供可核验SMILES；仅保留Swiss原始SMILES供原始行号审计
2446,7131,O=C(O)/C=C/c1ccc(O)c2c1[C@H](C(=O)O)[C@@H](c1ccc(O)c(O)c1)O2,STP02441,成功（100条，已去重）,100,1.0,1.0,1.0,molecule_ID精确匹配,全量源表未提供可核验SMILES；仅保留Swiss原始SMILES供原始行号审计
3107,7132,O=C(/C=C\c1ccc(O)c(O)c1)O[C@H](Cc1ccc(O)c(O)c1)C(=O)O,STP03102,成功（100条，已去重）,100,2.0,1.0,1.0,molecule_ID精确匹配,全量源表未提供可核验SMILES；仅保留Swiss原始SMILES供原始行号审计
3782,7133,C[C@]12C[C@H](c3ccoc3)OC(=O)C1=CC[C@@]13COC(=O)[C@@H]1C=CC[C@@]32O,STP03776,成功（100条，已去重）,100,1.0,1.0,1.0,molecule_ID精确匹配,全量源表未提供可核验SMILES；仅保留Swiss原始SMILES供原始行号审计
1142,7134,O=C(O)[C@H](O)Cc1ccc(O)c(O)c1,STP01141,成功（100条，已去重）,100,3.0,1.0,1.0,molecule_ID精确匹配,全量源表未提供可核验SMILES；仅保留Swiss原始SMILES供原始行号审计
3498,7135,O=C(O[C@H](Cc1ccc(O)c(O)c1)C(=O)O)[C@H](O)Cc1ccc(O)c(O)c1,STP03492,成功（100条，已去重）,100,1.0,1.0,1.0,molecule_ID精确匹配,全量源表未提供可核验SMILES；仅保留Swiss原始SMILES供原始行号审计
3722,7138,O=C(O)Cc1c(/C=C/C(=O)O[C@H](Cc2ccc(O)c(O)c2)C(=O)O)ccc(O)c1O,STP03716,成功（100条，已去重）,100,1.0,1.0,1.0,molecule_ID精确匹配,全量源表未提供可核验SMILES；仅保留Swiss原始SMILES供原始行号审计
3432,7141,O=C(O)[C@@H]1Cc2ccc(O)c3c2C(=Cc2ccc(O)c(O)c2O3)C1=O,STP03426,成功（100条，已去重）,100,1.0,1.0,1.0,molecule_ID精确匹配,全量源表未提供可核验SMILES；仅保留Swiss原始SMILES供原始行号审计
1205,7143,CC(=O)C1=C[C@@H]2C=CC3=C(CCCC3(C)C)[C@H]2C=C1O,STP01203,成功（100条，已去重）,100,1.0,1.0,1.0,molecule_ID精确匹配,全量源表未提供可核验SMILES；仅保留Swiss原始SMILES供原始行号审计
9,7145,Cc1cc2ccc3c(c2cc(O)c1=O)CCCC3(C)C,STP00008,成功（100条，已去重）,100,1.0,1.0,1.0,molecule_ID精确匹配,全量源表未提供可核验SMILES；仅保留Swiss原始SMILES供原始行号审计
3116,7148,COC(=O)C1=CO[C@@H](O)[C@H]2[C@@H]1[C@H](O)C[C@]2(C)O,STP03111,成功（100条，已去重）,100,2.0,1.0,1.0,molecule_ID精确匹配,全量源表未提供可核验SMILES；仅保留Swiss原始SMILES供原始行号审计
159,715,CC(C)[C@@H]1CC[C@@H](C)CC1=O,STP00158,成功（100条，已去重）,100,20.0,1.0,1.0,molecule_ID精确匹配,全量源表未提供可核验SMILES；仅保留Swiss原始SMILES供原始行号审计
1755,7150,Cc1coc2c1C(=O)C(=O)c1c-2ccc2c1CCC[C@@]2(O)CO,STP01751,成功（100条，已去重）,100,1.0,1.0,1.0,molecule_ID精确匹配,全量源表未提供可核验SMILES；仅保留Swiss原始SMILES供原始行号审计
1752,7151,Cc1coc2c1C(=O)C(=O)c1c-2ccc2c1CC[C@H](O)[C@]2(C)O,STP01748,成功（100条，已去重）,100,1.0,1.0,1.0,molecule_ID精确匹配,全量源表未提供可核验SMILES；仅保留Swiss原始SMILES供原始行号审计
1754,7152,Cc1coc2c1C(=O)C(=O)c1c-2ccc2c1CC[C@@H](O)[C@]2(C)O,STP01750,成功（100条，已去重）,100,1.0,1.0,1.0,molecule_ID精确匹配,全量源表未提供可核验SMILES；仅保留Swiss原始SMILES供原始行号审计
2916,7153,Cc1cccc2c1ccc1c3occ(C)c3oc(=O)c21,STP02911,成功（100条，已去重）,100,1.0,1.0,1.0,molecule_ID精确匹配,全量源表未提供可核验SMILES；仅保留Swiss原始SMILES供原始行号审计
18,7154,Cc1coc2c1C(=O)C(=O)c1c-2ccc2c1CCCC2(C)C,STP00017,成功（100条，已去重）,100,2.0,1.0,1.0,molecule_ID精确匹配,全量源表未提供可核验SMILES；仅保留Swiss原始SMILES供原始行号审计
362,7155,Cc1coc2c1C(=O)C(=O)c1c-2ccc2c1CCC[C@]2(C)CO,STP00361,成功（100条，已去重）,100,1.0,1.0,1.0,molecule_ID精确匹配,全量源表未提供可核验SMILES；仅保留Swiss原始SMILES供原始行号审计
1943,7156,Cc1cccc2c3c(ccc12)C(O)=C([C@H](C)CO)C(=O)C3=O,STP01938,成功（100条，已去重）,100,1.0,1.0,1.0,molecule_ID精确匹配,全量源表未提供可核验SMILES；仅保留Swiss原始SMILES供原始行号审计
2581,7157,Cc1coc2c1C(=O)C(=O)c1c-2ccc2c(C)cccc12,STP02576,成功（100条，已去重）,100,2.0,1.0,1.0,molecule_ID精确匹配,全量源表未提供可核验SMILES；仅保留Swiss原始SMILES供原始行号审计
285,7160,C=C1CC[C@H]2[C@@H](C1)[C@@H](C(C)C)CC[C@]2(C)O,STP00284,成功（100条，已去重）,100,1.0,1.0,1.0,molecule_ID精确匹配,全量源表未提供可核验SMILES；仅保留Swiss原始SMILES供原始行号审计
2957,7168,O=C(O)c1cnccc1O,STP02952,成功（100条，已去重）,100,1.0,1.0,1.0,molecule_ID精确匹配,全量源表未提供可核验SMILES；仅保留Swiss原始SMILES供原始行号审计
2461,7169,COc1cc(O)ccc1C(=O)O,STP02456,成功（100条，已去重）,100,1.0,1.0,1.0,molecule_ID精确匹配,全量源表未提供可核验SMILES；仅保留Swiss原始SMILES供原始行号审计
1396,717,CC(C)[C@H]1CC[C@@H](C)CC1=O,STP01394,成功（100条，已去重）,100,6.0,1.0,1.0,molecule_ID精确匹配,全量源表未提供可核验SMILES；仅保留Swiss原始SMILES供原始行号审计
891,7173,O[C@H]1[C@H](O)[C@H](O)OC[C@H]1O,STP00890,成功（100条，已去重）,100,2.0,1.0,1.0,molecule_ID精确匹配,全量源表未提供可核验SMILES；仅保留Swiss原始SMILES供原始行号审计
1675,7176,O[C@@H]1[C@@H](O)[C@@H](O)CO[C@H]1O,STP01671,成功（100条，已去重）,100,1.0,1.0,1.0,molecule_ID精确匹配,全量源表未提供可核验SMILES；仅保留Swiss原始SMILES供原始行号审计
3736,7179,CC/C=C\C/C=C\C/C=C\CCCCCCCC(=O)OCC,STP03730,成功（100条，已去重）,100,6.0,1.0,1.0,molecule_ID精确匹配,全量源表未提供可核验SMILES；仅保留Swiss原始SMILES供原始行号审计
3248,7181,CCCC/C=C\C=C\C=C/CCCCCCCC(=O)O,STP03242,成功（100条，已去重）,100,1.0,1.0,1.0,molecule_ID精确匹配,全量源表未提供可核验SMILES；仅保留Swiss原始SMILES供原始行号审计
3115,7184,OC[C@@H]1CC[C@H](CO)O1,STP03110,成功（100条，已去重）,100,1.0,1.0,1.0,molecule_ID精确匹配,全量源表未提供可核验SMILES；仅保留Swiss原始SMILES供原始行号审计
4081,7189,C/C(=C\C(=O)O)C(=O)O,STP04074,成功（100条，已去重）,100,1.0,1.0,1.0,molecule_ID精确匹配,全量源表未提供可核验SMILES；仅保留Swiss原始SMILES供原始行号审计
2753,719,COC(=O)c1ccccc1O,STP02748,成功（100条，已去重）,100,16.0,1.0,1.0,molecule_ID精确匹配,全量源表未提供可核验SMILES；仅保留Swiss原始SMILES供原始行号审计
4046,7190,C=C[C@](C)(O)CCC[C@H](C)CCC[C@H](C)CCCC(C)C,STP04039,成功（100条，已去重）,100,5.0,1.0,1.0,molecule_ID精确匹配,全量源表未提供可核验SMILES；仅保留Swiss原始SMILES供原始行号审计
694,7195,O=C1C(O)=C(c2ccc(O)cc2)[O+]=C2[CH]C(O)=CC(O)=C12,STP00693,成功（100条，已去重）,100,1.0,1.0,1.0,molecule_ID精确匹配,全量源表未提供可核验SMILES；仅保留Swiss原始SMILES供原始行号审计
1784,7197,c1ccc(Nc2ccccc2)cc1,STP01780,成功（100条，已去重）,100,6.0,1.0,1.0,molecule_ID精确匹配,全量源表未提供可核验SMILES；仅保留Swiss原始SMILES供原始行号审计
1638,72,C=C1CCC[C@]2(C)C[C@]3(OCC)OC(=O)C(C)=C3C[C@@H]12,STP01635,成功（100条，已去重）,100,1.0,1.0,1.0,molecule_ID精确匹配,全量源表未提供可核验SMILES；仅保留Swiss原始SMILES供原始行号审计
254,720,CC1=C(C=O)C(C)(C)CC=C1,STP00253,成功（100条，已去重）,100,15.0,1.0,1.0,molecule_ID精确匹配,全量源表未提供可核验SMILES；仅保留Swiss原始SMILES供原始行号审计
397,7206,COc1cc2c(cc1OC)[C@@H](Cc1ccc(O)cc1)N(C)CC2,STP00396,成功（100条，已去重）,100,2.0,1.0,1.0,molecule_ID精确匹配,全量源表未提供可核验SMILES；仅保留Swiss原始SMILES供原始行号审计
1120,7207,COc1cc2c(cc1O)[C@@H](Cc1ccc(O)cc1)NCC2,STP01119,成功（100条，已去重）,100,2.0,1.0,1.0,molecule_ID精确匹配,全量源表未提供可核验SMILES；仅保留Swiss原始SMILES供原始行号审计
313,7210,COc1c(O)cc2c3c1-c1ccccc1C[C@H]3N(C)CC2,STP00312,成功（100条，已去重）,100,1.0,1.0,1.0,molecule_ID精确匹配,全量源表未提供可核验SMILES；仅保留Swiss原始SMILES供原始行号审计
3111,7212,c1ccc2c(c1)cc1c3c(cc4c(c32)OCO4)CCN1,STP03106,成功（100条，已去重）,100,1.0,1.0,1.0,molecule_ID精确匹配,全量源表未提供可核验SMILES；仅保留Swiss原始SMILES供原始行号审计
316,7213,COc1cc2c3c(c1OC)-c1ccccc1C[C@H]3N(C)CC2,STP00315,成功（100条，已去重）,100,3.0,1.0,1.0,molecule_ID精确匹配,全量源表未提供可核验SMILES；仅保留Swiss原始SMILES供原始行号审计
2366,7214,Oc1cc(O)c2c(c1)O[C@H](c1ccc(O)c(O)c1)[C@@H](O)[C@@H]2O,STP02361,成功（100条，已去重）,100,2.0,1.0,1.0,molecule_ID精确匹配,全量源表未提供可核验SMILES；仅保留Swiss原始SMILES供原始行号审计
331,7216,COc1cc2c3c(c1OC)-c1ccccc1C[C@H]3NCC2,STP00330,成功（100条，已去重）,100,1.0,1.0,1.0,molecule_ID精确匹配,全量源表未提供可核验SMILES；仅保留Swiss原始SMILES供原始行号审计
2574,7217,Oc1cc(O)c2c(c1)O[C@@H](c1cc(O)c(O)c(O)c1)[C@@H](O)[C@@H]2O,STP02569,成功（100条，已去重）,100,1.0,1.0,1.0,molecule_ID精确匹配,全量源表未提供可核验SMILES；仅保留Swiss原始SMILES供原始行号审计
336,7218,CN1CCc2cc3c(c4c2[C@H]1Cc1ccccc1-4)OCO3,STP00335,成功（100条，已去重）,100,1.0,1.0,1.0,molecule_ID精确匹配,全量源表未提供可核验SMILES；仅保留Swiss原始SMILES供原始行号审计
1335,7225,O=C1C(O)=C(c2cc(O)c(O)c(O)c2)[O+]=C2[CH]C(O)=CC(O)=C12,STP01333,成功（100条，已去重）,100,1.0,1.0,1.0,molecule_ID精确匹配,全量源表未提供可核验SMILES；仅保留Swiss原始SMILES供原始行号审计
2633,7226,COc1cc2c3c(cc4ccccc4c3c1OC)N(C)CC2,STP02628,成功（100条，已去重）,100,1.0,1.0,1.0,molecule_ID精确匹配,全量源表未提供可核验SMILES；仅保留Swiss原始SMILES供原始行号审计
547,7245,COc1c(-c2ccc(O)cc2)oc2cc(O)cc(O)c2c1=O,STP00546,成功（100条，已去重）,100,3.0,1.0,1.0,molecule_ID精确匹配,全量源表未提供可核验SMILES；仅保留Swiss原始SMILES供原始行号审计
264,7255,CC1=CC[C@H]2C(C)(C)CCC[C@]2(C)[C@H]1CO,STP00263,成功（100条，已去重）,100,2.0,1.0,1.0,molecule_ID精确匹配,全量源表未提供可核验SMILES；仅保留Swiss原始SMILES供原始行号审计
3294,7261,COC(=O)/C=C/c1cc(OC)c2oc(-c3ccc(O)c(OC)c3)c(CO)c2c1,STP03288,成功（100条，已去重）,100,1.0,1.0,1.0,molecule_ID精确匹配,全量源表未提供可核验SMILES；仅保留Swiss原始SMILES供原始行号审计
292,7262,COC(=O)Cc1ccccc1,STP00291,成功（100条，已去重）,100,5.0,1.0,1.0,molecule_ID精确匹配,全量源表未提供可核验SMILES；仅保留Swiss原始SMILES供原始行号审计
3300,7266,C/C=C1\C[C@@H](C)[C@@](C)(O)C(=O)OCC2=CCN3CC[C@@H](OC1=O)[C@@H]23,STP03294,成功（100条，已去重）,100,1.0,1.0,1.0,molecule_ID精确匹配,全量源表未提供可核验SMILES；仅保留Swiss原始SMILES供原始行号审计
3510,7267,COC(=O)c1cc(O)c(O)c(OC(=O)c2cc(O)c(O)c(O)c2)c1,STP03504,成功（100条，已去重）,100,1.0,1.0,1.0,molecule_ID精确匹配,全量源表未提供可核验SMILES；仅保留Swiss原始SMILES供原始行号审计
1287,7268,COc1cc(C(=O)O)cc(CC=C(C)C)c1O,STP01285,成功（100条，已去重）,100,1.0,1.0,1.0,molecule_ID精确匹配,全量源表未提供可核验SMILES；仅保留Swiss原始SMILES供原始行号审计
2360,7271,COC(=O)c1ccc(OC)c(OC)c1,STP02355,成功（100条，已去重）,100,1.0,1.0,1.0,molecule_ID精确匹配,全量源表未提供可核验SMILES；仅保留Swiss原始SMILES供原始行号审计
1400,7272,COc1cc(CCO)ccc1O,STP01398,成功（100条，已去重）,100,2.0,1.0,1.0,molecule_ID精确匹配,全量源表未提供可核验SMILES；仅保留Swiss原始SMILES供原始行号审计
1530,7273,COc1cc(C(=O)O)cc2c1OC(C)(C)CC2,STP01527,成功（100条，已去重）,100,1.0,1.0,1.0,molecule_ID精确匹配,全量源表未提供可核验SMILES；仅保留Swiss原始SMILES供原始行号审计
2237,7274,COc1cc2oc(-c3ccc(O)cc3)cc(=O)c2c(O)c1OC,STP02232,成功（100条，已去重）,100,5.0,1.0,1.0,molecule_ID精确匹配,全量源表未提供可核验SMILES；仅保留Swiss原始SMILES供原始行号审计
2816,7275,OC[C@@]1(O)OC[C@@H](O)[C@@H](O)[C@@H]1O,STP02811,成功（100条，已去重）,100,2.0,1.0,1.0,molecule_ID精确匹配,全量源表未提供可核验SMILES；仅保留Swiss原始SMILES供原始行号审计
2821,7276,COc1ccc(C(=O)O)cc1OC,STP02816,成功（100条，已去重）,100,2.0,1.0,1.0,molecule_ID精确匹配,全量源表未提供可核验SMILES；仅保留Swiss原始SMILES供原始行号审计
3704,7277,O/N=C/c1ccccc1O,STP03698,成功（100条，已去重）,100,1.0,1.0,1.0,molecule_ID精确匹配,全量源表未提供可核验SMILES；仅保留Swiss原始SMILES供原始行号审计
837,728,COc1cc(O)cc(-c2cc3ccc(O)cc3o2)c1C/C=C(\C)CCC=C(C)C,STP00836,成功（100条，已去重）,100,3.0,1.0,1.0,molecule_ID精确匹配,全量源表未提供可核验SMILES；仅保留Swiss原始SMILES供原始行号审计
2086,7280,[H]Oc1c([H])c([H])c(-c2[o+]c3c([H])c(O[H])c([H])c(O[H])c3c(=O)c2OC([H])([H])[H])c([H])c1O[H],STP02081,成功（100条，已去重）,100,1.0,1.0,1.0,molecule_ID精确匹配,全量源表未提供可核验SMILES；仅保留Swiss原始SMILES供原始行号审计
3108,7282,COc1cc(O)cc(OC)c1O[C@@H]1[C@@H](OC)OC[C@H](O)[C@H]1O,STP03103,成功（100条，已去重）,100,1.0,1.0,1.0,molecule_ID精确匹配,全量源表未提供可核验SMILES；仅保留Swiss原始SMILES供原始行号审计
4209,7283,Oc1cc(O)c2c(c1)O[C@H](c1ccc(O)c(O)c1)[C@H](O)[C@H]2c1c(O)cc(O)c2c1O[C@H](c1ccc(O)c(O)c1)[C@H](O)C2,STP04202,成功（100条，已去重）,100,3.0,1.0,1.0,molecule_ID精确匹配,全量源表未提供可核验SMILES；仅保留Swiss原始SMILES供原始行号审计
2521,729,Cn1c(=O)c2c3c(ccc2c2ccc4cc5c(cc4c21)OCO5)OCO3,STP02516,成功（100条，已去重）,100,4.0,1.0,1.0,molecule_ID精确匹配,全量源表未提供可核验SMILES；仅保留Swiss原始SMILES供原始行号审计
2452,7290,COc1c(-c2ccc(O)c(O)c2)oc2c(O)c(O)cc(O)c2c1=O,STP02447,成功（100条，已去重）,100,1.0,1.0,1.0,molecule_ID精确匹配,全量源表未提供可核验SMILES；仅保留Swiss原始SMILES供原始行号审计
2145,7293,[H]Oc1c([H])c([H])c(-c2[o+]c3c([H])c(O[H])c([H])c(OC([H])([H])[H])c3c(=O)c2OC([H])([H])[H])c([H])c1O[H],STP02140,成功（100条，已去重）,100,1.0,1.0,1.0,molecule_ID精确匹配,全量源表未提供可核验SMILES；仅保留Swiss原始SMILES供原始行号审计
2287,73,Oc1cc(O)c2c(c1)O[C@@H](c1ccc(O)c(O)c1)[C@@H](O)C2,STP02282,成功（100条，已去重）,100,27.0,1.0,1.0,molecule_ID精确匹配,全量源表未提供可核验SMILES；仅保留Swiss原始SMILES供原始行号审计
1960,730,O=C1c2c(O)cc(O)cc2O[C@@H](c2ccc(O)cc2)[C@H]1O,STP01955,成功（100条，已去重）,100,5.0,1.0,1.0,molecule_ID精确匹配,全量源表未提供可核验SMILES；仅保留Swiss原始SMILES供原始行号审计
2044,7301,[H]Oc1c([H])c([H])c2c(c1[H])C([H])([H])Oc1c-2[o+]c2c([H])c(OC([H])([H])[H])c([H])c(O[H])c2c1=O,STP02039,成功（100条，已去重）,100,1.0,1.0,1.0,molecule_ID精确匹配,全量源表未提供可核验SMILES；仅保留Swiss原始SMILES供原始行号审计
3979,7307,[H]Oc1c([H])c([H])c(C([H])=C([H])C(=O)Oc2c(-c3c([H])c([H])c(O[H])c(O[H])c3[H])[o+]c3c([H])c(O[H])c([H])c(O[H])c3c2=O)c([H])c1O[H],STP03972,成功（100条，已去重）,100,1.0,1.0,1.0,molecule_ID精确匹配,全量源表未提供可核验SMILES；仅保留Swiss原始SMILES供原始行号审计
1682,7308,[H]Oc1c([H])c([H])c(C([H])=C([H])C(=O)Oc2c(-c3c([H])c([H])c(O[H])c([H])c3[H])[o+]c3c([H])c(O[H])c([H])c(O[H])c3c2=O)c([H])c1[H],STP01678,成功（100条，已去重）,100,1.0,1.0,1.0,molecule_ID精确匹配,全量源表未提供可核验SMILES；仅保留Swiss原始SMILES供原始行号审计
1573,731,O[C@@H]1[C@@H](O)[C@@H](O)OC[C@H]1O,STP01570,成功（100条，已去重）,100,6.0,1.0,1.0,molecule_ID精确匹配,全量源表未提供可核验SMILES；仅保留Swiss原始SMILES供原始行号审计
1310,7313,O=C(O)C1c2ccccc2Oc2ccccc21,STP01308,成功（100条，已去重）,100,1.0,1.0,1.0,molecule_ID精确匹配,全量源表未提供可核验SMILES；仅保留Swiss原始SMILES供原始行号审计
3847,7320,C=C[C@H](O)C#CC#C[C@H](/C=C\CCCCC)OC(C)=O,STP03841,成功（100条，已去重）,100,1.0,1.0,1.0,molecule_ID精确匹配,全量源表未提供可核验SMILES；仅保留Swiss原始SMILES供原始行号审计
2696,7327,C=C(CC)C(=O)c1ccc(OCC(=O)O)c(Cl)c1Cl,STP02691,成功（100条，已去重）,100,1.0,1.0,1.0,molecule_ID精确匹配,全量源表未提供可核验SMILES；仅保留Swiss原始SMILES供原始行号审计
182,7330,CC(C)[C@@H]1CC[C@@H](C)C[C@H]1O,STP00181,成功（100条，已去重）,100,16.0,1.0,1.0,molecule_ID精确匹配,全量源表未提供可核验SMILES；仅保留Swiss原始SMILES供原始行号审计
811,7331,COc1ccc(O)c(C(C)(C)C)c1,STP00810,成功（100条，已去重）,100,7.0,1.0,1.0,molecule_ID精确匹配,全量源表未提供可核验SMILES；仅保留Swiss原始SMILES供原始行号审计
2072,7336,Cc1c(O)cc(O)c2c(=O)cc(-c3ccc(O)cc3)oc12,STP02067,成功（100条，已去重）,100,2.0,1.0,1.0,molecule_ID精确匹配,全量源表未提供可核验SMILES；仅保留Swiss原始SMILES供原始行号审计
1284,7338,CC(=O)Oc1cc(C)ccc1C(C)C,STP01282,成功（100条，已去重）,100,5.0,1.0,1.0,molecule_ID精确匹配,全量源表未提供可核验SMILES；仅保留Swiss原始SMILES供原始行号审计
1383,7340,COc1cc(C(C)C)ccc1C,STP01381,成功（100条，已去重）,100,3.0,1.0,1.0,molecule_ID精确匹配,全量源表未提供可核验SMILES；仅保留Swiss原始SMILES供原始行号审计
2922,7345,CC(C)(C)OC(=O)N[C@H](Cc1c[nH]c2ccccc12)C(=O)O,STP02917,成功（100条，已去重）,100,1.0,1.0,1.0,molecule_ID精确匹配,全量源表未提供可核验SMILES；仅保留Swiss原始SMILES供原始行号审计
3424,7347,CC(C)(C)OC(=O)N[C@H](Cc1ccc(O)cc1)C(=O)O,STP03418,成功（100条，已去重）,100,2.0,1.0,1.0,molecule_ID精确匹配,全量源表未提供可核验SMILES；仅保留Swiss原始SMILES供原始行号审计
4136,7348,CC1=C(C/C=C(\C)CCC[C@H](C)CCC[C@H](C)CCCC(C)C)C(=O)c2ccccc2C1=O,STP04129,成功（100条，已去重）,100,1.0,1.0,1.0,molecule_ID精确匹配,全量源表未提供可核验SMILES；仅保留Swiss原始SMILES供原始行号审计
2701,735,CC(C)=CCc1c(O)cc(O)c2c(=O)c3c(oc12)-c1ccc(O)cc1O[C@H]3C=C(C)C,STP02696,成功（100条，已去重）,100,3.0,1.0,1.0,molecule_ID精确匹配,全量源表未提供可核验SMILES；仅保留Swiss原始SMILES供原始行号审计
2655,7358,COC(=O)C1=CO[C@@H](O)[C@H]2[C@@H]1[C@H](O)C[C@]2(C)OC(C)=O,STP02650,成功（100条，已去重）,100,2.0,1.0,1.0,molecule_ID精确匹配,全量源表未提供可核验SMILES；仅保留Swiss原始SMILES供原始行号审计
4107,7359,Cc1cc2c(c(C)c1CCO[C@@H]1O[C@H](CO)[C@@H](O)[C@H](O)[C@H]1O)C(=O)[C@H](C)C2,STP04100,成功（100条，已去重）,100,1.0,1.0,1.0,molecule_ID精确匹配,全量源表未提供可核验SMILES；仅保留Swiss原始SMILES供原始行号审计
2758,7367,COc1ccc(C(C)=O)c(O[C@@H]2O[C@H](CO)[C@H](O)[C@H](O)[C@H]2O)c1,STP02753,成功（100条，已去重）,100,1.0,1.0,1.0,molecule_ID精确匹配,全量源表未提供可核验SMILES；仅保留Swiss原始SMILES供原始行号审计
2130,737,O=c1c(O)c(-c2ccc(O)cc2O)oc2cc(O)cc(O)c12,STP02125,成功（100条，已去重）,100,4.0,1.0,1.0,molecule_ID精确匹配,全量源表未提供可核验SMILES；仅保留Swiss原始SMILES供原始行号审计
1714,7372,COc1ccc(C(C)=O)cc1O,STP01710,成功（100条，已去重）,100,1.0,1.0,1.0,molecule_ID精确匹配,全量源表未提供可核验SMILES；仅保留Swiss原始SMILES供原始行号审计
3813,7374,COc1ccc(-c2ccc(C=C3C(=O)NC(=O)NC3=O)o2)cc1,STP03807,成功（100条，已去重）,100,1.0,1.0,1.0,molecule_ID精确匹配,全量源表未提供可核验SMILES；仅保留Swiss原始SMILES供原始行号审计
3307,7377,CC(=O)c1cc(C(=O)OC[C@H]2O[C@H](O)[C@H](O)[C@@H](O)[C@@H]2O)ccc1O,STP03301,成功（100条，已去重）,100,1.0,1.0,1.0,molecule_ID精确匹配,全量源表未提供可核验SMILES；仅保留Swiss原始SMILES供原始行号审计
2832,7378,CC(=O)c1cc(C(=O)O)ccc1O,STP02827,成功（100条，已去重）,100,1.0,1.0,1.0,molecule_ID精确匹配,全量源表未提供可核验SMILES；仅保留Swiss原始SMILES供原始行号审计
1550,738,CC(C)=CCc1c(-c2ccc(O)cc2O)oc2c(CC=C(C)C)c(O)cc(O)c2c1=O,STP01547,成功（100条，已去重）,100,5.0,1.0,1.0,molecule_ID精确匹配,全量源表未提供可核验SMILES；仅保留Swiss原始SMILES供原始行号审计
4108,7390,C=C1CC[C@@H]2[C@H]3[C@@H]1OC(=O)C(=C)[C@@H]3CC[C@H]2C,STP04101,成功（100条，已去重）,100,1.0,1.0,1.0,molecule_ID精确匹配,全量源表未提供可核验SMILES；仅保留Swiss原始SMILES供原始行号审计
976,7391,CC1=C[C@@]23OC(=O)[C@H](C)[C@@H]2CC[C@@H](C)[C@@H]3CC1,STP00975,成功（100条，已去重）,100,1.0,1.0,1.0,molecule_ID精确匹配,全量源表未提供可核验SMILES；仅保留Swiss原始SMILES供原始行号审计
1013,7392,C=C1C(=O)O[C@]23C=C(C)CC[C@H]2[C@H](C)CC[C@@H]13,STP01012,成功（100条，已去重）,100,1.0,1.0,1.0,molecule_ID精确匹配,全量源表未提供可核验SMILES；仅保留Swiss原始SMILES供原始行号审计
2561,7395,[H]Oc1c([H])c([H])c(-c2[o+]c3c([H])c(OC([H])([H])[H])c(OC([H])([H])[H])c(O[H])c3c(=O)c2OC([H])([H])[H])c([H])c1O[H],STP02556,成功（100条，已去重）,100,1.0,1.0,1.0,molecule_ID精确匹配,全量源表未提供可核验SMILES；仅保留Swiss原始SMILES供原始行号审计
1842,74,O=C(/C=C/C=C/c1ccc(O)cc1)CCc1ccc(O)cc1,STP01837,成功（100条，已去重）,100,1.0,1.0,1.0,molecule_ID精确匹配,全量源表未提供可核验SMILES；仅保留Swiss原始SMILES供原始行号审计
2748,740,COc1cc([C@H]2c3cc(O)c(OC)cc3C[C@@](O)(CO)[C@@H]2CO)ccc1O,STP02743,成功（100条，已去重）,100,5.0,1.0,1.0,molecule_ID精确匹配,全量源表未提供可核验SMILES；仅保留Swiss原始SMILES供原始行号审计
2543,7401,COc1cc2oc(-c3ccc(O)c(O)c3)cc(=O)c2c(O)c1OC,STP02538,成功（100条，已去重）,100,1.0,1.0,1.0,molecule_ID精确匹配,全量源表未提供可核验SMILES；仅保留Swiss原始SMILES供原始行号审计
3313,7402,C=C[C@H]1O[C@H]1/C=C\C#CC#CC#CC,STP03307,成功（100条，已去重）,100,1.0,1.0,1.0,molecule_ID精确匹配,全量源表未提供可核验SMILES；仅保留Swiss原始SMILES供原始行号审计
754,7404,O=C1C=C(c2ccc(O)cc2)[O+]=C2C=C(O)[CH]C(O)=C12,STP00753,成功（100条，已去重）,100,1.0,1.0,1.0,molecule_ID精确匹配,全量源表未提供可核验SMILES；仅保留Swiss原始SMILES供原始行号审计
446,7405,COc1cc(-c2cc(=O)c3c(O)c(OC)c(OC)cc3o2)ccc1O,STP00445,成功（100条，已去重）,100,2.0,1.0,1.0,molecule_ID精确匹配,全量源表未提供可核验SMILES；仅保留Swiss原始SMILES供原始行号审计
2336,7407,COc1ccc(-c2oc3c(O)c(O)cc(O)c3c(=O)c2OC)cc1O,STP02331,成功（100条，已去重）,100,1.0,1.0,1.0,molecule_ID精确匹配,全量源表未提供可核验SMILES；仅保留Swiss原始SMILES供原始行号审计
2379,7408,COc1ccc(-c2oc3cc(OC)c(OC)c(O)c3c(=O)c2OC)cc1,STP02374,成功（100条，已去重）,100,1.0,1.0,1.0,molecule_ID精确匹配,全量源表未提供可核验SMILES；仅保留Swiss原始SMILES供原始行号审计
2119,741,O=C1c2c(O)cc(O)cc2O[C@@H](c2ccc(O)cc2)[C@@H]1O,STP02114,成功（100条，已去重）,100,8.0,1.0,1.0,molecule_ID精确匹配,全量源表未提供可核验SMILES；仅保留Swiss原始SMILES供原始行号审计
1695,7411,C=CC(C)(C)C(=O)CC(=C)C,STP01691,成功（100条，已去重）,100,1.0,1.0,1.0,molecule_ID精确匹配,全量源表未提供可核验SMILES；仅保留Swiss原始SMILES供原始行号审计
2449,7412,COc1c(O)cc2oc(-c3ccc(O)c(O)c3)c(OC)c(=O)c2c1O,STP02444,成功（100条，已去重）,100,1.0,1.0,1.0,molecule_ID精确匹配,全量源表未提供可核验SMILES；仅保留Swiss原始SMILES供原始行号审计
2190,7416,COc1cc2oc(-c3ccc(O)cc3)c(OC)c(=O)c2c(O)c1OC,STP02185,成功（100条，已去重）,100,2.0,1.0,1.0,molecule_ID精确匹配,全量源表未提供可核验SMILES；仅保留Swiss原始SMILES供原始行号审计
641,7417,COc1ccc(-c2oc3cc(OC)c(OC)c(O)c3c(=O)c2O)cc1OC,STP00640,成功（100条，已去重）,100,1.0,1.0,1.0,molecule_ID精确匹配,全量源表未提供可核验SMILES；仅保留Swiss原始SMILES供原始行号审计
209,742,CN1CCc2ccc(O)c3c2[C@@H]1Cc1cc2c(cc1O3)OCO2,STP00208,成功（100条，已去重）,100,1.0,1.0,1.0,molecule_ID精确匹配,全量源表未提供可核验SMILES；仅保留Swiss原始SMILES供原始行号审计
1442,7420,CC(C)=C1CCC(C)(O)CC1,STP01439,成功（100条，已去重）,100,4.0,1.0,1.0,molecule_ID精确匹配,全量源表未提供可核验SMILES；仅保留Swiss原始SMILES供原始行号审计
2511,7421,COc1ccc(-c2oc3cc(O)c(O)c(O)c3c(=O)c2OC)cc1O,STP02506,成功（100条，已去重）,100,1.0,1.0,1.0,molecule_ID精确匹配,全量源表未提供可核验SMILES；仅保留Swiss原始SMILES供原始行号审计
753,7423,O=C1C=C(c2ccc(O)cc2)[O+]=C2[CH]C(O)=CC(O)=C12,STP00752,成功（100条，已去重）,100,1.0,1.0,1.0,molecule_ID精确匹配,全量源表未提供可核验SMILES；仅保留Swiss原始SMILES供原始行号审计
4169,7428,C=C(C(=O)O)[C@@H]1CC[C@@H](C)[C@@H]2CCC(C)=C[C@@H]21,STP04162,成功（100条，已去重）,100,1.0,1.0,1.0,molecule_ID精确匹配,全量源表未提供可核验SMILES；仅保留Swiss原始SMILES供原始行号审计
3238,743,CC(C)=C[C@H]1Oc2cc(O)ccc2-c2oc3cc4c(c(O)c3c(=O)c21)C=CC(C)(C)O4,STP03232,成功（100条，已去重）,100,1.0,1.0,1.0,molecule_ID精确匹配,全量源表未提供可核验SMILES；仅保留Swiss原始SMILES供原始行号审计
369,7431,CC1=CC[C@@H]2[C@H]3[C@@H](CC[C@H]2C)C(=O)O[C@@H]13,STP00368,成功（100条，已去重）,100,1.0,1.0,1.0,molecule_ID精确匹配,全量源表未提供可核验SMILES；仅保留Swiss原始SMILES供原始行号审计
1029,7433,C=C1C(=O)O[C@@]23C=C(C)CC[C@H]2[C@H](C)CC[C@@H]13,STP01028,成功（100条，已去重）,100,1.0,1.0,1.0,molecule_ID精确匹配,全量源表未提供可核验SMILES；仅保留Swiss原始SMILES供原始行号审计
927,744,C[C@@H]1COC(=O)[C@@H]2[C@H]1CC[C@@H]2C,STP00926,成功（100条，已去重）,100,1.0,1.0,1.0,molecule_ID精确匹配,全量源表未提供可核验SMILES；仅保留Swiss原始SMILES供原始行号审计
1735,7440,C=C1CC[C@@H](C(=O)O[C@@H]2C[C@H]3CC[C@]2(C)C3(C)C)C1,STP01731,成功（100条，已去重）,100,1.0,1.0,1.0,molecule_ID精确匹配,全量源表未提供可核验SMILES；仅保留Swiss原始SMILES供原始行号审计
1676,7442,C[C@@H]1CC[C@@H]2[C@H]1[C@H]1[C@@H](C[C@@H]3O[C@@]32C)C1(C)C,STP01672,成功（100条，已去重）,100,1.0,1.0,1.0,molecule_ID精确匹配,全量源表未提供可核验SMILES；仅保留Swiss原始SMILES供原始行号审计
450,7444,COc1cc(C2=C(O)C(=O)C3=C(O)C=C(O)[CH]C3=[O+]2)ccc1O,STP00449,成功（100条，已去重）,100,1.0,1.0,1.0,molecule_ID精确匹配,全量源表未提供可核验SMILES；仅保留Swiss原始SMILES供原始行号审计
609,7447,COc1c(O)cc(-c2oc3cc(O)cc(O)c3c(=O)c2O)cc1O,STP00608,成功（100条，已去重）,100,1.0,1.0,1.0,molecule_ID精确匹配,全量源表未提供可核验SMILES；仅保留Swiss原始SMILES供原始行号审计
81,7448,C=C1[C@H](OC(C)=O)C[C@H]2C[C@@H]1C2(C)C,STP00080,成功（100条，已去重）,100,1.0,1.0,1.0,molecule_ID精确匹配,全量源表未提供可核验SMILES；仅保留Swiss原始SMILES供原始行号审计
3662,7450,COc1cc([C@H]2Oc3cc([C@H]4Oc5cc(O)cc(O)c5C(=O)[C@@H]4O)ccc3O[C@@H]2CO)ccc1O,STP03656,成功（100条，已去重）,100,1.0,1.0,1.0,molecule_ID精确匹配,全量源表未提供可核验SMILES；仅保留Swiss原始SMILES供原始行号审计
2617,7453,O=C1CC=[O+]c2cc(O)cc(O)c21,STP02612,成功（100条，已去重）,100,1.0,1.0,1.0,molecule_ID精确匹配,全量源表未提供可核验SMILES；仅保留Swiss原始SMILES供原始行号审计
1791,7455,COc1cc([C@H]2Oc3ccc([C@@H]4CC(=O)c5c(O)cc(O)cc5O4)cc3O[C@H]2CO)ccc1O,STP01787,成功（100条，已去重）,100,1.0,1.0,1.0,molecule_ID精确匹配,全量源表未提供可核验SMILES；仅保留Swiss原始SMILES供原始行号审计
1378,7458,CC[C@H](N)C(=O)O,STP01376,成功（100条，已去重）,100,1.0,1.0,1.0,molecule_ID精确匹配,全量源表未提供可核验SMILES；仅保留Swiss原始SMILES供原始行号审计
1381,7461,Cc1ccc(C)c2c1C=CC[C@H]2C,STP01379,成功（100条，已去重）,100,4.0,1.0,1.0,molecule_ID精确匹配,全量源表未提供可核验SMILES；仅保留Swiss原始SMILES供原始行号审计
746,7462,Cc1ccc2c(c1)[C@@H](C)CC[C@H]2C,STP00745,成功（100条，已去重）,100,1.0,1.0,1.0,molecule_ID精确匹配,全量源表未提供可核验SMILES；仅保留Swiss原始SMILES供原始行号审计
3757,7464,C=C(C)[C@@H]1CCC=C(C)C1,STP03751,成功（100条，已去重）,100,3.0,1.0,1.0,molecule_ID精确匹配,全量源表未提供可核验SMILES；仅保留Swiss原始SMILES供原始行号审计
2905,7467,C[C@@H]1CCC[C@H](C)[C@H]1O,STP02900,成功（100条，已去重）,100,1.0,1.0,1.0,molecule_ID精确匹配,全量源表未提供可核验SMILES；仅保留Swiss原始SMILES供原始行号审计
3910,747,O=C(O)CCC(=O)CO,STP03903,成功（100条，已去重）,100,1.0,1.0,1.0,molecule_ID精确匹配,全量源表未提供可核验SMILES；仅保留Swiss原始SMILES供原始行号审计
3925,7472,CCCCC/C=C/C/C=C\CCCCCCCC(=O)OC,STP03918,成功（100条，已去重）,100,1.0,1.0,1.0,molecule_ID精确匹配,全量源表未提供可核验SMILES；仅保留Swiss原始SMILES供原始行号审计
54,748,O=Cc1ccc(CO)o1,STP00053,成功（100条，已去重）,100,40.0,1.0,1.0,molecule_ID精确匹配,全量源表未提供可核验SMILES；仅保留Swiss原始SMILES供原始行号审计
973,749,CCCCC/C=C/C/C=C/CCCCCCCC(=O)O,STP00972,成功（100条，已去重）,100,22.0,1.0,1.0,molecule_ID精确匹配,全量源表未提供可核验SMILES；仅保留Swiss原始SMILES供原始行号审计
3532,7498,CCCCC/C=C\C/C=C\CCCCCCCCC(=O)O,STP03526,成功（100条，已去重）,100,1.0,1.0,1.0,molecule_ID精确匹配,全量源表未提供可核验SMILES；仅保留Swiss原始SMILES供原始行号审计
852,7510,CC1=CC[C@H]2C[C@H](C(C)C)CC[C@@]2(C)C1,STP00851,成功（100条，已去重）,100,1.0,1.0,1.0,molecule_ID精确匹配,全量源表未提供可核验SMILES；仅保留Swiss原始SMILES供原始行号审计
3807,7512,CC(C)=C1[C@H]2CCC[C@@]12C,STP03801,成功（100条，已去重）,100,1.0,1.0,1.0,molecule_ID精确匹配,全量源表未提供可核验SMILES；仅保留Swiss原始SMILES供原始行号审计
780,7516,C[C@H](O)[C@H](C)O,STP00779,成功（100条，已去重）,100,1.0,1.0,1.0,molecule_ID精确匹配,全量源表未提供可核验SMILES；仅保留Swiss原始SMILES供原始行号审计
3363,7520,C=C1[C@@H]2CC[C@@H](C2)[C@@]1(C)CC/C=C(\C)CO,STP03357,成功（100条，已去重）,100,1.0,1.0,1.0,molecule_ID精确匹配,全量源表未提供可核验SMILES；仅保留Swiss原始SMILES供原始行号审计
3471,7521,C=C[C@@H]1C(=C)CCCC1(C)C,STP03465,成功（100条，已去重）,100,2.0,1.0,1.0,molecule_ID精确匹配,全量源表未提供可核验SMILES；仅保留Swiss原始SMILES供原始行号审计
3218,7522,C=C[C@H](C)CO,STP03213,成功（100条，已去重）,100,1.0,1.0,1.0,molecule_ID精确匹配,全量源表未提供可核验SMILES；仅保留Swiss原始SMILES供原始行号审计
86,7528,CC1=C[C@@H]2[C@@H](C(C)C)CC[C@H](C)[C@@]2(O)CC1,STP00085,成功（100条，已去重）,100,1.0,1.0,1.0,molecule_ID精确匹配,全量源表未提供可核验SMILES；仅保留Swiss原始SMILES供原始行号审计
455,7532,C[C@H](O)C(=O)O,STP00454,成功（100条，已去重）,100,1.0,1.0,1.0,molecule_ID精确匹配,全量源表未提供可核验SMILES；仅保留Swiss原始SMILES供原始行号审计
1070,7534,CC(C)=CCC[C@]1(C)C[C@]2(C)CC[C@H]1OC2,STP01069,成功（100条，已去重）,100,1.0,1.0,1.0,molecule_ID精确匹配,全量源表未提供可核验SMILES；仅保留Swiss原始SMILES供原始行号审计
1891,7538,CC1=CCC[C@@H](C)[C@@]12CC[C@H](C(C)(C)O)C2,STP01886,成功（100条，已去重）,100,1.0,1.0,1.0,molecule_ID精确匹配,全量源表未提供可核验SMILES；仅保留Swiss原始SMILES供原始行号审计
1291,7541,CC(C)[C@]12C=C[C@](C)(CC1)OO2,STP01289,成功（100条，已去重）,100,2.0,1.0,1.0,molecule_ID精确匹配,全量源表未提供可核验SMILES；仅保留Swiss原始SMILES供原始行号审计
3628,7544,C=C1CC[C@H]2[C@H]([C@@H]3[C@@H]1CC[C@@]3(C)O)C2(C)C,STP03622,成功（100条，已去重）,100,1.0,1.0,1.0,molecule_ID精确匹配,全量源表未提供可核验SMILES；仅保留Swiss原始SMILES供原始行号审计
2129,7545,C=C(CC/C=C(\C)CO)[C@@H]1CC=C(C)CC1,STP02124,成功（100条，已去重）,100,3.0,1.0,1.0,molecule_ID精确匹配,全量源表未提供可核验SMILES；仅保留Swiss原始SMILES供原始行号审计
1822,7548,CC(C)C1=C[C@H]2[C@@](C)(CCC[C@]2(C)O)CC1,STP01817,成功（100条，已去重）,100,2.0,1.0,1.0,molecule_ID精确匹配,全量源表未提供可核验SMILES；仅保留Swiss原始SMILES供原始行号审计
3029,7549,Cc1cn([C@@H]2C[C@H](O)[C@@H](CO)O2)c(=O)[nH]c1=O,STP03024,成功（100条，已去重）,100,3.0,1.0,1.0,molecule_ID精确匹配,全量源表未提供可核验SMILES；仅保留Swiss原始SMILES供原始行号审计
1027,7550,C=C(C)[C@@H]1CC[C@]2(C)O[C@H]2C1,STP01026,成功（100条，已去重）,100,1.0,1.0,1.0,molecule_ID精确匹配,全量源表未提供可核验SMILES；仅保留Swiss原始SMILES供原始行号审计
1930,7551,CC(C)=CCC[C@@]1(C)[C@H]2C[C@@H]3[C@H](C2)[C@@]31C,STP01925,成功（100条，已去重）,100,5.0,1.0,1.0,molecule_ID精确匹配,全量源表未提供可核验SMILES；仅保留Swiss原始SMILES供原始行号审计
66,7556,CC(=O)OC1(C)CCC(=C(C)C)CC1,STP00065,成功（100条，已去重）,100,2.0,1.0,1.0,molecule_ID精确匹配,全量源表未提供可核验SMILES；仅保留Swiss原始SMILES供原始行号审计
4054,7559,CN(C)CCc1ccc(O)cc1,STP04047,成功（100条，已去重）,100,3.0,1.0,1.0,molecule_ID精确匹配,全量源表未提供可核验SMILES；仅保留Swiss原始SMILES供原始行号审计
3426,7561,CNCCc1ccc(O)cc1,STP03420,成功（100条，已去重）,100,4.0,1.0,1.0,molecule_ID精确匹配,全量源表未提供可核验SMILES；仅保留Swiss原始SMILES供原始行号审计
3233,7563,COc1cc([C@H]2OC[C@H]3[C@@H]2CO[C@@H]3c2cc(OC)c(OC)c(OC)c2)cc(OC)c1OC,STP03227,成功（100条，已去重）,100,4.0,1.0,1.0,molecule_ID精确匹配,全量源表未提供可核验SMILES；仅保留Swiss原始SMILES供原始行号审计
4158,7565,O=C(O)C1=C[C@H](O)[C@@H]2O[C@@H]2C1,STP04151,成功（100条，已去重）,100,1.0,1.0,1.0,molecule_ID精确匹配,全量源表未提供可核验SMILES；仅保留Swiss原始SMILES供原始行号审计
2390,7569,COc1cc(C(=O)CCO)cc(OC)c1O,STP02385,成功（100条，已去重）,100,2.0,1.0,1.0,molecule_ID精确匹配,全量源表未提供可核验SMILES；仅保留Swiss原始SMILES供原始行号审计
307,7570,COc1cc(C(=O)CCO)ccc1O,STP00306,成功（100条，已去重）,100,2.0,1.0,1.0,molecule_ID精确匹配,全量源表未提供可核验SMILES；仅保留Swiss原始SMILES供原始行号审计
3086,7574,COc1cc([C@H]2OC[C@H]3[C@@H]2CO[C@H]3c2cc(OC)c(OC)c(OC)c2)cc(OC)c1OC,STP03081,成功（100条，已去重）,100,1.0,1.0,1.0,molecule_ID精确匹配,全量源表未提供可核验SMILES；仅保留Swiss原始SMILES供原始行号审计
2362,7577,CC(C)CC(C)C,STP02357,成功（60条，已去重）,60,2.0,1.0,1.0,molecule_ID精确匹配,全量源表未提供可核验SMILES；仅保留Swiss原始SMILES供原始行号审计
3528,7578,CCC(=O)C(C)C,STP03522,成功（100条，已去重）,100,2.0,1.0,1.0,molecule_ID精确匹配,全量源表未提供可核验SMILES；仅保留Swiss原始SMILES供原始行号审计
3924,7579,O=C(O)[C@@H]1C[C@H](O)CN1,STP03917,成功（100条，已去重）,100,1.0,1.0,1.0,molecule_ID精确匹配,全量源表未提供可核验SMILES；仅保留Swiss原始SMILES供原始行号审计
2778,7583,CC1=CC[C@@H]2C[C@H]1[C@]2(C)CC/C=C(/C)CO,STP02773,成功（100条，已去重）,100,1.0,1.0,1.0,molecule_ID精确匹配,全量源表未提供可核验SMILES；仅保留Swiss原始SMILES供原始行号审计
975,7584,C/C(=C\CC[C@@H](C)c1ccc(C)cc1)CO,STP00974,成功（100条，已去重）,100,1.0,1.0,1.0,molecule_ID精确匹配,全量源表未提供可核验SMILES；仅保留Swiss原始SMILES供原始行号审计
2603,7588,C=C1[C@@H]2CC[C@@H](C2)[C@@]1(C)CC/C=C(\C)C(=O)O,STP02598,成功（100条，已去重）,100,1.0,1.0,1.0,molecule_ID精确匹配,全量源表未提供可核验SMILES；仅保留Swiss原始SMILES供原始行号审计
3622,7589,C=C(C)/C=C/C,STP03616,成功（55条，已去重）,55,1.0,1.0,1.0,molecule_ID精确匹配,全量源表未提供可核验SMILES；仅保留Swiss原始SMILES供原始行号审计
1825,759,CCOC(=O)[C@]1(O)CCC(=O)O1,STP01820,成功（100条，已去重）,100,1.0,1.0,1.0,molecule_ID精确匹配,全量源表未提供可核验SMILES；仅保留Swiss原始SMILES供原始行号审计
1689,7596,COc1cc(/C=C\C=O)cc(OC)c1O,STP01685,成功（100条，已去重）,100,1.0,1.0,1.0,molecule_ID精确匹配,全量源表未提供可核验SMILES；仅保留Swiss原始SMILES供原始行号审计
2541,7598,CC1(C)CCc2cc(C(=O)O)ccc2O1,STP02536,成功（100条，已去重）,100,1.0,1.0,1.0,molecule_ID精确匹配,全量源表未提供可核验SMILES；仅保留Swiss原始SMILES供原始行号审计
3219,7600,O=c1c(O)c(-c2ccc(O)cc2)oc2c(O[C@H]3OC[C@H](O)[C@@H](O)[C@@H]3O)c(O)cc(O)c12,STP03214,成功（100条，已去重）,100,1.0,1.0,1.0,molecule_ID精确匹配,全量源表未提供可核验SMILES；仅保留Swiss原始SMILES供原始行号审计
2912,7615,CCC[C@@H](C)CC,STP02907,成功（100条，已去重）,100,1.0,1.0,1.0,molecule_ID精确匹配,全量源表未提供可核验SMILES；仅保留Swiss原始SMILES供原始行号审计
2513,763,COc1cc(O)cc2c1cc([N+](=O)[O-])c1c(C(=O)O)cc3c(c12)OCO3,STP02508,成功（100条，已去重）,100,4.0,1.0,1.0,molecule_ID精确匹配,全量源表未提供可核验SMILES；仅保留Swiss原始SMILES供原始行号审计
3904,7632,CSSC(C)C,STP03897,成功（83条，已去重）,83,2.0,1.0,1.0,molecule_ID精确匹配,全量源表未提供可核验SMILES；仅保留Swiss原始SMILES供原始行号审计
2337,7635,O=C(O)c1c(O)cccc1CCc1ccc(O)cc1,STP02332,成功（100条，已去重）,100,1.0,1.0,1.0,molecule_ID精确匹配,全量源表未提供可核验SMILES；仅保留Swiss原始SMILES供原始行号审计
652,764,COc1ccc2c(c1O)-c1c(O)c(OC)cc3c1[C@@H](C2)[N+](C)(C)CC3,STP00651,成功（100条，已去重）,100,4.0,1.0,1.0,molecule_ID精确匹配,全量源表未提供可核验SMILES；仅保留Swiss原始SMILES供原始行号审计
1432,765,CC1=C(/C=C/C(C)=C/C=C/C(C)=C/C=C/C=C(C)/C=C/C=C(\C)C=O)C(C)(C)C[C@@H](O)C1,STP01429,成功（100条，已去重）,100,3.0,1.0,1.0,molecule_ID精确匹配,全量源表未提供可核验SMILES；仅保留Swiss原始SMILES供原始行号审计
3875,7650,CCCCC[C@H](O)/C=C/[C@H]1C=CC(=O)[C@@H]1CCCCCCC(=O)O,STP03869,成功（100条，已去重）,100,1.0,1.0,1.0,molecule_ID精确匹配,全量源表未提供可核验SMILES；仅保留Swiss原始SMILES供原始行号审计
3138,7651,CCCCC[C@H](O)/C=C/C1=C(CCCCCCC(=O)O)C(=O)CC1,STP03133,成功（100条，已去重）,100,1.0,1.0,1.0,molecule_ID精确匹配,全量源表未提供可核验SMILES；仅保留Swiss原始SMILES供原始行号审计
3791,7662,C[C@]1(OC(=O)/C=C/c2ccccc2)C[C@@H](O)[C@]2(O)C=CO[C@H](O)[C@@H]21,STP03785,成功（100条，已去重）,100,1.0,1.0,1.0,molecule_ID精确匹配,全量源表未提供可核验SMILES；仅保留Swiss原始SMILES供原始行号审计
3930,7672,O=C1CC[C@@H]2[C@@H](O)C=C(CO)[C@@H]2C1,STP03923,成功（100条，已去重）,100,1.0,1.0,1.0,molecule_ID精确匹配,全量源表未提供可核验SMILES；仅保留Swiss原始SMILES供原始行号审计
2160,7678,C[n+]1cccc(C(=O)Oc2c([O-])cc(C(=O)O)cc2O)c1,STP02155,成功（100条，已去重）,100,1.0,1.0,1.0,molecule_ID精确匹配,全量源表未提供可核验SMILES；仅保留Swiss原始SMILES供原始行号审计
1317,7680,CN[C@@H](Cc1c[nH]c2ccccc12)C(=O)O,STP01315,成功（100条，已去重）,100,2.0,1.0,1.0,molecule_ID精确匹配,全量源表未提供可核验SMILES；仅保留Swiss原始SMILES供原始行号审计
1610,7684,COc1ccc(-c2cc(=O)c3cc(OC)c(O)cc3o2)cc1O,STP01607,成功（100条，已去重）,100,1.0,1.0,1.0,molecule_ID精确匹配,全量源表未提供可核验SMILES；仅保留Swiss原始SMILES供原始行号审计
1194,7685,COc1cc(CCC(=O)O)ccc1O,STP01192,成功（100条，已去重）,100,2.0,1.0,1.0,molecule_ID精确匹配,全量源表未提供可核验SMILES；仅保留Swiss原始SMILES供原始行号审计
3121,7686,Cc1ccc2ccc3ccc(C)cc3c2c1,STP03116,成功（100条，已去重）,100,3.0,1.0,1.0,molecule_ID精确匹配,全量源表未提供可核验SMILES；仅保留Swiss原始SMILES供原始行号审计
2672,7692,[H]c1c([H])c([H])c2c(c1[H])c1c([H])c(C(=O)N([H])C([H])([H])C([H])([H])C(=O)OC([H])([H])[H])nc(C(=O)C([H])([H])[H])c1[n+]2[H],STP02667,成功（100条，已去重）,100,1.0,1.0,1.0,molecule_ID精确匹配,全量源表未提供可核验SMILES；仅保留Swiss原始SMILES供原始行号审计
2295,7693,[H]O[C@@]([H])(c1nc(C(=O)N([H])C([H])=C([H])C(=O)OC([H])([H])[H])c([H])c2c3c([H])c([H])c([H])c([H])c3[n+]([H])c12)C([H])([H])[H],STP02290,成功（100条，已去重）,100,1.0,1.0,1.0,molecule_ID精确匹配,全量源表未提供可核验SMILES；仅保留Swiss原始SMILES供原始行号审计
3150,77,COc1cccc(OC)c1O,STP03145,成功（100条，已去重）,100,9.0,1.0,1.0,molecule_ID精确匹配,全量源表未提供可核验SMILES；仅保留Swiss原始SMILES供原始行号审计
2769,7701,[H]OC([H])([H])[C@]([H])(O[H])c1nc(C(=O)OC([H])([H])C([H])([H])C([H])([H])C([H])([H])[H])c([H])c2c3c([H])c([H])c([H])c([H])c3[n+]([H])c12,STP02764,成功（100条，已去重）,100,1.0,1.0,1.0,molecule_ID精确匹配,全量源表未提供可核验SMILES；仅保留Swiss原始SMILES供原始行号审计
1472,7703,COc1cc(CCC(=O)O)cc(-c2cc(CCC(=O)O)cc(OC)c2O)c1O,STP01469,成功（100条，已去重）,100,1.0,1.0,1.0,molecule_ID精确匹配,全量源表未提供可核验SMILES；仅保留Swiss原始SMILES供原始行号审计
3827,7705,COc1cc(CCC(=O)O)cc(-c2cc(CCC(=O)OCCCO)cc(OC)c2O)c1O,STP03821,成功（100条，已去重）,100,1.0,1.0,1.0,molecule_ID精确匹配,全量源表未提供可核验SMILES；仅保留Swiss原始SMILES供原始行号审计
2291,771,O=C(O)/C=C/c1ccc(O)cc1,STP02286,成功（100条，已去重）,100,46.0,1.0,1.0,molecule_ID精确匹配,全量源表未提供可核验SMILES；仅保留Swiss原始SMILES供原始行号审计
1748,7710,CCCCOC(=O)CCc1ccc(O)c(OC)c1,STP01744,成功（100条，已去重）,100,1.0,1.0,1.0,molecule_ID精确匹配,全量源表未提供可核验SMILES；仅保留Swiss原始SMILES供原始行号审计
2196,7714,COc1c([C@@H](CC=C(C)C)OC(C)=O)cc(O)c2c1C(=O)C=CC2=O,STP02191,成功（100条，已去重）,100,1.0,1.0,1.0,molecule_ID精确匹配,全量源表未提供可核验SMILES；仅保留Swiss原始SMILES供原始行号审计
2202,7715,CCC(=O)O[C@H](CC=C(C)C)C1=CC(=O)c2c(O)ccc(O)c2C1=O,STP02197,成功（100条，已去重）,100,1.0,1.0,1.0,molecule_ID精确匹配,全量源表未提供可核验SMILES；仅保留Swiss原始SMILES供原始行号审计
2296,7716,CC(=O)O[C@@H](CC=C(C)C)C1=CC(=O)c2c(O)ccc(O)c2C1=O,STP02291,成功（100条，已去重）,100,1.0,1.0,1.0,molecule_ID精确匹配,全量源表未提供可核验SMILES；仅保留Swiss原始SMILES供原始行号审计
2346,7717,CC(C)=CC[C@H](OC(=O)C=C(C)C)C1=CC(=O)c2c(O)ccc(O)c2C1=O,STP02341,成功（100条，已去重）,100,1.0,1.0,1.0,molecule_ID精确匹配,全量源表未提供可核验SMILES；仅保留Swiss原始SMILES供原始行号审计
767,7719,CC(C)=CCCC1=CC(=O)c2c(O)ccc(O)c2C1=O,STP00766,成功（100条，已去重）,100,2.0,1.0,1.0,molecule_ID精确匹配,全量源表未提供可核验SMILES；仅保留Swiss原始SMILES供原始行号审计
333,7720,CC(=O)[C@@H](C#N)c1ccccc1,STP00332,成功（100条，已去重）,100,1.0,1.0,1.0,molecule_ID精确匹配,全量源表未提供可核验SMILES；仅保留Swiss原始SMILES供原始行号审计
2228,7722,CC(C)=CC[C@@H](O)C1=CC(=O)c2c(O)ccc(O)c2C1=O,STP02223,成功（100条，已去重）,100,1.0,1.0,1.0,molecule_ID精确匹配,全量源表未提供可核验SMILES；仅保留Swiss原始SMILES供原始行号审计
356,7723,CC(C)CCCC1=CC(=O)c2c(O)ccc(O)c2C1=O,STP00355,成功（100条，已去重）,100,1.0,1.0,1.0,molecule_ID精确匹配,全量源表未提供可核验SMILES；仅保留Swiss原始SMILES供原始行号审计
3382,7724,CC(C)=CC(=O)O,STP03376,成功（100条，已去重）,100,2.0,1.0,1.0,molecule_ID精确匹配,全量源表未提供可核验SMILES；仅保留Swiss原始SMILES供原始行号审计
4082,7727,CCOC(=O)C=C(C)C,STP04075,成功（100条，已去重）,100,2.0,1.0,1.0,molecule_ID精确匹配,全量源表未提供可核验SMILES；仅保留Swiss原始SMILES供原始行号审计
2906,7728,CC[C@@H](C)C(=O)O[C@H](/C=C/C(C)(C)O)C1=CC(=O)c2c(O)ccc(O)c2C1=O,STP02901,成功（100条，已去重）,100,1.0,1.0,1.0,molecule_ID精确匹配,全量源表未提供可核验SMILES；仅保留Swiss原始SMILES供原始行号审计
3515,7729,CC(C)=CC[C@H](C[C@@H](C)CC(=O)O)c1coc(-c2cc(O)ccc2O)c1,STP03509,成功（100条，已去重）,100,1.0,1.0,1.0,molecule_ID精确匹配,全量源表未提供可核验SMILES；仅保留Swiss原始SMILES供原始行号审计
3671,7730,CC(C)=CC[C@@H](CC[C@@H](C)C(=O)O)c1coc(-c2cc(O)ccc2O)c1,STP03665,成功（100条，已去重）,100,1.0,1.0,1.0,molecule_ID精确匹配,全量源表未提供可核验SMILES；仅保留Swiss原始SMILES供原始行号审计
1373,7731,C/C1=C/Cc2cc(ccc2O)OC/C(C)=C\CC1,STP01371,成功（100条，已去重）,100,1.0,1.0,1.0,molecule_ID精确匹配,全量源表未提供可核验SMILES；仅保留Swiss原始SMILES供原始行号审计
1445,7732,C=C[C@@]1(C)CC[C@@H](C(=C)C)C2=C1C(=O)C(OC)=C(OC)C2=O,STP01442,成功（100条，已去重）,100,1.0,1.0,1.0,molecule_ID精确匹配,全量源表未提供可核验SMILES；仅保留Swiss原始SMILES供原始行号审计
3731,7734,COC1=C(OC)C(=O)C(C/C(C)=C/CCc2ccoc2)=CC1=O,STP03725,成功（100条，已去重）,100,1.0,1.0,1.0,molecule_ID精确匹配,全量源表未提供可核验SMILES；仅保留Swiss原始SMILES供原始行号审计
3128,7736,CC(C)CC(=O)O[C@H](/C=C/C(C)(C)O)C1=CC(=O)c2c(O)ccc(O)c2C1=O,STP03123,成功（100条，已去重）,100,1.0,1.0,1.0,molecule_ID精确匹配,全量源表未提供可核验SMILES；仅保留Swiss原始SMILES供原始行号审计
2389,7737,CC[C@H](C)C(=O)O[C@H](CC=C(C)C)C1=CC(=O)c2c(O)ccc(O)c2C1=O,STP02384,成功（100条，已去重）,100,1.0,1.0,1.0,molecule_ID精确匹配,全量源表未提供可核验SMILES；仅保留Swiss原始SMILES供原始行号审计
3572,7738,CC(=O)OC(C)(C)CC(=O)O[C@H](CC=C(C)C)C1=CC(=O)c2c(O)ccc(O)c2C1=O,STP03566,成功（100条，已去重）,100,1.0,1.0,1.0,molecule_ID精确匹配,全量源表未提供可核验SMILES；仅保留Swiss原始SMILES供原始行号审计
2805,7739,CC(C)=CC[C@@H](OC(=O)CC(C)(C)O)C1=CC(=O)c2c(O)ccc(O)c2C1=O,STP02800,成功（100条，已去重）,100,1.0,1.0,1.0,molecule_ID精确匹配,全量源表未提供可核验SMILES；仅保留Swiss原始SMILES供原始行号审计
2260,7740,CC(C)=CC[C@@H](OC(=O)C(C)C)C1=CC(=O)c2c(O)ccc(O)c2C1=O,STP02255,成功（100条，已去重）,100,1.0,1.0,1.0,molecule_ID精确匹配,全量源表未提供可核验SMILES；仅保留Swiss原始SMILES供原始行号审计
4069,7742,CC1=C2C[C@@]3(C)[C@H](C)CCC(=O)[C@@H]3C[C@]2(O)OC1=O,STP04062,成功（100条，已去重）,100,1.0,1.0,1.0,molecule_ID精确匹配,全量源表未提供可核验SMILES；仅保留Swiss原始SMILES供原始行号审计
1230,7743,COc1cc(O)c2c(c1)O[C@@H](c1ccccc1)CC2=O,STP01228,成功（100条，已去重）,100,1.0,1.0,1.0,molecule_ID精确匹配,全量源表未提供可核验SMILES；仅保留Swiss原始SMILES供原始行号审计
2629,7745,O=C(O)c1ccccc1C(=O)O,STP02624,成功（100条，已去重）,100,6.0,1.0,1.0,molecule_ID精确匹配,全量源表未提供可核验SMILES；仅保留Swiss原始SMILES供原始行号审计
2483,775,CCOC(C)=O,STP02478,成功（100条，已去重）,100,24.0,1.0,1.0,molecule_ID精确匹配,全量源表未提供可核验SMILES；仅保留Swiss原始SMILES供原始行号审计
2885,777,CC[C@H](C)CO,STP02880,成功（100条，已去重）,100,6.0,1.0,1.0,molecule_ID精确匹配,全量源表未提供可核验SMILES；仅保留Swiss原始SMILES供原始行号审计
1061,7770,CC(=O)O[C@@]1(C)CC[C@]2(O)C=CO[C@@H](O)[C@@H]21,STP01060,成功（100条，已去重）,100,3.0,1.0,1.0,molecule_ID精确匹配,全量源表未提供可核验SMILES；仅保留Swiss原始SMILES供原始行号审计
3859,778,COc1cc(/C=C/C(=O)O[C@H]2C[C@](C)(O)[C@H]3[C@H](O[C@@H]4O[C@H](CO)[C@@H](O)[C@H](O)[C@H]4O)OC=C[C@H]32)ccc1O,STP03853,成功（100条，已去重）,100,4.0,1.0,1.0,molecule_ID精确匹配,全量源表未提供可核验SMILES；仅保留Swiss原始SMILES供原始行号审计
3583,7781,C[C@@H]1CC[C@]2(O)C(C=O)=CO[C@@H](O)[C@H]12,STP03577,成功（100条，已去重）,100,1.0,1.0,1.0,molecule_ID精确匹配,全量源表未提供可核验SMILES；仅保留Swiss原始SMILES供原始行号审计
1477,7784,O=C(OCC1=CC[C@@H]2C=CO[C@H](O)[C@H]12)c1ccccc1,STP01474,成功（100条，已去重）,100,1.0,1.0,1.0,molecule_ID精确匹配,全量源表未提供可核验SMILES；仅保留Swiss原始SMILES供原始行号审计
3822,779,COc1cc(/C=C/C(=O)O[C@@H]2C[C@](C)(O)[C@@H]3[C@H]2C=CO[C@H]3O)ccc1O,STP03816,成功（100条，已去重）,100,3.0,1.0,1.0,molecule_ID精确匹配,全量源表未提供可核验SMILES；仅保留Swiss原始SMILES供原始行号审计
1143,781,COc1ccc2c(c1O)-c1c3c(cc4c1[C@@H](C2)N(C)CC4)OCO3,STP01142,成功（100条，已去重）,100,1.0,1.0,1.0,molecule_ID精确匹配,全量源表未提供可核验SMILES；仅保留Swiss原始SMILES供原始行号审计
2278,7813,O=C1C[C@@H](c2cc(O)c(O)c(O)c2)Oc2cc(O)cc(O)c21,STP02273,成功（100条，已去重）,100,1.0,1.0,1.0,molecule_ID精确匹配,全量源表未提供可核验SMILES；仅保留Swiss原始SMILES供原始行号审计
2273,7819,O=c1cc(-c2ccc(O)c(O)c2)oc2c(O)c(O)cc(O)c12,STP02268,成功（100条，已去重）,100,1.0,1.0,1.0,molecule_ID精确匹配,全量源表未提供可核验SMILES；仅保留Swiss原始SMILES供原始行号审计
143,782,COc1ccc2c(c1)C(=O)c1c(OC)c(OC)cc3ccnc-2c13,STP00142,成功（100条，已去重）,100,3.0,1.0,1.0,molecule_ID精确匹配,全量源表未提供可核验SMILES；仅保留Swiss原始SMILES供原始行号审计
3649,7828,OCC1=C[C@@H](O)[C@@H]2CCO[C@@H](O[C@@H]3O[C@H](CO)[C@@H](O)[C@H](O)[C@H]3O)[C@H]12,STP03643,成功（100条，已去重）,100,1.0,1.0,1.0,molecule_ID精确匹配,全量源表未提供可核验SMILES；仅保留Swiss原始SMILES供原始行号审计
3713,7829,OCC1=C[C@@H](O)[C@@H]2CCO[C@@H](O)[C@H]12,STP03707,成功（100条，已去重）,100,1.0,1.0,1.0,molecule_ID精确匹配,全量源表未提供可核验SMILES；仅保留Swiss原始SMILES供原始行号审计
1846,7831,O=C(/C=C\c1ccc(O)c(O)c1)O[C@H]1[C@H](O)[C@H]2O[C@H](c3ccc(O)c(O)c3)CO[C@H]2O[C@H]1CO,STP01841,成功（100条，已去重）,100,1.0,1.0,1.0,molecule_ID精确匹配,全量源表未提供可核验SMILES；仅保留Swiss原始SMILES供原始行号审计
3276,7837,CC(C)=CCC[C@@H](C(=O)O)[C@H]1CNC(=[NH2+])[N-]1,STP03270,成功（100条，已去重）,100,1.0,1.0,1.0,molecule_ID精确匹配,全量源表未提供可核验SMILES；仅保留Swiss原始SMILES供原始行号审计
2848,784,O=C(O)CCCCc1ccc2c(c1)OCO2,STP02843,成功（100条，已去重）,100,1.0,1.0,1.0,molecule_ID精确匹配,全量源表未提供可核验SMILES；仅保留Swiss原始SMILES供原始行号审计
2364,785,COc1cc2c(cc1OC)-c1cc3ccc(OC)c(OC)c3c[n+]1CC2,STP02359,成功（100条，已去重）,100,11.0,1.0,1.0,molecule_ID精确匹配,全量源表未提供可核验SMILES；仅保留Swiss原始SMILES供原始行号审计
508,786,COc1cc2c(cc1OC)[C@H]1Cc3ccc(OC)c(OC)c3CN1CC2,STP00507,成功（100条，已去重）,100,3.0,1.0,1.0,molecule_ID精确匹配,全量源表未提供可核验SMILES；仅保留Swiss原始SMILES供原始行号审计
4011,7860,C[C@@H]1O[C@@H](Oc2cc(O)c3c(=O)c(O)c(-c4ccc(O)c(O)c4)oc3c2)[C@H](O)[C@@H](O)[C@H]1O,STP04004,成功（100条，已去重）,100,1.0,1.0,1.0,molecule_ID精确匹配,全量源表未提供可核验SMILES；仅保留Swiss原始SMILES供原始行号审计
1175,787,CN1CCc2cc3c(cc2C(=O)Cc2ccc4c(c2C1)OCO4)OCO3,STP01174,成功（100条，已去重）,100,9.0,1.0,1.0,molecule_ID精确匹配,全量源表未提供可核验SMILES；仅保留Swiss原始SMILES供原始行号审计
271,7875,CS(C)(=O)=O,STP00270,成功（100条，已去重）,100,3.0,1.0,1.0,molecule_ID精确匹配,全量源表未提供可核验SMILES；仅保留Swiss原始SMILES供原始行号审计
2702,7876,CCC[C@@H](C)CC(C)C,STP02697,成功（100条，已去重）,100,4.0,1.0,1.0,molecule_ID精确匹配,全量源表未提供可核验SMILES；仅保留Swiss原始SMILES供原始行号审计
33,7879,COc1cc(OC)c2c(=O)cc(-c3ccc(OC)c(OC)c3)oc2c1,STP00032,成功（100条，已去重）,100,3.0,1.0,1.0,molecule_ID精确匹配,全量源表未提供可核验SMILES；仅保留Swiss原始SMILES供原始行号审计
2737,788,CN1CCc2cc3c(cc2[C@H]1[C@H]1O[C@@H](O)c2c1ccc1c2OCO1)OCO3,STP02732,成功（100条，已去重）,100,1.0,1.0,1.0,molecule_ID精确匹配,全量源表未提供可核验SMILES；仅保留Swiss原始SMILES供原始行号审计
806,7881,O=c1c2ccc(O)c(O)c2oc2cc(O)cc(O)c12,STP00805,成功（100条，已去重）,100,1.0,1.0,1.0,molecule_ID精确匹配,全量源表未提供可核验SMILES；仅保留Swiss原始SMILES供原始行号审计
2256,789,COc1cc2c(cc1O)CC[n+]1cc3c(OC)c(OC)ccc3cc1-2,STP02251,成功（100条，已去重）,100,9.0,1.0,1.0,molecule_ID精确匹配,全量源表未提供可核验SMILES；仅保留Swiss原始SMILES供原始行号审计
827,7895,C=Cc1c(C)c(O)cc2c1Oc1ccc(O)c(C)c1CC2,STP00826,成功（100条，已去重）,100,1.0,1.0,1.0,molecule_ID精确匹配,全量源表未提供可核验SMILES；仅保留Swiss原始SMILES供原始行号审计
294,7896,C=Cc1cc(C)cc2c1-c1cc(O)c(O)c(C)c1CC2,STP00293,成功（100条，已去重）,100,1.0,1.0,1.0,molecule_ID精确匹配,全量源表未提供可核验SMILES；仅保留Swiss原始SMILES供原始行号审计
87,7897,C=Cc1c(O)c(C)cc2c1-c1ccc(O)c(C)c1CC2,STP00086,成功（100条，已去重）,100,1.0,1.0,1.0,molecule_ID精确匹配,全量源表未提供可核验SMILES；仅保留Swiss原始SMILES供原始行号审计
90,7898,C=Cc1cc(O)c(C)c2c1-c1ccc(O)c(C)c1CC2,STP00089,成功（100条，已去重）,100,1.0,1.0,1.0,molecule_ID精确匹配,全量源表未提供可核验SMILES；仅保留Swiss原始SMILES供原始行号审计
94,7899,C=Cc1c(C)cc(O)c2c1-c1ccc(O)c(C)c1CC2,STP00093,成功（100条，已去重）,100,1.0,1.0,1.0,molecule_ID精确匹配,全量源表未提供可核验SMILES；仅保留Swiss原始SMILES供原始行号审计
1150,79,O=Cc1cc(O)c(O)c2c1CCC2,STP01149,成功（100条，已去重）,100,1.0,1.0,1.0,molecule_ID精确匹配,全量源表未提供可核验SMILES；仅保留Swiss原始SMILES供原始行号审计
404,790,COc1cc2c(cc1O)[C@@H]1Cc3ccc(OC)c(OC)c3CN1CC2,STP00403,成功（100条，已去重）,100,3.0,1.0,1.0,molecule_ID精确匹配,全量源表未提供可核验SMILES；仅保留Swiss原始SMILES供原始行号审计
85,7900,Cc1cc2c(cc1O)-c1ccc(O)c(C)c1CC2,STP00084,成功（100条，已去重）,100,1.0,1.0,1.0,molecule_ID精确匹配,全量源表未提供可核验SMILES；仅保留Swiss原始SMILES供原始行号审计
3144,7901,CCC[C@H](N)C(=O)O,STP03139,成功（100条，已去重）,100,1.0,1.0,1.0,molecule_ID精确匹配,全量源表未提供可核验SMILES；仅保留Swiss原始SMILES供原始行号审计
965,7902,CC1(C)O[C@]23C[C@H]1CC[C@]2(C)CCC=C3CO,STP00964,成功（100条，已去重）,100,4.0,1.0,1.0,molecule_ID精确匹配,全量源表未提供可核验SMILES；仅保留Swiss原始SMILES供原始行号审计
2355,7903,C=Cc1cc(O)cc2ccc3c(C)c(O)ccc3c12,STP02350,成功（100条，已去重）,100,1.0,1.0,1.0,molecule_ID精确匹配,全量源表未提供可核验SMILES；仅保留Swiss原始SMILES供原始行号审计
2270,7904,Cc1c(O)ccc2c1ccc1cc(O)cc(C=O)c12,STP02265,成功（100条，已去重）,100,1.0,1.0,1.0,molecule_ID精确匹配,全量源表未提供可核验SMILES；仅保留Swiss原始SMILES供原始行号审计
773,7905,CO[C@H](C)c1c(O)c(C)cc2c1-c1ccc(O)c(C)c1CC2,STP00772,成功（100条，已去重）,100,1.0,1.0,1.0,molecule_ID精确匹配,全量源表未提供可核验SMILES；仅保留Swiss原始SMILES供原始行号审计
1616,7907,Cc1cc2c(c(C=O)c1O)-c1ccc(O)c(C)c1CC2,STP01613,成功（100条，已去重）,100,1.0,1.0,1.0,molecule_ID精确匹配,全量源表未提供可核验SMILES；仅保留Swiss原始SMILES供原始行号审计
1451,7909,CC(C)C1=CC[C@H](C)CC1=O,STP01448,成功（100条，已去重）,100,2.0,1.0,1.0,molecule_ID精确匹配,全量源表未提供可核验SMILES；仅保留Swiss原始SMILES供原始行号审计
1801,791,CN1CCc2cc3c(cc2[C@H]1[C@@H]1OC(=O)c2c1ccc1c2OCO1)OCO3,STP01797,成功（100条，已去重）,100,4.0,1.0,1.0,molecule_ID精确匹配,全量源表未提供可核验SMILES；仅保留Swiss原始SMILES供原始行号审计
2301,7913,O=C(/C=C\c1ccc(O)cc1)OC[C@H](O)CO,STP02296,成功（100条，已去重）,100,1.0,1.0,1.0,molecule_ID精确匹配,全量源表未提供可核验SMILES；仅保留Swiss原始SMILES供原始行号审计
3885,7914,C=C(C)[C@@H]1CC[C@@]2(C)CCC(=O)C(C)=C2C1,STP03879,成功（100条，已去重）,100,5.0,1.0,1.0,molecule_ID精确匹配,全量源表未提供可核验SMILES；仅保留Swiss原始SMILES供原始行号审计
868,7915,Cc1cc2c(c([C@@H](C)O)c1O)-c1ccc(O)c(C)c1CC2,STP00867,成功（100条，已去重）,100,1.0,1.0,1.0,molecule_ID精确匹配,全量源表未提供可核验SMILES；仅保留Swiss原始SMILES供原始行号审计
2,7917,C=Cc1c(C)cc(O)c2c1-c1ccc(OC)c(C)c1CC2,STP00001,成功（100条，已去重）,100,1.0,1.0,1.0,molecule_ID精确匹配,全量源表未提供可核验SMILES；仅保留Swiss原始SMILES供原始行号审计
3,7918,C=Cc1cc(OC)c(C)c2c1-c1ccc(O)c(C)c1CC2,STP00002,成功（100条，已去重）,100,1.0,1.0,1.0,molecule_ID精确匹配,全量源表未提供可核验SMILES；仅保留Swiss原始SMILES供原始行号审计
960,7919,C=Cc1cc(C(=O)O)cc2c1-c1ccc(O)c(C)c1CC2,STP00959,成功（100条，已去重）,100,1.0,1.0,1.0,molecule_ID精确匹配,全量源表未提供可核验SMILES；仅保留Swiss原始SMILES供原始行号审计
1118,792,COc1ccc2c(c1OC)CN(C)CCc1cc3c(cc1C(=O)C2)OCO3,STP01117,成功（100条，已去重）,100,4.0,1.0,1.0,molecule_ID精确匹配,全量源表未提供可核验SMILES；仅保留Swiss原始SMILES供原始行号审计
2685,7922,COc1cc(O)cc(OC)c1[C@H]1OC[C@H]2[C@@H]1CO[C@@H]2c1c(OC)cc(O)cc1OC,STP02680,成功（100条，已去重）,100,2.0,1.0,1.0,molecule_ID精确匹配,全量源表未提供可核验SMILES；仅保留Swiss原始SMILES供原始行号审计
3367,7925,COc1cc(C(=O)O)cc(OC)c1O[C@@H]1O[C@H](CO)[C@@H](O)[C@H](O)[C@H]1O,STP03361,成功（100条，已去重）,100,1.0,1.0,1.0,molecule_ID精确匹配,全量源表未提供可核验SMILES；仅保留Swiss原始SMILES供原始行号审计
2788,7928,COc1cc([C@H]2OC[C@@H]3[C@H]2CO[C@H]3c2cc(OC)c(O)c(OC)c2)cc(OC)c1O,STP02783,成功（100条，已去重）,100,5.0,1.0,1.0,molecule_ID精确匹配,全量源表未提供可核验SMILES；仅保留Swiss原始SMILES供原始行号审计
1138,793,COc1ccc2c(c1O)-c1c3c(cc4c1[C@H](C2)N(C)CC4)OCO3,STP01137,成功（100条，已去重）,100,2.0,1.0,1.0,molecule_ID精确匹配,全量源表未提供可核验SMILES；仅保留Swiss原始SMILES供原始行号审计
4201,7930,COc1ccc([C@@H]2CC(=O)c3c(O)cc(O[C@@H]4O[C@H](CO[C@@H]5O[C@@H](C)[C@H](O)[C@@H](O)[C@H]5O)[C@@H](O)[C@H](O)[C@H]4O)cc3O2)cc1O,STP04194,成功（100条，已去重）,100,25.0,1.0,1.0,molecule_ID精确匹配,全量源表未提供可核验SMILES；仅保留Swiss原始SMILES供原始行号审计
569,794,COc1ccc2c(c1O)-c1c(OC)c(OC)cc3c1[C@H](C2)[N+](C)(C)CC3,STP00568,成功（100条，已去重）,100,6.0,1.0,1.0,molecule_ID精确匹配,全量源表未提供可核验SMILES；仅保留Swiss原始SMILES供原始行号审计
971,7946,CC1=C[C@H]2[C@H](C(C)C)CC[C@@](C)(O)[C@H]2CC1,STP00970,成功（100条，已去重）,100,8.0,1.0,1.0,molecule_ID精确匹配,全量源表未提供可核验SMILES；仅保留Swiss原始SMILES供原始行号审计
2480,7948,CC(C)=CCC/C(C)=C1\CC=C(C)CC1,STP02475,成功（100条，已去重）,100,4.0,1.0,1.0,molecule_ID精确匹配,全量源表未提供可核验SMILES；仅保留Swiss原始SMILES供原始行号审计
2391,7954,O=C(O)c1c(O)cccc1O,STP02386,成功（100条，已去重）,100,2.0,1.0,1.0,molecule_ID精确匹配,全量源表未提供可核验SMILES；仅保留Swiss原始SMILES供原始行号审计
112,7956,COc1cc(O)c2c(=O)c3c(O)ccc(OC)c3oc2c1,STP00111,成功（100条，已去重）,100,2.0,1.0,1.0,molecule_ID精确匹配,全量源表未提供可核验SMILES；仅保留Swiss原始SMILES供原始行号审计
2135,7957,COc1cc(O)c2c(=O)c3c(O)c(OC)ccc3oc2c1,STP02130,成功（100条，已去重）,100,1.0,1.0,1.0,molecule_ID精确匹配,全量源表未提供可核验SMILES；仅保留Swiss原始SMILES供原始行号审计
2220,7958,O=Cc1cccc2c1CCOC2=O,STP02215,成功（100条，已去重）,100,1.0,1.0,1.0,molecule_ID精确匹配,全量源表未提供可核验SMILES；仅保留Swiss原始SMILES供原始行号审计
1723,7959,C/C=C(\C(C)=O)C1=C(C(C)=O)C(=O)OCC1,STP01719,成功（100条，已去重）,100,1.0,1.0,1.0,molecule_ID精确匹配,全量源表未提供可核验SMILES；仅保留Swiss原始SMILES供原始行号审计
1575,7960,COc1cc(O)c2c(=O)c3c(OC)c(OC)ccc3oc2c1,STP01572,成功（100条，已去重）,100,1.0,1.0,1.0,molecule_ID精确匹配,全量源表未提供可核验SMILES；仅保留Swiss原始SMILES供原始行号审计
521,7961,COc1c(OC)c(O)c2c(=O)c3cccc(OC)c3oc2c1OC,STP00520,成功（100条，已去重）,100,1.0,1.0,1.0,molecule_ID精确匹配,全量源表未提供可核验SMILES；仅保留Swiss原始SMILES供原始行号审计
492,7962,COc1cc(O)c2c(=O)c3cc(O)cc(OC)c3oc2c1,STP00491,成功（100条，已去重）,100,1.0,1.0,1.0,molecule_ID精确匹配,全量源表未提供可核验SMILES；仅保留Swiss原始SMILES供原始行号审计
422,7963,COc1cc2oc3c(OC)cccc3c(=O)c2c(O)c1OC,STP00421,成功（100条，已去重）,100,2.0,1.0,1.0,molecule_ID精确匹配,全量源表未提供可核验SMILES；仅保留Swiss原始SMILES供原始行号审计
1157,7964,COc1c(OC)c(O)c2c(=O)c3c(O)ccc(OC)c3oc2c1OC,STP01156,成功（100条，已去重）,100,1.0,1.0,1.0,molecule_ID精确匹配,全量源表未提供可核验SMILES；仅保留Swiss原始SMILES供原始行号审计
484,7965,COc1ccc2c(=O)c3c(O)c(OC)c(OC)c(OC)c3oc2c1,STP00483,成功（100条，已去重）,100,1.0,1.0,1.0,molecule_ID精确匹配,全量源表未提供可核验SMILES；仅保留Swiss原始SMILES供原始行号审计
511,7966,COc1ccc2oc3c(OC)c(OC)c(OC)c(O)c3c(=O)c2c1,STP00510,成功（100条，已去重）,100,1.0,1.0,1.0,molecule_ID精确匹配,全量源表未提供可核验SMILES；仅保留Swiss原始SMILES供原始行号审计
414,7967,COc1cc(OC)c2oc3cc(OC)c(OC)c(O)c3c(=O)c2c1,STP00413,成功（100条，已去重）,100,1.0,1.0,1.0,molecule_ID精确匹配,全量源表未提供可核验SMILES；仅保留Swiss原始SMILES供原始行号审计
2374,7968,O=C1c2c(O)ccc(O)c2O[C@H]2C=C(O)C=C(O)[C@@H]12,STP02369,成功（100条，已去重）,100,1.0,1.0,1.0,molecule_ID精确匹配,全量源表未提供可核验SMILES；仅保留Swiss原始SMILES供原始行号审计
407,7970,COc1cc(O)c2c(=O)c3c(OC)ccc(OC)c3oc2c1,STP00406,成功（100条，已去重）,100,1.0,1.0,1.0,molecule_ID精确匹配,全量源表未提供可核验SMILES；仅保留Swiss原始SMILES供原始行号审计
634,7971,C=C/C=C/c1cc(OC)c2c(c1)[C@H](CO)[C@@H](c1ccc(O)c(OC)c1)O2,STP00633,成功（100条，已去重）,100,1.0,1.0,1.0,molecule_ID精确匹配,全量源表未提供可核验SMILES；仅保留Swiss原始SMILES供原始行号审计
2602,7972,COc1cc([C@H]2OC[C@H]3[C@H](c4ccc(O)c(OC)c4)OC[C@]23O)ccc1O,STP02597,成功（100条，已去重）,100,1.0,1.0,1.0,molecule_ID精确匹配,全量源表未提供可核验SMILES；仅保留Swiss原始SMILES供原始行号审计
3661,7979,O=c1c(O[C@@H]2O[C@@H](CO)[C@H](O)[C@H]2O)c(-c2ccc(O)c(O)c2)oc2cc(O)cc(O)c12,STP03655,成功（100条，已去重）,100,6.0,1.0,1.0,molecule_ID精确匹配,全量源表未提供可核验SMILES；仅保留Swiss原始SMILES供原始行号审计
3566,7982,O=c1c(O[C@H]2O[C@H](CO)[C@@H](O)[C@@H]2O)c(-c2ccc(O)c(O)c2)oc2cc(O)cc(O)c12,STP03560,成功（100条，已去重）,100,1.0,1.0,1.0,molecule_ID精确匹配,全量源表未提供可核验SMILES；仅保留Swiss原始SMILES供原始行号审计
3493,7983,C[C@@H]1[C@H]2c3cc4c(cc3O[C@@]35OCOC3=CC(=O)[C@H](C[C@H]1C)[C@@H]25)OCO4,STP03487,成功（100条，已去重）,100,1.0,1.0,1.0,molecule_ID精确匹配,全量源表未提供可核验SMILES；仅保留Swiss原始SMILES供原始行号审计
943,7985,C[C@H](CCc1ccc2c(c1)OCO2)Cc1ccc2c(c1)OCO2,STP00942,成功（100条，已去重）,100,1.0,1.0,1.0,molecule_ID精确匹配,全量源表未提供可核验SMILES；仅保留Swiss原始SMILES供原始行号审计
3589,7988,CC(C)C[C@](O)(C(=O)OCc1ccc(O)cc1)[C@H](O)C(=O)OCc1ccc(O)cc1,STP03583,成功（100条，已去重）,100,1.0,1.0,1.0,molecule_ID精确匹配,全量源表未提供可核验SMILES；仅保留Swiss原始SMILES供原始行号审计
3540,7990,CC(C)C[C@@](O)(CC(=O)OCc1ccc(O)cc1)C(=O)OCc1ccc(O)cc1,STP03534,成功（100条，已去重）,100,1.0,1.0,1.0,molecule_ID精确匹配,全量源表未提供可核验SMILES；仅保留Swiss原始SMILES供原始行号审计
232,7991,COc1cc(O)c2c(c1)CCc1cccc(O)c1-2,STP00231,成功（100条，已去重）,100,1.0,1.0,1.0,molecule_ID精确匹配,全量源表未提供可核验SMILES；仅保留Swiss原始SMILES供原始行号审计
1995,7992,COc1cc(O)cc2ccc3cc(O)ccc3c12,STP01990,成功（100条，已去重）,100,1.0,1.0,1.0,molecule_ID精确匹配,全量源表未提供可核验SMILES；仅保留Swiss原始SMILES供原始行号审计
1563,7999,C=C(C)[C@@H](O)CC,STP01560,成功（100条，已去重）,100,2.0,1.0,1.0,molecule_ID精确匹配,全量源表未提供可核验SMILES；仅保留Swiss原始SMILES供原始行号审计
2405,8,O=c1cc(-c2ccc(O)cc2)oc2cc(O)cc(O)c12,STP02400,成功（100条，已去重）,100,81.0,1.0,1.0,molecule_ID精确匹配,全量源表未提供可核验SMILES；仅保留Swiss原始SMILES供原始行号审计
2773,8036,Cc1ccnc2c(C)cccc12,STP02768,成功（100条，已去重）,100,1.0,1.0,1.0,molecule_ID精确匹配,全量源表未提供可核验SMILES；仅保留Swiss原始SMILES供原始行号审计
2275,8039,COc1cc(-c2cc(=O)c3c(O)c(O)c(OC)cc3o2)c(OC)cc1O,STP02270,成功（100条，已去重）,100,1.0,1.0,1.0,molecule_ID精确匹配,全量源表未提供可核验SMILES；仅保留Swiss原始SMILES供原始行号审计
411,8040,COc1cc2oc(-c3ccc(O)cc3)c(O)c(=O)c2c(O)c1OC,STP00410,成功（100条，已去重）,100,1.0,1.0,1.0,molecule_ID精确匹配,全量源表未提供可核验SMILES；仅保留Swiss原始SMILES供原始行号审计
2440,8041,COc1cc2oc(-c3ccc(O)c(O)c3)c(O)c(=O)c2c(O)c1OC,STP02435,成功（100条，已去重）,100,1.0,1.0,1.0,molecule_ID精确匹配,全量源表未提供可核验SMILES；仅保留Swiss原始SMILES供原始行号审计
432,8043,COc1c(O)cc2oc(Oc3ccc(O)cc3)cc(=O)c2c1O,STP00431,成功（100条，已去重）,100,1.0,1.0,1.0,molecule_ID精确匹配,全量源表未提供可核验SMILES；仅保留Swiss原始SMILES供原始行号审计
2298,8044,COc1cc2oc(Oc3ccc(O)cc3)cc(=O)c2c(O)c1OC,STP02293,成功（100条，已去重）,100,1.0,1.0,1.0,molecule_ID精确匹配,全量源表未提供可核验SMILES；仅保留Swiss原始SMILES供原始行号审计
465,8045,COc1ccc(Oc2cc(=O)c3c(O)c(OC)c(O)cc3o2)cc1,STP00464,成功（100条，已去重）,100,1.0,1.0,1.0,molecule_ID精确匹配,全量源表未提供可核验SMILES；仅保留Swiss原始SMILES供原始行号审计
601,8046,O=c1cc(Oc2ccc(O)cc2)oc2cc(O)cc(O)c12,STP00600,成功（100条，已去重）,100,2.0,1.0,1.0,molecule_ID精确匹配,全量源表未提供可核验SMILES；仅保留Swiss原始SMILES供原始行号审计
711,8047,CC(C)=CCc1cc(/C=C\C(=O)O)cc2c1O[C@@H]([C@@H](C)CO)C2,STP00710,成功（100条，已去重）,100,1.0,1.0,1.0,molecule_ID精确匹配,全量源表未提供可核验SMILES；仅保留Swiss原始SMILES供原始行号审计
2752,8057,CC#CC#CC(=O)c1ccccc1,STP02747,成功（100条，已去重）,100,1.0,1.0,1.0,molecule_ID精确匹配,全量源表未提供可核验SMILES；仅保留Swiss原始SMILES供原始行号审计
1095,8059,CCOC(=O)c1cc(=O)[nH]c2ccccc12,STP01094,成功（100条，已去重）,100,1.0,1.0,1.0,molecule_ID精确匹配,全量源表未提供可核验SMILES；仅保留Swiss原始SMILES供原始行号审计
3606,8120,CCCCC[C@H]1CCC(=O)O1,STP03600,成功（100条，已去重）,100,5.0,1.0,1.0,molecule_ID精确匹配,全量源表未提供可核验SMILES；仅保留Swiss原始SMILES供原始行号审计
392,8127,COc1ccc(-c2oc3cc(O)cc(O)c3c(=O)c2OC)cc1,STP00391,成功（100条，已去重）,100,1.0,1.0,1.0,molecule_ID精确匹配,全量源表未提供可核验SMILES；仅保留Swiss原始SMILES供原始行号审计
795,8129,CC(C)[C@@H]1CC[C@H](C)C[C@@H]1O,STP00794,成功（100条，已去重）,100,2.0,1.0,1.0,molecule_ID精确匹配,全量源表未提供可核验SMILES；仅保留Swiss原始SMILES供原始行号审计
1141,813,OC[C@H]1O[C@H](O)[C@@H](O)[C@@H](O)[C@@H]1O,STP01140,成功（100条，已去重）,100,3.0,1.0,1.0,molecule_ID精确匹配,全量源表未提供可核验SMILES；仅保留Swiss原始SMILES供原始行号审计
1281,8130,CC(C)[C@@]12C=C[C@@](C)(CC1)OO2,STP01279,成功（100条，已去重）,100,2.0,1.0,1.0,molecule_ID精确匹配,全量源表未提供可核验SMILES；仅保留Swiss原始SMILES供原始行号审计
1724,8139,CC(C)(C)c1ccc(O)c(O)c1,STP01720,成功（100条，已去重）,100,1.0,1.0,1.0,molecule_ID精确匹配,全量源表未提供可核验SMILES；仅保留Swiss原始SMILES供原始行号审计
1111,814,OC[C@H]1O[C@H](O)[C@H](O)[C@@H](O)[C@H]1O,STP01110,成功（100条，已去重）,100,5.0,1.0,1.0,molecule_ID精确匹配,全量源表未提供可核验SMILES；仅保留Swiss原始SMILES供原始行号审计
1295,8141,COc1c(C(C)C)cc2c(c1O)[C@@]1(C)CCCC(C)(C)[C@@H]1C[C@@H]2OC,STP01293,成功（100条，已去重）,100,1.0,1.0,1.0,molecule_ID精确匹配,全量源表未提供可核验SMILES；仅保留Swiss原始SMILES供原始行号审计
3982,8143,CCCCCC[C@@H](O)C/C=C\CCCCCCCC(=O)O,STP03975,成功（100条，已去重）,100,2.0,1.0,1.0,molecule_ID精确匹配,全量源表未提供可核验SMILES；仅保留Swiss原始SMILES供原始行号审计
132,8145,C[C@H]1C[C@H]2c3cccc4[nH]cc(c34)C[C@@H]2N(C)C1,STP00131,成功（100条，已去重）,100,1.0,1.0,1.0,molecule_ID精确匹配,全量源表未提供可核验SMILES；仅保留Swiss原始SMILES供原始行号审计
3201,8146,C=C1C/C(=C\C)C(=O)O[C@@H]2CCN3CC=C(COC(=O)[C@@]1(O)CO)[C@H]23,STP03196,成功（100条，已去重）,100,1.0,1.0,1.0,molecule_ID精确匹配,全量源表未提供可核验SMILES；仅保留Swiss原始SMILES供原始行号审计
4146,8148,C[C@@H]1CC(=O)[C@@]23[C@@H](C)C(C(=O)O)=C[C@@]2(C)CC[C@@H]13,STP04139,成功（100条，已去重）,100,1.0,1.0,1.0,molecule_ID精确匹配,全量源表未提供可核验SMILES；仅保留Swiss原始SMILES供原始行号审计
2209,8156,COc1cc([C@@H]2Oc3cc(O)cc(O)c3C(=O)[C@H]2O)ccc1O,STP02204,成功（100条，已去重）,100,1.0,1.0,1.0,molecule_ID精确匹配,全量源表未提供可核验SMILES；仅保留Swiss原始SMILES供原始行号审计
3355,8158,O=c1c(O[C@H]2C[C@@H](CO)[C@H](O)[C@@H](O)[C@@H]2O)c(-c2ccc(O)cc2)oc2cc(O)cc(O)c12,STP03349,成功（100条，已去重）,100,1.0,1.0,1.0,molecule_ID精确匹配,全量源表未提供可核验SMILES；仅保留Swiss原始SMILES供原始行号审计
1433,8168,CC[C@H](C)C(=O)C(C)C,STP01430,成功（100条，已去重）,100,1.0,1.0,1.0,molecule_ID精确匹配,全量源表未提供可核验SMILES；仅保留Swiss原始SMILES供原始行号审计
3289,8170,C=C[C@H]1CCC=C[C@]1(C)C=C,STP03283,成功（100条，已去重）,100,1.0,1.0,1.0,molecule_ID精确匹配,全量源表未提供可核验SMILES；仅保留Swiss原始SMILES供原始行号审计
447,8177,C=C(C)C(=O)Cc1c(OC)c2cccc(OC)c2n(C)c1=O,STP00446,成功（100条，已去重）,100,1.0,1.0,1.0,molecule_ID精确匹配,全量源表未提供可核验SMILES；仅保留Swiss原始SMILES供原始行号审计
497,8178,C=C(C)C(=O)Cc1c(OC)c2cccc(OC)c2[nH]c1=O,STP00496,成功（100条，已去重）,100,1.0,1.0,1.0,molecule_ID精确匹配,全量源表未提供可核验SMILES；仅保留Swiss原始SMILES供原始行号审计
1656,8181,CCC(CC)(CC)c1ccccc1,STP01652,成功（100条，已去重）,100,1.0,1.0,1.0,molecule_ID精确匹配,全量源表未提供可核验SMILES；仅保留Swiss原始SMILES供原始行号审计
180,8182,c1ccc2c(c1)C[C@H]1c3ccccc3CCN1C2,STP00179,成功（100条，已去重）,100,1.0,1.0,1.0,molecule_ID精确匹配,全量源表未提供可核验SMILES；仅保留Swiss原始SMILES供原始行号审计
2981,8187,O=c1c2ccccc2ncn1C[C@@]1(O)C[C@@H]2NCCC[C@H]2O1,STP02976,成功（100条，已去重）,100,1.0,1.0,1.0,molecule_ID精确匹配,全量源表未提供可核验SMILES；仅保留Swiss原始SMILES供原始行号审计
1516,8191,O=C1C[C@@H]2[C@@H](O)CCCN2C[C@H]1n1cnc2ccccc2c1=O,STP01513,成功（100条，已去重）,100,1.0,1.0,1.0,molecule_ID精确匹配,全量源表未提供可核验SMILES；仅保留Swiss原始SMILES供原始行号审计
2966,8192,CC(C)(C)C,STP02961,成功（11条，已去重）,11,1.0,1.0,1.0,molecule_ID精确匹配,全量源表未提供可核验SMILES；仅保留Swiss原始SMILES供原始行号审计
152,8193,COc1c(CC(=O)C(C)C)c(=O)n(C)c2c(OC)cccc12,STP00151,成功（100条，已去重）,100,1.0,1.0,1.0,molecule_ID精确匹配,全量源表未提供可核验SMILES；仅保留Swiss原始SMILES供原始行号审计
1234,8195,COc1nc2c3c(ccc2c(OC)c1CC(=O)C(C)C)OCO3,STP01232,成功（100条，已去重）,100,1.0,1.0,1.0,molecule_ID精确匹配,全量源表未提供可核验SMILES；仅保留Swiss原始SMILES供原始行号审计
3072,8196,C[C@@H]1CC[C@]23[C@H](C)CC[C@H](C[C@@H]12)C3(C)C,STP03067,成功（100条，已去重）,100,1.0,1.0,1.0,molecule_ID精确匹配,全量源表未提供可核验SMILES；仅保留Swiss原始SMILES供原始行号审计
221,8197,COc1c(CC=C(C)C)c(=O)n(C)c2c3c(ccc12)OCO3,STP00220,成功（100条，已去重）,100,1.0,1.0,1.0,molecule_ID精确匹配,全量源表未提供可核验SMILES；仅保留Swiss原始SMILES供原始行号审计
1586,8199,O=c1c2ccccc2ncn1C[C@]1(O)C[C@@H]2NCCC[C@@H]2O1,STP01583,成功（100条，已去重）,100,1.0,1.0,1.0,molecule_ID精确匹配,全量源表未提供可核验SMILES；仅保留Swiss原始SMILES供原始行号审计
3048,8200,C=C[C@@H]1C(C)=CCC[C@@H]1C=C,STP03043,成功（100条，已去重）,100,1.0,1.0,1.0,molecule_ID精确匹配,全量源表未提供可核验SMILES；仅保留Swiss原始SMILES供原始行号审计
3613,8202,C=C1CC[C@@H]2[C@](C)(CO)[C@H](O)CC[C@@]2(C)[C@@H]1/C=C/C1=CCOC1=O,STP03607,成功（100条，已去重）,100,2.0,1.0,1.0,molecule_ID精确匹配,全量源表未提供可核验SMILES；仅保留Swiss原始SMILES供原始行号审计
3465,8203,C=C1CC[C@@H]2[C@](C)(CC[C@H](O)[C@]2(C)CO)[C@H]1C(=O)CC1=CCOC1=O,STP03459,成功（100条，已去重）,100,1.0,1.0,1.0,molecule_ID精确匹配,全量源表未提供可核验SMILES；仅保留Swiss原始SMILES供原始行号审计
445,8204,COc1cccc(-c2cc(=O)c3c(O)cc(OC)c(OC)c3o2)c1OC,STP00444,成功（100条，已去重）,100,1.0,1.0,1.0,molecule_ID精确匹配,全量源表未提供可核验SMILES；仅保留Swiss原始SMILES供原始行号审计
1129,8205,COc1cc([C@H]2CC(=O)c3cccc(OC)c3O2)ccc1O,STP01128,成功（100条，已去重）,100,1.0,1.0,1.0,molecule_ID精确匹配,全量源表未提供可核验SMILES；仅保留Swiss原始SMILES供原始行号审计
134,8206,COc1cc(O)c2c(=O)cc(-c3ccccc3)oc2c1OC,STP00133,成功（100条，已去重）,100,4.0,1.0,1.0,molecule_ID精确匹配,全量源表未提供可核验SMILES；仅保留Swiss原始SMILES供原始行号审计
118,8209,CC[C@@H]1C(=O)OCc2c1cc1n(c2=O)Cc2cc3ccccc3nc2-1,STP00117,成功（100条，已去重）,100,1.0,1.0,1.0,molecule_ID精确匹配,全量源表未提供可核验SMILES；仅保留Swiss原始SMILES供原始行号审计
2800,8210,C=C(C)C(=O)O[C@H]1CC2=C[C@@H](C/C(C)=C/[C@H]3OC(=O)C(=C)[C@H]13)OC2=O,STP02795,成功（100条，已去重）,100,1.0,1.0,1.0,molecule_ID精确匹配,全量源表未提供可核验SMILES；仅保留Swiss原始SMILES供原始行号审计
1867,8213,C=C1CC[C@H]2[C@](C)(CO)[C@H](O)CC[C@@]2(C)[C@@H]1C[C@H](OC)C1=CCOC1=O,STP01862,成功（100条，已去重）,100,1.0,1.0,1.0,molecule_ID精确匹配,全量源表未提供可核验SMILES；仅保留Swiss原始SMILES供原始行号审计
2435,8214,COc1ccc2ccc(=O)oc2c1[C@@H](OC(=O)CC(C)C)C(=O)C(C)C,STP02430,成功（100条，已去重）,100,1.0,1.0,1.0,molecule_ID精确匹配,全量源表未提供可核验SMILES；仅保留Swiss原始SMILES供原始行号审计
3326,8215,CC(C)=CCCC1=C2[C@H](C[C@@]3(CO)O[C@H]3[C@H]2O)OC1=O,STP03320,成功（100条，已去重）,100,1.0,1.0,1.0,molecule_ID精确匹配,全量源表未提供可核验SMILES；仅保留Swiss原始SMILES供原始行号审计
3125,8216,CC(C)=CCCC1=C2C(=O)[C@@H]3O[C@]3(CO)C[C@@H]2OC1=O,STP03120,成功（100条，已去重）,100,1.0,1.0,1.0,molecule_ID精确匹配,全量源表未提供可核验SMILES；仅保留Swiss原始SMILES供原始行号审计
2745,8219,C=C1CC[C@@H]2[C@](C)(CO)CCC[C@@]2(C)[C@@H]1CCC1=CCOC1=O,STP02740,成功（100条，已去重）,100,1.0,1.0,1.0,molecule_ID精确匹配,全量源表未提供可核验SMILES；仅保留Swiss原始SMILES供原始行号审计
2188,8222,COc1cc(O)c2c(=O)cc(-c3cccc(O)c3O)oc2c1OC,STP02183,成功（100条，已去重）,100,1.0,1.0,1.0,molecule_ID精确匹配,全量源表未提供可核验SMILES；仅保留Swiss原始SMILES供原始行号审计
3735,8226,C=C1CC[C@@H]2[C@@](C)(CO)[C@H](O)CC[C@@]2(C)[C@@H]1CCC1=CCOC1=O,STP03729,成功（100条，已去重）,100,1.0,1.0,1.0,molecule_ID精确匹配,全量源表未提供可核验SMILES；仅保留Swiss原始SMILES供原始行号审计
2012,8228,COc1ccccc1-c1cc(=O)c2c(O)cc(OC)c(OC)c2o1,STP02007,成功（100条，已去重）,100,1.0,1.0,1.0,molecule_ID精确匹配,全量源表未提供可核验SMILES；仅保留Swiss原始SMILES供原始行号审计
592,8230,COc1cc(O)c2c(=O)cc(-c3ccc(O)c(OC)c3OC)oc2c1OC,STP00591,成功（100条，已去重）,100,1.0,1.0,1.0,molecule_ID精确匹配,全量源表未提供可核验SMILES；仅保留Swiss原始SMILES供原始行号审计
3733,8232,C=C1CC[C@@H]2[C@](C)(CO)[C@H](O)CC[C@@]2(C)[C@@H]1C/C=C1\C(=O)OC[C@H]1O,STP03727,成功（100条，已去重）,100,1.0,1.0,1.0,molecule_ID精确匹配,全量源表未提供可核验SMILES；仅保留Swiss原始SMILES供原始行号审计
3741,8234,C=C1C[C@@](C)(CO)[C@@H]2C[C@H](O)CC[C@]2(C)[C@@H]1C/C=C1\C(=O)OC[C@@H]1O,STP03735,成功（100条，已去重）,100,1.0,1.0,1.0,molecule_ID精确匹配,全量源表未提供可核验SMILES；仅保留Swiss原始SMILES供原始行号审计
3270,8238,C=C1CC[C@H]2[C@@](C)(CO)CCC[C@]2(C)[C@H]1CCC1=CCOC1=O,STP03264,成功（100条，已去重）,100,1.0,1.0,1.0,molecule_ID精确匹配,全量源表未提供可核验SMILES；仅保留Swiss原始SMILES供原始行号审计
236,8239,COc1cc(OC)c2c(=O)c(O)c(-c3ccc(OC)c(OC)c3)oc2c1,STP00235,成功（100条，已去重）,100,1.0,1.0,1.0,molecule_ID精确匹配,全量源表未提供可核验SMILES；仅保留Swiss原始SMILES供原始行号审计
1049,824,C=C1CCC(C(C)C)=C[C@@H]2[C@@H]1CC[C@@]2(C)O,STP01048,成功（100条，已去重）,100,1.0,1.0,1.0,molecule_ID精确匹配,全量源表未提供可核验SMILES；仅保留Swiss原始SMILES供原始行号审计
727,8240,COc1cc([C@@H](O)[C@@H](CO)Oc2ccc(/C=C/C=O)cc2OC)ccc1O,STP00726,成功（100条，已去重）,100,2.0,1.0,1.0,molecule_ID精确匹配,全量源表未提供可核验SMILES；仅保留Swiss原始SMILES供原始行号审计
4114,8243,CC1(C)Oc2cc3oc(-c4cc(O)cc(O[C@H]5OC[C@@H](O)[C@H](O)[C@@H]5O)c4)cc3cc2C[C@H]1O,STP04107,成功（100条，已去重）,100,1.0,1.0,1.0,molecule_ID精确匹配,全量源表未提供可核验SMILES；仅保留Swiss原始SMILES供原始行号审计
1593,8251,CCCC[C@H]1OC(=O)C2=CCCC[C@@H]21,STP01590,成功（100条，已去重）,100,1.0,1.0,1.0,molecule_ID精确匹配,全量源表未提供可核验SMILES；仅保留Swiss原始SMILES供原始行号审计
128,8255,CC(C)C1=CC[C@@H](C)[C@@]12C=C[C@@H](C)CC2,STP00127,成功（100条，已去重）,100,1.0,1.0,1.0,molecule_ID精确匹配,全量源表未提供可核验SMILES；仅保留Swiss原始SMILES供原始行号审计
3255,8256,CC1=CC[C@]23C[C@H]1C(C)(C)[C@H]2CC[C@@H]3C,STP03249,成功（100条，已去重）,100,1.0,1.0,1.0,molecule_ID精确匹配,全量源表未提供可核验SMILES；仅保留Swiss原始SMILES供原始行号审计
409,8258,C=C(C)[C@H]1CC[C@@H](C)[C@]12CC=C(C)CC2,STP00408,成功（100条，已去重）,100,1.0,1.0,1.0,molecule_ID精确匹配,全量源表未提供可核验SMILES；仅保留Swiss原始SMILES供原始行号审计
3052,8259,S=c1cc(-c2ccccc2)sc(-c2ccccc2)c1,STP03047,成功（100条，已去重）,100,1.0,1.0,1.0,molecule_ID精确匹配,全量源表未提供可核验SMILES；仅保留Swiss原始SMILES供原始行号审计
1257,8265,CCCCC(=O)c1ccccc1C(=O)O,STP01255,成功（100条，已去重）,100,1.0,1.0,1.0,molecule_ID精确匹配,全量源表未提供可核验SMILES；仅保留Swiss原始SMILES供原始行号审计
1900,827,CC(C)C1=C[C@H]2[C@@H](CC[C@]2(C)O)[C@](C)(O)CC1,STP01895,成功（100条，已去重）,100,2.0,1.0,1.0,molecule_ID精确匹配,全量源表未提供可核验SMILES；仅保留Swiss原始SMILES供原始行号审计
3809,8273,C=CC[C@@H](C)C(=O)CC,STP03803,成功（100条，已去重）,100,1.0,1.0,1.0,molecule_ID精确匹配,全量源表未提供可核验SMILES；仅保留Swiss原始SMILES供原始行号审计
3146,8277,CCCCC#CCC#CCCCCCC(=O)O,STP03141,成功（100条，已去重）,100,1.0,1.0,1.0,molecule_ID精确匹配,全量源表未提供可核验SMILES；仅保留Swiss原始SMILES供原始行号审计
2540,8284,CCCC(=O)O,STP02535,成功（100条，已去重）,100,11.0,1.0,1.0,molecule_ID精确匹配,全量源表未提供可核验SMILES；仅保留Swiss原始SMILES供原始行号审计
487,8285,CCCC[C@@H]1OC(=O)c2ccccc21,STP00486,成功（100条，已去重）,100,2.0,1.0,1.0,molecule_ID精确匹配,全量源表未提供可核验SMILES；仅保留Swiss原始SMILES供原始行号审计
1260,8287,CCC/C=C1/OC(=O)c2c(O)cccc21,STP01258,成功（100条，已去重）,100,1.0,1.0,1.0,molecule_ID精确匹配,全量源表未提供可核验SMILES；仅保留Swiss原始SMILES供原始行号审计
3466,8288,COc1cc(/C=C/COC(=O)/C=C/c2ccc(O)c(OC)c2)ccc1O,STP03460,成功（100条，已去重）,100,2.0,1.0,1.0,molecule_ID精确匹配,全量源表未提供可核验SMILES；仅保留Swiss原始SMILES供原始行号审计
3486,8293,CC1=CC=CC(C)(C)[C@@H]1C,STP03480,成功（100条，已去重）,100,1.0,1.0,1.0,molecule_ID精确匹配,全量源表未提供可核验SMILES；仅保留Swiss原始SMILES供原始行号审计
786,8295,COc1cc([C@@H](O)[C@H](C)Oc2c(OC)cc(/C=C/CO)cc2OC)ccc1O,STP00785,成功（100条，已去重）,100,1.0,1.0,1.0,molecule_ID精确匹配,全量源表未提供可核验SMILES；仅保留Swiss原始SMILES供原始行号审计
1708,8297,C=C(C)C(=O)O,STP01704,成功（100条，已去重）,100,1.0,1.0,1.0,molecule_ID精确匹配,全量源表未提供可核验SMILES；仅保留Swiss原始SMILES供原始行号审计
590,8298,C=C(C)[C@H]1Cc2cc(C(C)=O)ccc2O1,STP00589,成功（100条，已去重）,100,1.0,1.0,1.0,molecule_ID精确匹配,全量源表未提供可核验SMILES；仅保留Swiss原始SMILES供原始行号审计
4154,8301,CC1(C)CCC[C@@]23C=C[C@@](C)(CC=C12)CC3,STP04147,成功（100条，已去重）,100,1.0,1.0,1.0,molecule_ID精确匹配,全量源表未提供可核验SMILES；仅保留Swiss原始SMILES供原始行号审计
319,8303,Cc1cc(O)c2c(c1)C(C)(C)CCC[C@@H]2C,STP00318,成功（100条，已去重）,100,1.0,1.0,1.0,molecule_ID精确匹配,全量源表未提供可核验SMILES；仅保留Swiss原始SMILES供原始行号审计
51,8304,Cc1cc(O)c(O)c2c1[C@@H](C)CCC2=O,STP00050,成功（100条，已去重）,100,1.0,1.0,1.0,molecule_ID精确匹配,全量源表未提供可核验SMILES；仅保留Swiss原始SMILES供原始行号审计
3508,8312,COc1cc([C@H](O)[C@H](COC(C)=O)Oc2c(OC)cc(/C=C/CO)cc2OC)ccc1O,STP03502,成功（100条，已去重）,100,1.0,1.0,1.0,molecule_ID精确匹配,全量源表未提供可核验SMILES；仅保留Swiss原始SMILES供原始行号审计
3833,8314,CCc1cccc2ccccc12,STP03827,成功（100条，已去重）,100,1.0,1.0,1.0,molecule_ID精确匹配,全量源表未提供可核验SMILES；仅保留Swiss原始SMILES供原始行号审计
3005,8321,CC(=O)c1cc2cc([C@@](C)(O)CO)oc2cc1O,STP03000,成功（100条，已去重）,100,1.0,1.0,1.0,molecule_ID精确匹配,全量源表未提供可核验SMILES；仅保留Swiss原始SMILES供原始行号审计
2914,8322,CC1=NC(C#N)=C(C#N)N=C(c2ccccc2)C1,STP02909,成功（100条，已去重）,100,1.0,1.0,1.0,molecule_ID精确匹配,全量源表未提供可核验SMILES；仅保留Swiss原始SMILES供原始行号审计
1843,8329,C=C(C)[C@H]1CC[C@H](C)[C@@H](O)C1,STP01838,成功（100条，已去重）,100,2.0,1.0,1.0,molecule_ID精确匹配,全量源表未提供可核验SMILES；仅保留Swiss原始SMILES供原始行号审计
3866,8333,CCCCCCC[C@@H](C)CCCC/C=C\OC(C)=O,STP03860,成功（100条，已去重）,100,1.0,1.0,1.0,molecule_ID精确匹配,全量源表未提供可核验SMILES；仅保留Swiss原始SMILES供原始行号审计
2583,834,OC[C@H]1O[C@@](O)(CO)[C@@H](O)[C@@H]1O,STP02578,成功（100条，已去重）,100,1.0,1.0,1.0,molecule_ID精确匹配,全量源表未提供可核验SMILES；仅保留Swiss原始SMILES供原始行号审计
1554,8342,O[C@@H]1CCC[C@H]1O,STP01551,成功（100条，已去重）,100,1.0,1.0,1.0,molecule_ID精确匹配,全量源表未提供可核验SMILES；仅保留Swiss原始SMILES供原始行号审计
3258,835,CCO[C@@]1(CO)O[C@H](CO)[C@@H](O)[C@@H]1O,STP03252,成功（100条，已去重）,100,3.0,1.0,1.0,molecule_ID精确匹配,全量源表未提供可核验SMILES；仅保留Swiss原始SMILES供原始行号审计
3477,836,CCO[C@]1(CO)O[C@H](CO)[C@@H](O)[C@@H]1O,STP03471,成功（100条，已去重）,100,2.0,1.0,1.0,molecule_ID精确匹配,全量源表未提供可核验SMILES；仅保留Swiss原始SMILES供原始行号审计
3031,8361,CSC(C)C,STP03026,成功（100条，已去重）,100,1.0,1.0,1.0,molecule_ID精确匹配,全量源表未提供可核验SMILES；仅保留Swiss原始SMILES供原始行号审计
4042,8365,CCCCSSCCC,STP04035,成功（100条，已去重）,100,1.0,1.0,1.0,molecule_ID精确匹配,全量源表未提供可核验SMILES；仅保留Swiss原始SMILES供原始行号审计
328,837,C=C1CCC(C(C)C)=C[C@H]2[C@H]1CC[C@]2(C)O,STP00327,成功（100条，已去重）,100,1.0,1.0,1.0,molecule_ID精确匹配,全量源表未提供可核验SMILES；仅保留Swiss原始SMILES供原始行号审计
1324,8378,COc1ccccc1Oc1ccccc1O,STP01322,成功（100条，已去重）,100,2.0,1.0,1.0,molecule_ID精确匹配,全量源表未提供可核验SMILES；仅保留Swiss原始SMILES供原始行号审计
3026,8380,COc1cc(/C=C\COC(=O)C[C@](C)(O)CC(=O)O)cc(OC)c1O,STP03021,成功（100条，已去重）,100,1.0,1.0,1.0,molecule_ID精确匹配,全量源表未提供可核验SMILES；仅保留Swiss原始SMILES供原始行号审计
218,8382,COc1cc(/C=C\Cc2c(/C=C\CO)cc(OC)c(O)c2OC)cc(OC)c1O,STP00217,成功（100条，已去重）,100,1.0,1.0,1.0,molecule_ID精确匹配,全量源表未提供可核验SMILES；仅保留Swiss原始SMILES供原始行号审计
2985,8387,Cc1ccc2[nH]c3ccccc3c2c1,STP02980,成功（100条，已去重）,100,1.0,1.0,1.0,molecule_ID精确匹配,全量源表未提供可核验SMILES；仅保留Swiss原始SMILES供原始行号审计
3320,8390,COc1cc(O)c(Cc2ccc(O)cc2)c(/C=C/c2ccccc2)c1Cc1ccc(O)cc1,STP03314,成功（100条，已去重）,100,1.0,1.0,1.0,molecule_ID精确匹配,全量源表未提供可核验SMILES；仅保留Swiss原始SMILES供原始行号审计
830,8395,COc1ccc([C@@H]2[C@@H](O)[C@H](O)[C@@H](C)N2C)cc1OC,STP00829,成功（100条，已去重）,100,1.0,1.0,1.0,molecule_ID精确匹配,全量源表未提供可核验SMILES；仅保留Swiss原始SMILES供原始行号审计
1685,8396,COc1c(O)c2c3c(c1OC)CCc1cc(O)cc(c1-3)OC2,STP01681,成功（100条，已去重）,100,1.0,1.0,1.0,molecule_ID精确匹配,全量源表未提供可核验SMILES；仅保留Swiss原始SMILES供原始行号审计
335,840,CC1=C2[C@@H](CC1)[C@@]1(C)CC[C@](C(C)C)(O1)[C@H]2O,STP00334,成功（100条，已去重）,100,1.0,1.0,1.0,molecule_ID精确匹配,全量源表未提供可核验SMILES；仅保留Swiss原始SMILES供原始行号审计
239,8400,COc1cc2c(=O)c(-c3ccc(O)cc3)coc2cc1O,STP00238,成功（100条，已去重）,100,4.0,1.0,1.0,molecule_ID精确匹配,全量源表未提供可核验SMILES；仅保留Swiss原始SMILES供原始行号审计
4009,8404,C[S@@](=O)CC[C@H](N)C(=O)O,STP04002,成功（100条，已去重）,100,2.0,1.0,1.0,molecule_ID精确匹配,全量源表未提供可核验SMILES；仅保留Swiss原始SMILES供原始行号审计
3290,8405,C=C1C(=O)O[C@H]2[C@H]1[C@H](OC(C)=O)CC(=C)[C@H](OO)CC[C@@]1(C)O[C@H]21,STP03284,成功（100条，已去重）,100,1.0,1.0,1.0,molecule_ID精确匹配,全量源表未提供可核验SMILES；仅保留Swiss原始SMILES供原始行号审计
3171,8409,C=C[C@H](O)c1cc(OC)c(O[C@@H]2O[C@H](CO)[C@@H](O)[C@H](O)[C@H]2O)c(OC)c1,STP03166,成功（100条，已去重）,100,1.0,1.0,1.0,molecule_ID精确匹配,全量源表未提供可核验SMILES；仅保留Swiss原始SMILES供原始行号审计
1596,8410,C=C[C@@H](O)c1cc(OC)c(O)c(OC)c1,STP01593,成功（100条，已去重）,100,1.0,1.0,1.0,molecule_ID精确匹配,全量源表未提供可核验SMILES；仅保留Swiss原始SMILES供原始行号审计
2726,8419,CC[C@H](O)[C@H]1C[C@@H](O)C(C)(C)C1(C)C,STP02721,成功（100条，已去重）,100,1.0,1.0,1.0,molecule_ID精确匹配,全量源表未提供可核验SMILES；仅保留Swiss原始SMILES供原始行号审计
1137,8420,COc1cc(O)cc(C(=O)O)c1C(=O)Cc1ccc(O)cc1,STP01136,成功（100条，已去重）,100,1.0,1.0,1.0,molecule_ID精确匹配,全量源表未提供可核验SMILES；仅保留Swiss原始SMILES供原始行号审计
2164,8421,C[C@H]1C(=O)c2c(O)cc(O)cc2O[C@@H]1c1ccc(O)c(O)c1,STP02159,成功（100条，已去重）,100,1.0,1.0,1.0,molecule_ID精确匹配,全量源表未提供可核验SMILES；仅保留Swiss原始SMILES供原始行号审计
3538,8423,O=C1CC[C@@H](O[C@H]2O[C@@H](CO)[C@H](O)[C@@H](O)[C@@H]2O)c2cccc(O)c21,STP03532,成功（100条，已去重）,100,1.0,1.0,1.0,molecule_ID精确匹配,全量源表未提供可核验SMILES；仅保留Swiss原始SMILES供原始行号审计
1242,8424,O=C1CC[C@@H](O)c2cccc(O)c21,STP01240,成功（100条，已去重）,100,1.0,1.0,1.0,molecule_ID精确匹配,全量源表未提供可核验SMILES；仅保留Swiss原始SMILES供原始行号审计
2150,8426,COc1cc(O)cc2c1C(=O)[C@@](O)(Cc1ccc(O)cc1)O2,STP02145,成功（100条，已去重）,100,1.0,1.0,1.0,molecule_ID精确匹配,全量源表未提供可核验SMILES；仅保留Swiss原始SMILES供原始行号审计
2235,8428,O=c1c2c(oc3cc(O)cc(O)c13)-c1ccc(O)c(O)c1CO2,STP02230,成功（100条，已去重）,100,1.0,1.0,1.0,molecule_ID精确匹配,全量源表未提供可核验SMILES；仅保留Swiss原始SMILES供原始行号审计
2689,843,OC[C@@H]1O[C@H](OC[C@H]2O[C@@H](O[C@@H]3[C@@H](O[C@@]4(CO)O[C@H](CO)[C@@H](O)[C@@H]4O)O[C@@H](CO)[C@H](O)[C@H]3O)[C@H](O)[C@@H](O)[C@@H]2O)[C@@H](O)[C@H](O)[C@H]1O,STP02684,成功（100条，已去重）,100,1.0,1.0,1.0,molecule_ID精确匹配,全量源表未提供可核验SMILES；仅保留Swiss原始SMILES供原始行号审计
2095,8430,Cc1c(-c2ccc(O)cc2)oc2cc(O)cc(O)c2c1=O,STP02090,成功（100条，已去重）,100,1.0,1.0,1.0,molecule_ID精确匹配,全量源表未提供可核验SMILES；仅保留Swiss原始SMILES供原始行号审计
2098,8431,Oc1ccc([C@H]2Oc3c(ccc(O)c3O)C[C@@H]2O)cc1O,STP02093,成功（100条，已去重）,100,1.0,1.0,1.0,molecule_ID精确匹配,全量源表未提供可核验SMILES；仅保留Swiss原始SMILES供原始行号审计
2071,8432,Oc1ccc2c(c1)O[C@H](c1ccc(O)c(O)c1)[C@@H](O)C2,STP02066,成功（100条，已去重）,100,1.0,1.0,1.0,molecule_ID精确匹配,全量源表未提供可核验SMILES；仅保留Swiss原始SMILES供原始行号审计
1166,8434,CC(C)=CCC[C@@H](C)C1=CC=C(C)CC1,STP01165,成功（100条，已去重）,100,3.0,1.0,1.0,molecule_ID精确匹配,全量源表未提供可核验SMILES；仅保留Swiss原始SMILES供原始行号审计
3897,8436,C[C@@H]1O[C@@H](Oc2cc(O)c3c(=O)c(O)c(-c4ccc(O)cc4)oc3c2)[C@H](O)[C@H](O)[C@H]1O,STP03890,成功（100条，已去重）,100,2.0,1.0,1.0,molecule_ID精确匹配,全量源表未提供可核验SMILES；仅保留Swiss原始SMILES供原始行号审计
389,8437,C=C[C@]1(C)CC[C@@H](C(C)(C)O)O1,STP00388,成功（100条，已去重）,100,4.0,1.0,1.0,molecule_ID精确匹配,全量源表未提供可核验SMILES；仅保留Swiss原始SMILES供原始行号审计
3581,8450,Oc1cc(O)c2cc(O[C@@H]3O[C@@H](O)[C@@H](O)[C@@H](O)[C@@H]3O)c(-c3ccc(O)c(O)c3)[o+]c2c1,STP03575,成功（100条，已去重）,100,1.0,1.0,1.0,molecule_ID精确匹配,全量源表未提供可核验SMILES；仅保留Swiss原始SMILES供原始行号审计
2422,8451,COC(=O)c1c(C)cc(O)c(C)c1O,STP02417,成功（100条，已去重）,100,2.0,1.0,1.0,molecule_ID精确匹配,全量源表未提供可核验SMILES；仅保留Swiss原始SMILES供原始行号审计
1479,8452,COC(=O)c1c(C)cc(OC)cc1OC,STP01476,成功（100条，已去重）,100,1.0,1.0,1.0,molecule_ID精确匹配,全量源表未提供可核验SMILES；仅保留Swiss原始SMILES供原始行号审计
2671,8453,CC(=O)c1c(O)c(C)c(O)c2c1OC1=CC(=O)[C@H](C(C)=O)C(=O)[C@@]12C,STP02666,成功（100条，已去重）,100,1.0,1.0,1.0,molecule_ID精确匹配,全量源表未提供可核验SMILES；仅保留Swiss原始SMILES供原始行号审计
2396,8456,COc1cc(/C=C2/C(=O)OC[C@@H]2Cc2ccc3c(c2)OCO3)cc(OC)c1OC,STP02391,成功（100条，已去重）,100,1.0,1.0,1.0,molecule_ID精确匹配,全量源表未提供可核验SMILES；仅保留Swiss原始SMILES供原始行号审计
557,8457,COC(=O)C1=CO[C@@H](C)[C@@H]2CN3CCc4c([nH]c5ccccc45)[C@@H]3C[C@H]12,STP00556,成功（100条，已去重）,100,2.0,1.0,1.0,molecule_ID精确匹配,全量源表未提供可核验SMILES；仅保留Swiss原始SMILES供原始行号审计
3495,846,CC(C)C1=C[C@H]2[C@@H](CC[C@@]2(C)O)/C(=C\S(=O)(=O)O)CC1,STP03489,成功（100条，已去重）,100,1.0,1.0,1.0,molecule_ID精确匹配,全量源表未提供可核验SMILES；仅保留Swiss原始SMILES供原始行号审计
616,8462,C=C[C@H]1[C@H](O)OC=C2C(=O)N3CCc4c([nH]c5ccccc45)[C@H]3C[C@H]21,STP00615,成功（100条，已去重）,100,1.0,1.0,1.0,molecule_ID精确匹配,全量源表未提供可核验SMILES；仅保留Swiss原始SMILES供原始行号审计
989,8463,COC(=O)C1=CO[C@@H](C)[C@@H]2CN3CC[C@]4(C(=O)Nc5ccccc54)[C@@H]3C[C@H]12,STP00988,成功（100条，已去重）,100,1.0,1.0,1.0,molecule_ID精确匹配,全量源表未提供可核验SMILES；仅保留Swiss原始SMILES供原始行号审计
149,8465,CC[C@H]1CN2CCc3c([nH]c4ccccc34)[C@H]2C[C@@H]1/C(=C\OC)C(=O)OC,STP00148,成功（100条，已去重）,100,1.0,1.0,1.0,molecule_ID精确匹配,全量源表未提供可核验SMILES；仅保留Swiss原始SMILES供原始行号审计
504,8466,CC[C@H]1CN2CCc3c([nH]c4ccccc34)[C@]2(C)C[C@@H]1/C(=C\OC)C(=O)OC,STP00503,成功（100条，已去重）,100,1.0,1.0,1.0,molecule_ID精确匹配,全量源表未提供可核验SMILES；仅保留Swiss原始SMILES供原始行号审计
938,8467,CC(=O)C1=CO[C@H](C)[C@H]2CN3CC[C@]4(C(=O)Nc5ccccc54)[C@@H]3C[C@H]12,STP00937,成功（100条，已去重）,100,1.0,1.0,1.0,molecule_ID精确匹配,全量源表未提供可核验SMILES；仅保留Swiss原始SMILES供原始行号审计
150,8468,C/C=C1\CN2CCc3c([nH]c4ccccc34)[C@@H]2C[C@@H]1/C(=C\OC)C(=O)OC,STP00149,成功（100条，已去重）,100,1.0,1.0,1.0,molecule_ID精确匹配,全量源表未提供可核验SMILES；仅保留Swiss原始SMILES供原始行号审计
893,8470,COC(=O)C1=CO[C@@H](C)[C@@H]2CN3CC[C@@]4(C(=O)Nc5ccccc54)[C@@H]3C[C@H]12,STP00892,成功（100条，已去重）,100,1.0,1.0,1.0,molecule_ID精确匹配,全量源表未提供可核验SMILES；仅保留Swiss原始SMILES供原始行号审计
972,8475,C[C@@H]1OC=C(C(=O)O)[C@H]2C[C@@H]3N(CC[C@]34C(=O)Nc3ccccc34)C[C@H]12,STP00971,成功（100条，已去重）,100,1.0,1.0,1.0,molecule_ID精确匹配,全量源表未提供可核验SMILES；仅保留Swiss原始SMILES供原始行号审计
2682,8476,C=C[C@H]1[C@H](C)CC=C(C(=O)OC)[C@@H]1Cc1nc(C(=O)OCC)cc2c1[nH]c1ccccc12,STP02677,成功（100条，已去重）,100,1.0,1.0,1.0,molecule_ID精确匹配,全量源表未提供可核验SMILES；仅保留Swiss原始SMILES供原始行号审计
552,8478,C=C[C@H]1CN2CCc3c([nH]c4ccccc34)[C@@H]2C[C@@H]1/C(=C\OC)C(=O)OC,STP00551,成功（100条，已去重）,100,1.0,1.0,1.0,molecule_ID精确匹配,全量源表未提供可核验SMILES；仅保留Swiss原始SMILES供原始行号审计
996,8481,C[C@H]1OC=C(C(=O)O)[C@H]2C[C@@H]3N(CC[C@@]34C(=O)Nc3ccccc34)C[C@@H]21,STP00995,成功（100条，已去重）,100,1.0,1.0,1.0,molecule_ID精确匹配,全量源表未提供可核验SMILES；仅保留Swiss原始SMILES供原始行号审计
709,8482,C/C=C(/C=O)[C@@H]1C[C@@H]2c3[nH]c4ccccc4c3CCN2C=C1C(=O)OC,STP00708,成功（100条，已去重）,100,1.0,1.0,1.0,molecule_ID精确匹配,全量源表未提供可核验SMILES；仅保留Swiss原始SMILES供原始行号审计
1646,8484,C=C[C@H]1[C@H](O)OC=C2C(=O)N3CC[C@@H]4Cc5ccccc5N[C@H]4[C@H]3C[C@H]21,STP01642,成功（100条，已去重）,100,1.0,1.0,1.0,molecule_ID精确匹配,全量源表未提供可核验SMILES；仅保留Swiss原始SMILES供原始行号审计
3687,8485,C=C[C@H]1[C@H](C)OC=C(C(=O)O)[C@H]1CCc1cnc(C[C@H]2C(C(=O)OC)=CO[C@@H](C)[C@@H]2C=C)c2[nH]c3ccccc3c12,STP03681,成功（100条，已去重）,100,1.0,1.0,1.0,molecule_ID精确匹配,全量源表未提供可核验SMILES；仅保留Swiss原始SMILES供原始行号审计
147,8487,COc1cc2c(cc1O)CCN1CC3=CCCC[C@@]3(C(C)=O)[C@H]21,STP00146,成功（100条，已去重）,100,1.0,1.0,1.0,molecule_ID精确匹配,全量源表未提供可核验SMILES；仅保留Swiss原始SMILES供原始行号审计
125,8488,COC(=O)[C@@H]1[C@H]2C[C@H]3c4[nH]c5ccccc5c4CCN3C[C@@H]2CC[C@@H]1O,STP00124,成功（100条，已去重）,100,2.0,1.0,1.0,molecule_ID精确匹配,全量源表未提供可核验SMILES；仅保留Swiss原始SMILES供原始行号审计
549,8489,C=C[C@H]1CN2CCc3c([nH]c4ccccc34)[C@H]2C[C@@H]1/C(=C\OC)C(=O)OC,STP00548,成功（100条，已去重）,100,1.0,1.0,1.0,molecule_ID精确匹配,全量源表未提供可核验SMILES；仅保留Swiss原始SMILES供原始行号审计
522,8490,C=C[C@H]1CN2CCc3c([nH]c4ccccc34)[C@H]2C[C@@H]1/C(=C\OC)C(=O)O,STP00521,成功（100条，已去重）,100,1.0,1.0,1.0,molecule_ID精确匹配,全量源表未提供可核验SMILES；仅保留Swiss原始SMILES供原始行号审计
1855,8494,COc1c(O)cc2c(=O)oc3c(OC)c(O)cc4c(=O)oc1c2c34,STP01850,成功（100条，已去重）,100,3.0,1.0,1.0,molecule_ID精确匹配,全量源表未提供可核验SMILES；仅保留Swiss原始SMILES供原始行号审计
3711,8495,O=c1c(O)c(-c2ccc(O)cc2)oc2cc(O)cc(O[C@@H]3O[C@H](CO)[C@@H](O)[C@@H]3O)c12,STP03705,成功（100条，已去重）,100,1.0,1.0,1.0,molecule_ID精确匹配,全量源表未提供可核验SMILES；仅保留Swiss原始SMILES供原始行号审计
3142,8503,C=C1C(=O)O[C@@H]2/C=C(/C)[C@@H](OC(C)=O)C/C=C(\C)C[C@@H](OC(=O)/C(=C/CO)CO)[C@@H]12,STP03137,成功（100条，已去重）,100,1.0,1.0,1.0,molecule_ID精确匹配,全量源表未提供可核验SMILES；仅保留Swiss原始SMILES供原始行号审计
2121,8504,Cc1cc(O)cc(-c2coc3cc(O)cc(O)c3c2=O)c1,STP02116,成功（100条，已去重）,100,1.0,1.0,1.0,molecule_ID精确匹配,全量源表未提供可核验SMILES；仅保留Swiss原始SMILES供原始行号审计
2779,8505,COc1c(O)cc2c(c1OC)-c1c(cc(O)c(OC)c1OC)C[C@@](C)(O)[C@@H](C)C2,STP02774,成功（100条，已去重）,100,1.0,1.0,1.0,molecule_ID精确匹配,全量源表未提供可核验SMILES；仅保留Swiss原始SMILES供原始行号审计
3487,8511,O=c1cc(-c2ccc(O)cc2)oc2c([C@H]3O[C@@H](CO)[C@H](O)[C@@H](O)[C@@H]3O)c(O)cc(O)c12,STP03481,成功（100条，已去重）,100,1.0,1.0,1.0,molecule_ID精确匹配,全量源表未提供可核验SMILES；仅保留Swiss原始SMILES供原始行号审计
901,8515,C=C[C@@H]1COC(=O)c2cnccc21,STP00900,成功（100条，已去重）,100,1.0,1.0,1.0,molecule_ID精确匹配,全量源表未提供可核验SMILES；仅保留Swiss原始SMILES供原始行号审计
1832,8526,CC1=CC(=O)[C@@H]2[C@H]1[C@@H]1OC(=O)[C@H](C)[C@@H]1CC[C@H]2C,STP01827,成功（100条，已去重）,100,1.0,1.0,1.0,molecule_ID精确匹配,全量源表未提供可核验SMILES；仅保留Swiss原始SMILES供原始行号审计
4072,8530,O=c1ccc2cc(O)c(O[C@@H]3O[C@H](CO)[C@@H](O)[C@H](O)[C@H]3O)cc2o1,STP04065,成功（100条，已去重）,100,1.0,1.0,1.0,molecule_ID精确匹配,全量源表未提供可核验SMILES；仅保留Swiss原始SMILES供原始行号审计
3322,8535,C=C1C(=O)O[C@H]2[C@H]3C(CO)=CC(=O)C3=C(C)C[C@@H](O)[C@@H]12,STP03316,成功（100条，已去重）,100,1.0,1.0,1.0,molecule_ID精确匹配,全量源表未提供可核验SMILES；仅保留Swiss原始SMILES供原始行号审计
3106,8537,C=C1C(=O)O[C@@H]2[C@@H]3C(CO)=CC(=O)C3=C(C)C[C@@H](OC(=O)Cc3ccc(O)cc3)[C@H]12,STP03101,成功（100条，已去重）,100,1.0,1.0,1.0,molecule_ID精确匹配,全量源表未提供可核验SMILES；仅保留Swiss原始SMILES供原始行号审计
697,8539,C=CCc1ccc(O)c(-c2cc(C[C@@H](O)CO)ccc2O)c1,STP00696,成功（100条，已去重）,100,1.0,1.0,1.0,molecule_ID精确匹配,全量源表未提供可核验SMILES；仅保留Swiss原始SMILES供原始行号审计
3564,8547,CC1=C2C(=O)C=C(CO)[C@@H]2[C@H]2OC(=O)[C@@H](C)[C@@H]2[C@@H](O)C1,STP03558,成功（100条，已去重）,100,1.0,1.0,1.0,molecule_ID精确匹配,全量源表未提供可核验SMILES；仅保留Swiss原始SMILES供原始行号审计
1983,8550,Cc1cc(O)c2cc(O)c(-c3ccc(O)c(O)c3)[o+]c2c1,STP01978,成功（100条，已去重）,100,1.0,1.0,1.0,molecule_ID精确匹配,全量源表未提供可核验SMILES；仅保留Swiss原始SMILES供原始行号审计
3796,8552,O=c1ccc2cc(O[C@H]3O[C@H](CO)[C@@H](O)[C@H](O)[C@H]3O)c(O)cc2o1,STP03790,成功（100条，已去重）,100,1.0,1.0,1.0,molecule_ID精确匹配,全量源表未提供可核验SMILES；仅保留Swiss原始SMILES供原始行号审计
347,8555,COC(=O)Cc1ccc(O)cc1,STP00346,成功（100条，已去重）,100,1.0,1.0,1.0,molecule_ID精确匹配,全量源表未提供可核验SMILES；仅保留Swiss原始SMILES供原始行号审计
2284,8566,COc1cc([C@@H]2OC(=O)[C@H]3[C@@H]2CO[C@H]3c2ccc(O)c(OC)c2)ccc1O,STP02279,成功（100条，已去重）,100,1.0,1.0,1.0,molecule_ID精确匹配,全量源表未提供可核验SMILES；仅保留Swiss原始SMILES供原始行号审计
3716,857,NC(=O)c1cccnc1,STP03710,成功（100条，已去重）,100,5.0,1.0,1.0,molecule_ID精确匹配,全量源表未提供可核验SMILES；仅保留Swiss原始SMILES供原始行号审计
2255,8570,COc1ccc2c(c1)[nH]c1c(C)nccc12,STP02250,成功（100条，已去重）,100,1.0,1.0,1.0,molecule_ID精确匹配,全量源表未提供可核验SMILES；仅保留Swiss原始SMILES供原始行号审计
2604,8588,COc1cc(/C=C\C(=O)NCC(=O)c2ccc(O)cc2)ccc1O,STP02599,成功（100条，已去重）,100,1.0,1.0,1.0,molecule_ID精确匹配,全量源表未提供可核验SMILES；仅保留Swiss原始SMILES供原始行号审计
3087,8596,COc1c(O)c2ccccc2c2oc3c(c12)C(=O)c1ccccc1C3=O,STP03082,成功（100条，已去重）,100,1.0,1.0,1.0,molecule_ID精确匹配,全量源表未提供可核验SMILES；仅保留Swiss原始SMILES供原始行号审计
2808,8598,CC/C=C\C/C=C\C/C=C\C/C=C\C/C=C\CCCC(=O)OC,STP02803,成功（100条，已去重）,100,1.0,1.0,1.0,molecule_ID精确匹配,全量源表未提供可核验SMILES；仅保留Swiss原始SMILES供原始行号审计
2994,860,CCCCCCCCCCCCCCCCCC(=O)O,STP02989,成功（100条，已去重）,100,148.0,1.0,1.0,molecule_ID精确匹配,全量源表未提供可核验SMILES；仅保留Swiss原始SMILES供原始行号审计
3912,8601,CCCCC/C=C\C/C=C\C/C=C\C/C=C\CCCC(=O)OC,STP03905,成功（100条，已去重）,100,2.0,1.0,1.0,molecule_ID精确匹配,全量源表未提供可核验SMILES；仅保留Swiss原始SMILES供原始行号审计
2265,8614,C/C=C/CC/C(C)=C/CC/C(C)=C(\C)CC/C(C)=C/CO,STP02260,成功（100条，已去重）,100,1.0,1.0,1.0,molecule_ID精确匹配,全量源表未提供可核验SMILES；仅保留Swiss原始SMILES供原始行号审计
386,8628,COc1ccc(C[C@@H]2c3ccc(OC)cc3CCN2C)cc1,STP00385,成功（100条，已去重）,100,1.0,1.0,1.0,molecule_ID精确匹配,全量源表未提供可核验SMILES；仅保留Swiss原始SMILES供原始行号审计
2907,8630,C[C@@]12c3ccc4c(c3CC[C@@H]1c1cc3c(cc1C[C@H]2O)OCO3)OCO4,STP02902,成功（100条，已去重）,100,1.0,1.0,1.0,molecule_ID精确匹配,全量源表未提供可核验SMILES；仅保留Swiss原始SMILES供原始行号审计
3287,8631,CN1Cc2c(ccc3c2OCO3)[C@]2(C)[C@H](O)[C@H](O)c3cc4c(cc3[C@H]12)OCO4,STP03281,成功（100条，已去重）,100,1.0,1.0,1.0,molecule_ID精确匹配,全量源表未提供可核验SMILES；仅保留Swiss原始SMILES供原始行号审计
3081,8632,COC(=O)[C@@H]1Cc2cc3c(cc2C2=NCc4c(ccc5c4OCO5)[C@]21C)OCO3,STP03076,成功（100条，已去重）,100,1.0,1.0,1.0,molecule_ID精确匹配,全量源表未提供可核验SMILES；仅保留Swiss原始SMILES供原始行号审计
1198,8633,COc1cc2c(cc1O)[C@@H]1Cc3ccc4c(c3CN1CC2)OCO4,STP01196,成功（100条，已去重）,100,1.0,1.0,1.0,molecule_ID精确匹配,全量源表未提供可核验SMILES；仅保留Swiss原始SMILES供原始行号审计
482,8634,C[C@@H]1C(=O)c2cc3c(cc2CCN(C)Cc2c1ccc1c2OCO1)OCO3,STP00481,成功（100条，已去重）,100,1.0,1.0,1.0,molecule_ID精确匹配,全量源表未提供可核验SMILES；仅保留Swiss原始SMILES供原始行号审计
665,8635,COC(=O)[C@@H]1[C@H]2C[C@H]3c4[nH]c5ccccc5c4CCN3C[C@@H]2CC[C@H]1O,STP00664,成功（100条，已去重）,100,2.0,1.0,1.0,molecule_ID精确匹配,全量源表未提供可核验SMILES；仅保留Swiss原始SMILES供原始行号审计
1392,8636,CN1Cc2c(ccc3c2OCO3)[C@]2(C)[C@H](O)Cc3cc4c(cc3[C@H]12)OCO4,STP01390,成功（100条，已去重）,100,1.0,1.0,1.0,molecule_ID精确匹配,全量源表未提供可核验SMILES；仅保留Swiss原始SMILES供原始行号审计
3053,8637,C[C@]12c3ccc4c(c3CN[C@H]1c1cc3c(cc1C[C@@H]2O)OCO3)OCO4,STP03048,成功（100条，已去重）,100,1.0,1.0,1.0,molecule_ID精确匹配,全量源表未提供可核验SMILES；仅保留Swiss原始SMILES供原始行号审计
1405,8638,CN1Cc2c(ccc3c2OCO3)[C@@]2(C)[C@H](O)Cc3cc4c(cc3[C@@H]12)OCO4,STP01403,成功（100条，已去重）,100,1.0,1.0,1.0,molecule_ID精确匹配,全量源表未提供可核验SMILES；仅保留Swiss原始SMILES供原始行号审计
1449,8639,CN1Cc2c(ccc3c2OCO3)[C@@]2(C)[C@@H]1c1cc3c(cc1C[C@@H]2O)OCO3,STP01446,成功（100条，已去重）,100,1.0,1.0,1.0,molecule_ID精确匹配,全量源表未提供可核验SMILES；仅保留Swiss原始SMILES供原始行号审计
731,8640,CN1Cc2c(ccc3c2OCO3)[C@@]2(C)OCc3cc4c(cc3[C@H]12)OCO4,STP00730,成功（100条，已去重）,100,1.0,1.0,1.0,molecule_ID精确匹配,全量源表未提供可核验SMILES；仅保留Swiss原始SMILES供原始行号审计
2373,8641,c1cc2c(cnc3c4cc5c(cc4ccc23)OCO5)c2c1OCO2,STP02368,成功（100条，已去重）,100,1.0,1.0,1.0,molecule_ID精确匹配,全量源表未提供可核验SMILES；仅保留Swiss原始SMILES供原始行号审计
1108,8642,COc1ccc2c(c1)[C@@H](Cc1ccc(O)cc1)NCC2,STP01107,成功（100条，已去重）,100,1.0,1.0,1.0,molecule_ID精确匹配,全量源表未提供可核验SMILES；仅保留Swiss原始SMILES供原始行号审计
2722,8643,CN1c2c(ccc3cc4c(cc23)OCO4)-c2ccc3c(c2[C@H]1CC(=O)O)OCO3,STP02717,成功（100条，已去重）,100,1.0,1.0,1.0,molecule_ID精确匹配,全量源表未提供可核验SMILES；仅保留Swiss原始SMILES供原始行号审计
1365,8644,C[C@H]1c2ccc3c(c2CN2CCc4cc5c(cc4[C@H]12)OCO5)OCO3,STP01363,成功（100条，已去重）,100,1.0,1.0,1.0,molecule_ID精确匹配,全量源表未提供可核验SMILES；仅保留Swiss原始SMILES供原始行号审计
214,8645,COc1ccc2c(c1)[C@H](Cc1ccc(O)cc1)N(C)CC2,STP00213,成功（100条，已去重）,100,1.0,1.0,1.0,molecule_ID精确匹配,全量源表未提供可核验SMILES；仅保留Swiss原始SMILES供原始行号审计
1404,8646,CC(=O)C[C@H]1c2c(ccc3c2OCO3)-c2ccc3cc4c(cc3c2N1C)OCO4,STP01402,成功（100条，已去重）,100,1.0,1.0,1.0,molecule_ID精确匹配,全量源表未提供可核验SMILES；仅保留Swiss原始SMILES供原始行号审计
1452,8648,CC(=O)O[C@@H]1Cc2cc3c(cc2[C@@H]2NCc4c(ccc5c4OCO5)[C@@]12C)OCO3,STP01449,成功（100条，已去重）,100,1.0,1.0,1.0,molecule_ID精确匹配,全量源表未提供可核验SMILES；仅保留Swiss原始SMILES供原始行号审计
4127,8652,C[C@H]1OCCC1=O,STP04120,成功（100条，已去重）,100,2.0,1.0,1.0,molecule_ID精确匹配,全量源表未提供可核验SMILES；仅保留Swiss原始SMILES供原始行号审计
2501,8655,C=CC(C)(C)CC,STP02496,成功（57条，已去重）,57,1.0,1.0,1.0,molecule_ID精确匹配,全量源表未提供可核验SMILES；仅保留Swiss原始SMILES供原始行号审计
2310,8658,C[C@@H](O)CCO,STP02305,成功（100条，已去重）,100,5.0,1.0,1.0,molecule_ID精确匹配,全量源表未提供可核验SMILES；仅保留Swiss原始SMILES供原始行号审计
368,8663,CC(=O)C(C)=O,STP00367,成功（100条，已去重）,100,3.0,1.0,1.0,molecule_ID精确匹配,全量源表未提供可核验SMILES；仅保留Swiss原始SMILES供原始行号审计
1926,8669,CCCC[C@H](CC)C(=O)O,STP01921,成功（100条，已去重）,100,3.0,1.0,1.0,molecule_ID精确匹配,全量源表未提供可核验SMILES；仅保留Swiss原始SMILES供原始行号审计
1496,8671,COc1nccnc1CC(C)C,STP01493,成功（100条，已去重）,100,2.0,1.0,1.0,molecule_ID精确匹配,全量源表未提供可核验SMILES；仅保留Swiss原始SMILES供原始行号审计
2430,8678,CCC(O)CC,STP02425,成功（100条，已去重）,100,2.0,1.0,1.0,molecule_ID精确匹配,全量源表未提供可核验SMILES；仅保留Swiss原始SMILES供原始行号审计
2033,870,CCCCCCCCCCCCCCCCCCCCCCCCCCCCCCCCCCCC,STP02028,成功（100条，已去重）,100,12.0,1.0,1.0,molecule_ID精确匹配,全量源表未提供可核验SMILES；仅保留Swiss原始SMILES供原始行号审计
2864,8705,CCCC(=O)OCC,STP02859,成功（100条，已去重）,100,3.0,1.0,1.0,molecule_ID精确匹配,全量源表未提供可核验SMILES；仅保留Swiss原始SMILES供原始行号审计
3011,8707,CCOC(=O)C(C)C,STP03006,成功（100条，已去重）,100,4.0,1.0,1.0,molecule_ID精确匹配,全量源表未提供可核验SMILES；仅保留Swiss原始SMILES供原始行号审计
710,8716,COc1cc(C[C@@H](CO)c2cc(/C=C/CO)cc(O)c2O)ccc1O,STP00709,成功（100条，已去重）,100,1.0,1.0,1.0,molecule_ID精确匹配,全量源表未提供可核验SMILES；仅保留Swiss原始SMILES供原始行号审计
1721,8718,C[C@@H]1CC[C@H]2[C@H]1[C@H]1[C@H](C[C@@H]3O[C@@]32C)C1(C)C,STP01717,成功（100条，已去重）,100,1.0,1.0,1.0,molecule_ID精确匹配,全量源表未提供可核验SMILES；仅保留Swiss原始SMILES供原始行号审计
1568,8722,C=CC(C)=O,STP01565,成功（100条，已去重）,100,3.0,1.0,1.0,molecule_ID精确匹配,全量源表未提供可核验SMILES；仅保留Swiss原始SMILES供原始行号审计
1051,874,COc1ccc(C(C)=O)c(O)c1,STP01050,成功（100条，已去重）,100,28.0,1.0,1.0,molecule_ID精确匹配,全量源表未提供可核验SMILES；仅保留Swiss原始SMILES供原始行号审计
3059,8741,C/C=C(\C)CC,STP03054,成功（49条，已去重）,49,1.0,1.0,1.0,molecule_ID精确匹配,全量源表未提供可核验SMILES；仅保留Swiss原始SMILES供原始行号审计
1533,8744,C[C@H]1OC1(C)C,STP01530,成功（100条，已去重）,100,1.0,1.0,1.0,molecule_ID精确匹配,全量源表未提供可核验SMILES；仅保留Swiss原始SMILES供原始行号审计
1068,8746,C=C(C)/C=C/[C@@H]1C(C)(C)CCC[C@@]12CO2,STP01067,成功（100条，已去重）,100,1.0,1.0,1.0,molecule_ID精确匹配,全量源表未提供可核验SMILES；仅保留Swiss原始SMILES供原始行号审计
1044,875,C[C@@H]1CC[C@H]2C(C)(C)[C@H]3C[C@@]12CC[C@@]3(C)O,STP01043,成功（100条，已去重）,100,46.0,1.0,1.0,molecule_ID精确匹配,全量源表未提供可核验SMILES；仅保留Swiss原始SMILES供原始行号审计
3408,8752,COc1ccc2c(c1O)-c1cc(ccc1O)CCC(=O)O[C@H]1C[C@H]3CCCCN3[C@@H]2C1,STP03402,成功（100条，已去重）,100,1.0,1.0,1.0,molecule_ID精确匹配,全量源表未提供可核验SMILES；仅保留Swiss原始SMILES供原始行号审计
516,8754,C[C@@H]1C=C[C@@H]2[C@@H](C1)[C@H](C)CC[C@@H]2C,STP00515,成功（100条，已去重）,100,1.0,1.0,1.0,molecule_ID精确匹配,全量源表未提供可核验SMILES；仅保留Swiss原始SMILES供原始行号审计
3534,8757,COC(=O)C1=CO[C@H](O)[C@H]2[C@H](C)CC(=O)[C@@]12O,STP03528,成功（100条，已去重）,100,1.0,1.0,1.0,molecule_ID精确匹配,全量源表未提供可核验SMILES；仅保留Swiss原始SMILES供原始行号审计
3714,8759,C[C@H]1CC(=O)[C@H]2[C@@H](CC(=O)O)CO[C@H](O)[C@H]21,STP03708,成功（100条，已去重）,100,1.0,1.0,1.0,molecule_ID精确匹配,全量源表未提供可核验SMILES；仅保留Swiss原始SMILES供原始行号审计
343,8766,CC1(O)C=C(C(C)(C)C)C(=O)C(C(C)(C)C)=C1,STP00342,成功（100条，已去重）,100,3.0,1.0,1.0,molecule_ID精确匹配,全量源表未提供可核验SMILES；仅保留Swiss原始SMILES供原始行号审计
3488,8767,Cc1ccc2cc(C)ccc2c1,STP03482,成功（100条，已去重）,100,4.0,1.0,1.0,molecule_ID精确匹配,全量源表未提供可核验SMILES；仅保留Swiss原始SMILES供原始行号审计
3383,8768,CC(C)c1ccc2ccccc2c1,STP03377,成功（100条，已去重）,100,1.0,1.0,1.0,molecule_ID精确匹配,全量源表未提供可核验SMILES；仅保留Swiss原始SMILES供原始行号审计
3724,8772,CC1(C)CCC[C@]2(C)[C@H]3CC=C(C=O)C[C@H](O)[C@]3(C=O)CC[C@@H]12,STP03718,成功（100条，已去重）,100,1.0,1.0,1.0,molecule_ID精确匹配,全量源表未提供可核验SMILES；仅保留Swiss原始SMILES供原始行号审计
3518,8779,C=C1CC[C@@H]2[C@@](O)(C1)[C@H](CC(C)C)CC[C@@]2(C)O,STP03512,成功（100条，已去重）,100,1.0,1.0,1.0,molecule_ID精确匹配,全量源表未提供可核验SMILES；仅保留Swiss原始SMILES供原始行号审计
1021,878,CC(=O)CC/C=C(\C)CC/C=C(\C)CCC=C(C)C,STP01020,成功（100条，已去重）,100,14.0,1.0,1.0,molecule_ID精确匹配,全量源表未提供可核验SMILES；仅保留Swiss原始SMILES供原始行号审计
2924,8786,COc1cc2c(cc1OC)-c1c(OC)c3c(c4c1[C@@H](C2)N(C)CC4)OCO3,STP02919,成功（100条，已去重）,100,1.0,1.0,1.0,molecule_ID精确匹配,全量源表未提供可核验SMILES；仅保留Swiss原始SMILES供原始行号审计
4193,879,CCCCCCCCCCCCCCCC(=O)OC,STP04186,成功（100条，已去重）,100,77.0,1.0,1.0,molecule_ID精确匹配,全量源表未提供可核验SMILES；仅保留Swiss原始SMILES供原始行号审计
3503,8790,CCCCCCCC/C=C\C/C=C\CCCCC(=O)O,STP03497,成功（100条，已去重）,100,1.0,1.0,1.0,molecule_ID精确匹配,全量源表未提供可核验SMILES；仅保留Swiss原始SMILES供原始行号审计
2161,8792,Cn1c2c(O)cccc2c(=O)c2c(O)cc3c(c21)C=CC(C)(C)O3,STP02156,成功（100条，已去重）,100,1.0,1.0,1.0,molecule_ID精确匹配,全量源表未提供可核验SMILES；仅保留Swiss原始SMILES供原始行号审计
2919,8793,COC1=CC(=O)C[C@H]2/C=C\c3ccc4c(c3CN/C=C(/O)[C@@H]12)O[C@@H](C)O4,STP02914,成功（100条，已去重）,100,1.0,1.0,1.0,molecule_ID精确匹配,全量源表未提供可核验SMILES；仅保留Swiss原始SMILES供原始行号审计
382,8797,COc1ccc(C[C@@H]2c3cc(O)c(OC)cc3CCN2C)cc1O,STP00381,成功（100条，已去重）,100,1.0,1.0,1.0,molecule_ID精确匹配,全量源表未提供可核验SMILES；仅保留Swiss原始SMILES供原始行号审计
1092,8798,COc1ccc(C[C@H]2c3cc(O)c(OC)cc3CC[N+]2(C)C)cc1O,STP01091,成功（100条，已去重）,100,1.0,1.0,1.0,molecule_ID精确匹配,全量源表未提供可核验SMILES；仅保留Swiss原始SMILES供原始行号审计
1447,8799,COc1cc2c(cc1OC)-c1c(OC)c(OC)c(O)c3c1[C@H](C2)NCC3,STP01444,成功（100条，已去重）,100,1.0,1.0,1.0,molecule_ID精确匹配,全量源表未提供可核验SMILES；仅保留Swiss原始SMILES供原始行号审计
2915,8800,COc1cc2c(cc1OC)-c1c(OC)c(OC)c(O)c3c1[C@@H](C2)N(C)CC3,STP02910,成功（100条，已去重）,100,1.0,1.0,1.0,molecule_ID精确匹配,全量源表未提供可核验SMILES；仅保留Swiss原始SMILES供原始行号审计
2669,8805,COc1cc2c(cc1OC)-c1c(OC)c3c(c4ccnc(c14)C2=O)OCO3,STP02664,成功（100条，已去重）,100,1.0,1.0,1.0,molecule_ID精确匹配,全量源表未提供可核验SMILES；仅保留Swiss原始SMILES供原始行号审计
1505,8808,COc1cc2c(cc1OC)-c1c(OC)c(OC)c(OC)c3c1[C@@H](C2)N(C)CC3,STP01502,成功（100条，已去重）,100,1.0,1.0,1.0,molecule_ID精确匹配,全量源表未提供可核验SMILES；仅保留Swiss原始SMILES供原始行号审计
2268,8811,COc1c(O)ccc2cc3[n+](cc12)C[C@@H](O)c1cc2c(cc1-3)OCO2,STP02263,成功（100条，已去重）,100,1.0,1.0,1.0,molecule_ID精确匹配,全量源表未提供可核验SMILES；仅保留Swiss原始SMILES供原始行号审计
1185,8815,COc1ccc2c(c1)-c1c(OC)c(OC)cc3c1[C@H](C2)N(C)C=C3,STP01183,成功（100条，已去重）,100,1.0,1.0,1.0,molecule_ID精确匹配,全量源表未提供可核验SMILES；仅保留Swiss原始SMILES供原始行号审计
3342,882,CCCC(C)(C)c1ccccc1,STP03336,成功（100条，已去重）,100,3.0,1.0,1.0,molecule_ID精确匹配,全量源表未提供可核验SMILES；仅保留Swiss原始SMILES供原始行号审计
2777,883,CC1(C)CCC[C@H](O)C1,STP02772,成功（100条，已去重）,100,2.0,1.0,1.0,molecule_ID精确匹配,全量源表未提供可核验SMILES；仅保留Swiss原始SMILES供原始行号审计
571,8833,COc1cc2c(cc1O)C[C@H]1c3c(cc(OC)c(OC)c3-2)CC[N+]1(C)C,STP00570,成功（100条，已去重）,100,1.0,1.0,1.0,molecule_ID精确匹配,全量源表未提供可核验SMILES；仅保留Swiss原始SMILES供原始行号审计
1934,8842,C[C@H](CCC(=O)O)[C@H]1CC[C@H]2[C@@H]3[C@H](O)C[C@@H]4C[C@H](O)CC[C@]4(C)[C@H]3CC[C@]12C,STP01929,成功（100条，已去重）,100,1.0,1.0,1.0,molecule_ID精确匹配,全量源表未提供可核验SMILES；仅保留Swiss原始SMILES供原始行号审计
756,8843,COc1cc2ccn(C)c(=O)c2c(OC)c1O,STP00755,成功（100条，已去重）,100,1.0,1.0,1.0,molecule_ID精确匹配,全量源表未提供可核验SMILES；仅保留Swiss原始SMILES供原始行号审计
3546,8852,CC(C)C1=CC2=CC[C@H]3[C@](C)(CCC[C@@]3(C)C(=O)O)[C@H]2CC1,STP03540,成功（100条，已去重）,100,1.0,1.0,1.0,molecule_ID精确匹配,全量源表未提供可核验SMILES；仅保留Swiss原始SMILES供原始行号审计
3558,8854,CCCC[C@@H](CC)COC(=O)c1ccccc1C(=O)OC[C@@H](CC)CCCC,STP03552,成功（100条，已去重）,100,,,,未匹配,全量源表未提供可核验SMILES；仅保留Swiss原始SMILES供原始行号审计
3792,8864,CC(C)[C@](O)(C(=O)OCC1=CCN2CC[C@H](O)[C@@H]12)[C@@H](C)O,STP03786,成功（100条，已去重）,100,1.0,1.0,1.0,molecule_ID精确匹配,全量源表未提供可核验SMILES；仅保留Swiss原始SMILES供原始行号审计
3729,8869,COC(=O)CN(C)C,STP03723,成功（100条，已去重）,100,1.0,1.0,1.0,molecule_ID精确匹配,全量源表未提供可核验SMILES；仅保留Swiss原始SMILES供原始行号审计
2657,8877,CCCC[C@H](C)C(C)C,STP02652,成功（100条，已去重）,100,1.0,1.0,1.0,molecule_ID精确匹配,全量源表未提供可核验SMILES；仅保留Swiss原始SMILES供原始行号审计
298,8882,CCC(=O)c1cc2c(c(OC)c1)OOC2,STP00297,成功（100条，已去重）,100,1.0,1.0,1.0,molecule_ID精确匹配,全量源表未提供可核验SMILES；仅保留Swiss原始SMILES供原始行号审计
3971,8883,CC(=O)/C=C/[C@@]1(O)C(C)=CC(=O)CC1(C)C,STP03964,成功（100条，已去重）,100,2.0,1.0,1.0,molecule_ID精确匹配,全量源表未提供可核验SMILES；仅保留Swiss原始SMILES供原始行号审计
1439,8886,COc1ccccc1CCN,STP01436,成功（100条，已去重）,100,1.0,1.0,1.0,molecule_ID精确匹配,全量源表未提供可核验SMILES；仅保留Swiss原始SMILES供原始行号审计
3253,8889,O=c1cc(-c2ccc(O)cc2)oc2c([C@H]3O[C@H](CO)[C@@H](O)[C@H](O)[C@H]3O)c(O)cc(O)c12,STP03247,成功（100条，已去重）,100,2.0,1.0,1.0,molecule_ID精确匹配,全量源表未提供可核验SMILES；仅保留Swiss原始SMILES供原始行号审计
372,889,C=C1C[C@@]2(O)O[C@@]3(CC2=C(C)C)[C@@H](C)CC[C@@H]13,STP00371,成功（100条，已去重）,100,3.0,1.0,1.0,molecule_ID精确匹配,全量源表未提供可核验SMILES；仅保留Swiss原始SMILES供原始行号审计
3739,8895,COC(=O)c1ccc(O[C@@H]2O[C@H](CO)[C@@H](O)[C@H](O)[C@H]2O)cc1,STP03733,成功（100条，已去重）,100,1.0,1.0,1.0,molecule_ID精确匹配,全量源表未提供可核验SMILES；仅保留Swiss原始SMILES供原始行号审计
3565,8897,CC(C)[C@@]1(O)[C@H](O)C(O)(O)[C@H](Oc2ccccc2)O[C@@H]1CO,STP03559,成功（100条，已去重）,100,1.0,1.0,1.0,molecule_ID精确匹配,全量源表未提供可核验SMILES；仅保留Swiss原始SMILES供原始行号审计
1833,890,CC(C)=CCC[C@H](C)c1ccc(C)cc1,STP01828,成功（100条，已去重）,100,15.0,1.0,1.0,molecule_ID精确匹配,全量源表未提供可核验SMILES；仅保留Swiss原始SMILES供原始行号审计
2524,8904,O=C(O)c1ccc2c(c1)Cc1ccccc1O2,STP02519,成功（100条，已去重）,100,1.0,1.0,1.0,molecule_ID精确匹配,全量源表未提供可核验SMILES；仅保留Swiss原始SMILES供原始行号审计
1524,8912,COc1cc2c(c(OC)c1OC)-c1c(cc(OC)c(OC)c1OC)C[C@@](C)(O)[C@H](C)C2,STP01521,成功（100条，已去重）,100,1.0,1.0,1.0,molecule_ID精确匹配,全量源表未提供可核验SMILES；仅保留Swiss原始SMILES供原始行号审计
1730,8915,COc1ccc(-c2cc(=O)c3c(O)c([C@@H]4O[C@H](CO)[C@H](O)[C@H](O)[C@H]4O)c(O)cc3o2)cc1,STP01726,成功（100条，已去重）,100,1.0,1.0,1.0,molecule_ID精确匹配,全量源表未提供可核验SMILES；仅保留Swiss原始SMILES供原始行号审计
3113,8916,C=C1C(=O)O[C@@H]2[C@H]1[C@@H](OC(=O)/C(C)=C\C)C(C)=C1C[C@H]3O[C@@]3(C)[C@H]12,STP03108,成功（100条，已去重）,100,1.0,1.0,1.0,molecule_ID精确匹配,全量源表未提供可核验SMILES；仅保留Swiss原始SMILES供原始行号审计
3368,8917,C=C1C(=O)O[C@H]2[C@@H]1[C@@H](OC(=O)/C(C)=C(\C)O)C(C)=C1C[C@@H]3O[C@]3(C)[C@H]12,STP03362,成功（100条，已去重）,100,1.0,1.0,1.0,molecule_ID精确匹配,全量源表未提供可核验SMILES；仅保留Swiss原始SMILES供原始行号审计
3603,8918,C=C1C(=O)O[C@H]2[C@H]1[C@@H](OC(C)=O)CC(C)=C1C[C@H]3O[C@@]3(C)[C@@H]12,STP03597,成功（100条，已去重）,100,1.0,1.0,1.0,molecule_ID精确匹配,全量源表未提供可核验SMILES；仅保留Swiss原始SMILES供原始行号审计
2039,893,C/C1=C\CC[C@]2(C)[C@@H](C(=O)c3c(C)coc3C1)[C@]1(C)C[C@H]2C2=C1Cc1c(C)coc1C[C@@H]2C,STP02034,成功（100条，已去重）,100,2.0,1.0,1.0,molecule_ID精确匹配,全量源表未提供可核验SMILES；仅保留Swiss原始SMILES供原始行号审计
783,8931,COc1cc2c(c(OC)c1OC)-c1c(cc(O)c(OC)c1OC)C[C@H](C)[C@H](C)C2,STP00782,成功（100条，已去重）,100,1.0,1.0,1.0,molecule_ID精确匹配,全量源表未提供可核验SMILES；仅保留Swiss原始SMILES供原始行号审计
1744,8932,COc1cc2c(c(O)c1OC)-c1c(cc3c(c1OC)OCO3)C[C@@H](C)[C@@H](C)C2,STP01740,成功（100条，已去重）,100,1.0,1.0,1.0,molecule_ID精确匹配,全量源表未提供可核验SMILES；仅保留Swiss原始SMILES供原始行号审计
3345,8933,C=C1C=C[C@@H]([C@@H](C)[C@@H](C)CC=C(C)C)CC1,STP03339,成功（100条，已去重）,100,1.0,1.0,1.0,molecule_ID精确匹配,全量源表未提供可核验SMILES；仅保留Swiss原始SMILES供原始行号审计
851,8934,COc1c(O)cc2c(c1OC)-c1c(cc3c(c1OC)OCO3)C[C@@H](C)[C@@H](C)C2,STP00850,成功（100条，已去重）,100,1.0,1.0,1.0,molecule_ID精确匹配,全量源表未提供可核验SMILES；仅保留Swiss原始SMILES供原始行号审计
365,8939,CC1=C[C@@H]2C(=C(C)CCCC2(C)C)CC1,STP00364,成功（100条，已去重）,100,1.0,1.0,1.0,molecule_ID精确匹配,全量源表未提供可核验SMILES；仅保留Swiss原始SMILES供原始行号审计
2765,8940,C=C1CC[C@H](C(C)C)[C@H]2CC(C)=CC[C@H]12,STP02760,成功（100条，已去重）,100,1.0,1.0,1.0,molecule_ID精确匹配,全量源表未提供可核验SMILES；仅保留Swiss原始SMILES供原始行号审计
4030,8941,C=C(CC/C(C)=C/CCC(C)=O)C(C)C,STP04023,成功（100条，已去重）,100,3.0,1.0,1.0,molecule_ID精确匹配,全量源表未提供可核验SMILES；仅保留Swiss原始SMILES供原始行号审计
4031,8942,C[C@H]1CCCC2=CC(=O)[C@H]3[C@H](C3(C)C)[C@@]21C,STP04024,成功（100条，已去重）,100,1.0,1.0,1.0,molecule_ID精确匹配,全量源表未提供可核验SMILES；仅保留Swiss原始SMILES供原始行号审计
3888,8943,C[C@@H]1C=C(CO)C(CO)=C[C@@H]2CC(C)(C)C[C@@H]12,STP03882,成功（100条，已去重）,100,1.0,1.0,1.0,molecule_ID精确匹配,全量源表未提供可核验SMILES；仅保留Swiss原始SMILES供原始行号审计
1706,8944,CC(C)=CCC[C@H](C)[C@H]1CC[C@H](C)CC1,STP01702,成功（100条，已去重）,100,1.0,1.0,1.0,molecule_ID精确匹配,全量源表未提供可核验SMILES；仅保留Swiss原始SMILES供原始行号审计
3696,8945,CC(=O)CC(=O)c1ccccc1,STP03690,成功（100条，已去重）,100,2.0,1.0,1.0,molecule_ID精确匹配,全量源表未提供可核验SMILES；仅保留Swiss原始SMILES供原始行号审计
1513,8946,COc1cc2c(c(O)c1OC)-c1c(cc(OC)c(OC)c1OC)C[C@@H](C)[C@@H](C)C2,STP01510,成功（100条，已去重）,100,1.0,1.0,1.0,molecule_ID精确匹配,全量源表未提供可核验SMILES；仅保留Swiss原始SMILES供原始行号审计
1219,8948,COC(=O)C(O)(CC(=O)O)CC(=O)O,STP01217,成功（100条，已去重）,100,1.0,1.0,1.0,molecule_ID精确匹配,全量源表未提供可核验SMILES；仅保留Swiss原始SMILES供原始行号审计
1285,895,CC(C)=CCC[C@H](C)[C@@H]1C=CC(C)=CC1,STP01283,成功（100条，已去重）,100,11.0,1.0,1.0,molecule_ID精确匹配,全量源表未提供可核验SMILES；仅保留Swiss原始SMILES供原始行号审计
219,8950,CCCCCCC[C@H](CC)c1ccccc1,STP00218,成功（100条，已去重）,100,1.0,1.0,1.0,molecule_ID精确匹配,全量源表未提供可核验SMILES；仅保留Swiss原始SMILES供原始行号审计
1429,8954,COc1cc2c(c(OC)c1OC)-c1c(cc3c(c1O)OCO3)C[C@@H](C)[C@@H](C)C2,STP01426,成功（100条，已去重）,100,1.0,1.0,1.0,molecule_ID精确匹配,全量源表未提供可核验SMILES；仅保留Swiss原始SMILES供原始行号审计
618,8955,C/C=C(\C)C(=O)Oc1c(OC)c(OC)cc2c1-c1c(cc(OC)c(OC)c1OC)C[C@](C)(O)[C@@H](C)C2,STP00617,成功（100条，已去重）,100,1.0,1.0,1.0,molecule_ID精确匹配,全量源表未提供可核验SMILES；仅保留Swiss原始SMILES供原始行号审计
3197,8957,C/C=C(\C)C(=O)O[C@@H]1c2cc(OC)c(OC)c(OC)c2-c2c(cc3c(c2OC)OCO3)C[C@H](C)[C@@]1(C)O,STP03192,成功（100条，已去重）,100,1.0,1.0,1.0,molecule_ID精确匹配,全量源表未提供可核验SMILES；仅保留Swiss原始SMILES供原始行号审计
809,896,C/C1=C\CC[C@H](C)C(=O)C[C@@H](C(C)C)C(=O)C1,STP00808,成功（100条，已去重）,100,3.0,1.0,1.0,molecule_ID精确匹配,全量源表未提供可核验SMILES；仅保留Swiss原始SMILES供原始行号审计
3158,8960,COc1cc2c(c(OC)c1OC)-c1c(cc(OC)c(OC)c1Oc1ccccc1)C[C@H](C)[C@@](C)(O)C2,STP03153,成功（100条，已去重）,100,1.0,1.0,1.0,molecule_ID精确匹配,全量源表未提供可核验SMILES；仅保留Swiss原始SMILES供原始行号审计
2999,8961,COc1cc2c(c(OC)c1OC)-c1c(cc3c(c1OC)OCO3)[C@H](Oc1ccccc1)[C@@H](C)[C@@H](C)C2,STP02994,成功（100条，已去重）,100,1.0,1.0,1.0,molecule_ID精确匹配,全量源表未提供可核验SMILES；仅保留Swiss原始SMILES供原始行号审计
3153,8962,COc1cc2c(c(OC)c1OC)-c1c(cc3c(c1OC)OCO3)C[C@@H](C)[C@@](C)(O)[C@@H]2Oc1ccccc1,STP03148,成功（100条，已去重）,100,1.0,1.0,1.0,molecule_ID精确匹配,全量源表未提供可核验SMILES；仅保留Swiss原始SMILES供原始行号审计
3360,8963,COc1cc2c(c(OC)c1OC)-c1c(cc(OC)c(OC)c1OC)[C@@H](Oc1ccccc1)[C@](C)(O)[C@H](C)C2,STP03354,成功（100条，已去重）,100,1.0,1.0,1.0,molecule_ID精确匹配,全量源表未提供可核验SMILES；仅保留Swiss原始SMILES供原始行号审计
739,8964,C=C1C(=O)O[C@H]2C/C(C)=C/C[C@@H](OC(C)=O)/C(C)=C/[C@@H](OC(C)=O)[C@H]12,STP00738,成功（100条，已去重）,100,1.0,1.0,1.0,molecule_ID精确匹配,全量源表未提供可核验SMILES；仅保留Swiss原始SMILES供原始行号审计
2799,8965,CC/C=C/CC/C=C/C/C=C/CC/C=C/CCC(=O)O,STP02794,成功（100条，已去重）,100,1.0,1.0,1.0,molecule_ID精确匹配,全量源表未提供可核验SMILES；仅保留Swiss原始SMILES供原始行号审计
2599,8966,CN[C@@H](C)[C@H]1[C@H](O)C[C@@]2(C)[C@@H]3CC[C@H]4C(C)(C)[C@H](N(C)C)CC[C@@]45C[C@@]35C=C[C@]12C,STP02594,成功（100条，已去重）,100,1.0,1.0,1.0,molecule_ID精确匹配,全量源表未提供可核验SMILES；仅保留Swiss原始SMILES供原始行号审计
3837,8968,COc1cc2c(c(OC)c1OC)-c1c(cc3c(c1OC)OCO3)C[C@H](C)[C@@](C)(O)C2,STP03831,成功（100条，已去重）,100,1.0,1.0,1.0,molecule_ID精确匹配,全量源表未提供可核验SMILES；仅保留Swiss原始SMILES供原始行号审计
1534,8969,COc1c2c(cc3c1-c1c(cc4c(c1OC)OCO4)[C@H](OC(=O)C=C(C)C)[C@@](C)(O)[C@@H](C)C3)OCO2,STP01531,成功（100条，已去重）,100,1.0,1.0,1.0,molecule_ID精确匹配,全量源表未提供可核验SMILES；仅保留Swiss原始SMILES供原始行号审计
3246,8971,COc1cc2c(c(OC)c1OC)-c1c3cc4c(c1OC[C@@H](C)[C@@](C)(O)C(=O)O[C@@H]2[C@@](C)(O)[C@@H](C)C3)OCO4,STP03240,成功（100条，已去重）,100,1.0,1.0,1.0,molecule_ID精确匹配,全量源表未提供可核验SMILES；仅保留Swiss原始SMILES供原始行号审计
3344,8975,COc1cc2c(c(O)c1OC)-c1c(cc(OC)c(OC)c1OC)C[C@](C)(O)[C@@H](C)C2,STP03338,成功（100条，已去重）,100,1.0,1.0,1.0,molecule_ID精确匹配,全量源表未提供可核验SMILES；仅保留Swiss原始SMILES供原始行号审计
1488,8976,COc1c(O)cc2c(c1OC)-c1c(cc(O)c(OC)c1OC)C[C@H](C)[C@H](C)C2,STP01485,成功（100条，已去重）,100,1.0,1.0,1.0,molecule_ID精确匹配,全量源表未提供可核验SMILES；仅保留Swiss原始SMILES供原始行号审计
1623,8977,COc1cc2c(c(OC)c1OC)-c1c(cc3c(c1OC)OCO3)C[C@H](C)[C@H](C)[C@H]2O,STP01620,成功（100条，已去重）,100,1.0,1.0,1.0,molecule_ID精确匹配,全量源表未提供可核验SMILES；仅保留Swiss原始SMILES供原始行号审计
2749,8978,COc1c2c(cc3c1-c1c(cc4c(c1OC)OCO4)[C@@H](O)[C@@H](C)[C@@H](C)C3)OCO2,STP02744,成功（100条，已去重）,100,1.0,1.0,1.0,molecule_ID精确匹配,全量源表未提供可核验SMILES；仅保留Swiss原始SMILES供原始行号审计
1415,8979,COc1cc2c(c(OC)c1OC)-c1c(cc(OC)c(OC)c1OC)[C@@H](O)[C@@H](C)[C@@H](C)C2,STP01413,成功（100条，已去重）,100,1.0,1.0,1.0,molecule_ID精确匹配,全量源表未提供可核验SMILES；仅保留Swiss原始SMILES供原始行号审计
2536,8980,O=C(O)C1=C/C(=C\CN2c3cc(O[C@@H]4O[C@H](CO)[C@@H](O)[C@H](O)[C@H]4O)c(O)cc3C[C@H]2C(=O)O)C[C@@H](C(=O)O)N1,STP02531,成功（100条，已去重）,100,1.0,1.0,1.0,molecule_ID精确匹配,全量源表未提供可核验SMILES；仅保留Swiss原始SMILES供原始行号审计
3677,8982,C=C1[C@@H](O)CC[C@@]2(C)[C@@H](O)[C@H](O)C3=C(C)[C@@H](O)C[C@@](O)([C@@H](O)[C@H]12)C3(C)C,STP03671,成功（100条，已去重）,100,1.0,1.0,1.0,molecule_ID精确匹配,全量源表未提供可核验SMILES；仅保留Swiss原始SMILES供原始行号审计
1338,8984,CC[C@@H](O)c1ccccc1,STP01336,成功（100条，已去重）,100,2.0,1.0,1.0,molecule_ID精确匹配,全量源表未提供可核验SMILES；仅保留Swiss原始SMILES供原始行号审计
4099,8985,C=C1C(=O)O[C@@H]2[C@H]1CC[C@@H](C)[C@@]1(CCC(=O)O1)[C@]2(C)O,STP04092,成功（100条，已去重）,100,1.0,1.0,1.0,molecule_ID精确匹配,全量源表未提供可核验SMILES；仅保留Swiss原始SMILES供原始行号审计
1529,8987,COc1cc2c(c(OC)c1OC)-c1c(cc(OC)c(OC)c1OC(C)=O)C[C@@H](C)[C@H](C)C2,STP01526,成功（100条，已去重）,100,1.0,1.0,1.0,molecule_ID精确匹配,全量源表未提供可核验SMILES；仅保留Swiss原始SMILES供原始行号审计
2882,8988,C/C(=C\O[C@H]1O[C@@H](CO)[C@H](O)[C@@H](O)[C@@H]1O)[C@H]1CC[C@H](C)CC1=O,STP02877,成功（100条，已去重）,100,1.0,1.0,1.0,molecule_ID精确匹配,全量源表未提供可核验SMILES；仅保留Swiss原始SMILES供原始行号审计
3599,8989,C/C(=C\O)[C@H]1CC[C@H](C)CC1=O,STP03593,成功（100条，已去重）,100,2.0,1.0,1.0,molecule_ID精确匹配,全量源表未提供可核验SMILES；仅保留Swiss原始SMILES供原始行号审计
1632,899,C/C1=C\Cc2c(C)coc2C/C(C)=C/CC1,STP01629,成功（100条，已去重）,100,3.0,1.0,1.0,molecule_ID精确匹配,全量源表未提供可核验SMILES；仅保留Swiss原始SMILES供原始行号审计
836,8990,CC(=O)OC(C)(C)[C@H]1CC=C(C)CC1,STP00835,成功（100条，已去重）,100,7.0,1.0,1.0,molecule_ID精确匹配,全量源表未提供可核验SMILES；仅保留Swiss原始SMILES供原始行号审计
1464,8991,CC(C)[C@@]12C[C@@H]1[C@@H](C)[C@@H](O)C2,STP01461,成功（100条，已去重）,100,1.0,1.0,1.0,molecule_ID精确匹配,全量源表未提供可核验SMILES；仅保留Swiss原始SMILES供原始行号审计
3676,8992,COc1c2c(cc3c1-c1c(cc4c(c1OC)OCO4)C[C@H](C)[C@H](C)C3)OCO2,STP03670,成功（100条，已去重）,100,1.0,1.0,1.0,molecule_ID精确匹配,全量源表未提供可核验SMILES；仅保留Swiss原始SMILES供原始行号审计
1462,8993,CC/C=C\C#CC(=O)c1ccc(/C=C/C(=O)OC)o1,STP01459,成功（100条，已去重）,100,1.0,1.0,1.0,molecule_ID精确匹配,全量源表未提供可核验SMILES；仅保留Swiss原始SMILES供原始行号审计
1221,8995,O=C(O)CCc1ccc(O)c(O)c1O,STP01219,成功（100条，已去重）,100,1.0,1.0,1.0,molecule_ID精确匹配,全量源表未提供可核验SMILES；仅保留Swiss原始SMILES供原始行号审计
876,8996,C[C@@H]1CCc2c(C=O)cncc21,STP00875,成功（100条，已去重）,100,1.0,1.0,1.0,molecule_ID精确匹配,全量源表未提供可核验SMILES；仅保留Swiss原始SMILES供原始行号审计
4205,9,O=c1cc(-c2ccc(O)c(O)c2)oc2cc(O[C@@H]3O[C@H](CO)[C@@H](O)[C@H](O)[C@H]3O)cc(O)c12,STP04198,成功（100条，已去重）,100,35.0,1.0,1.0,molecule_ID精确匹配,全量源表未提供可核验SMILES；仅保留Swiss原始SMILES供原始行号审计
1240,900,C=C[C@@]1(C)Cc2occ(C)c2C(=O)[C@@H]1C(=C)C,STP01238,成功（100条，已去重）,100,3.0,1.0,1.0,molecule_ID精确匹配,全量源表未提供可核验SMILES；仅保留Swiss原始SMILES供原始行号审计
2935,9000,Nc1ncnc2c1ncn2[C@@H]1C[C@H](O)[C@@H](CO)O1,STP02930,成功（100条，已去重）,100,1.0,1.0,1.0,molecule_ID精确匹配,全量源表未提供可核验SMILES；仅保留Swiss原始SMILES供原始行号审计
2931,9001,Nc1ncnc2c1ncn2[C@@H]1OC[C@H](CO)[C@H]1O,STP02926,成功（100条，已去重）,100,1.0,1.0,1.0,molecule_ID精确匹配,全量源表未提供可核验SMILES；仅保留Swiss原始SMILES供原始行号审计
1306,9005,COc1cc([C@@H](O)[C@@H](O)CO)ccc1O,STP01304,成功（100条，已去重）,100,2.0,1.0,1.0,molecule_ID精确匹配,全量源表未提供可核验SMILES；仅保留Swiss原始SMILES供原始行号审计
2475,9009,COc1cc([C@@H]2OC[C@@H]3[C@H]2CO[C@H]3c2cc(OC)c(O)c(OC)c2)ccc1O,STP02470,成功（100条，已去重）,100,2.0,1.0,1.0,molecule_ID精确匹配,全量源表未提供可核验SMILES；仅保留Swiss原始SMILES供原始行号审计
1771,901,CC1=C[C@@]2(O)O[C@@]3(CC2=C(C)C)[C@@H](C)CC[C@@H]13,STP01767,成功（100条，已去重）,100,3.0,1.0,1.0,molecule_ID精确匹配,全量源表未提供可核验SMILES；仅保留Swiss原始SMILES供原始行号审计
58,9015,CC[C@@H]1CN(C)[C@H]2Cc3c([nH]c4ccccc34)C(=O)C[C@@H]1[C@H]2C(=O)OC,STP00057,成功（100条，已去重）,100,1.0,1.0,1.0,molecule_ID精确匹配,全量源表未提供可核验SMILES；仅保留Swiss原始SMILES供原始行号审计
293,9018,O=C(O)CCc1cccc(O)c1,STP00292,成功（100条，已去重）,100,2.0,1.0,1.0,molecule_ID精确匹配,全量源表未提供可核验SMILES；仅保留Swiss原始SMILES供原始行号审计
3915,9019,O=C(O)[C@@H]1NCC[C@H]1O,STP03908,成功（100条，已去重）,100,1.0,1.0,1.0,molecule_ID精确匹配,全量源表未提供可核验SMILES；仅保留Swiss原始SMILES供原始行号审计
3093,902,C=C1C[C@@]2(O)O[C@@]3(C[C@H]2C(C)C)[C@@H](C)CC[C@@H]13,STP03088,成功（100条，已去重）,100,2.0,1.0,1.0,molecule_ID精确匹配,全量源表未提供可核验SMILES；仅保留Swiss原始SMILES供原始行号审计
3933,9021,CC(=O)O[C@@]1(C)C[C@H](O)[C@@H]2C=CO[C@@H](O)[C@@H]21,STP03926,成功（100条，已去重）,100,1.0,1.0,1.0,molecule_ID精确匹配,全量源表未提供可核验SMILES；仅保留Swiss原始SMILES供原始行号审计
651,9025,C1=Nc2ccccc2/C1=C1/NC(c2c[nH]c3ccccc23)=CS1,STP00650,成功（100条，已去重）,100,1.0,1.0,1.0,molecule_ID精确匹配,全量源表未提供可核验SMILES；仅保留Swiss原始SMILES供原始行号审计
1599,9029,COc1ccc([C@H]2Oc3c(OC)cc(/C=C/CO)cc3[C@@H]2CO)cc1O,STP01596,成功（100条，已去重）,100,1.0,1.0,1.0,molecule_ID精确匹配,全量源表未提供可核验SMILES；仅保留Swiss原始SMILES供原始行号审计
117,9031,C=C[C@H]1CN2CC[C@H]1C[C@@H]2[C@H](O)c1ccnc2ccc(OC)cc12,STP00116,成功（100条，已去重）,100,1.0,1.0,1.0,molecule_ID精确匹配,全量源表未提供可核验SMILES；仅保留Swiss原始SMILES供原始行号审计
2558,9032,COc1cc([C@H]2Oc3c(OC)cc([C@H](O)[C@@H](O)CO)cc3[C@@H]2CO)ccc1O,STP02553,成功（100条，已去重）,100,2.0,1.0,1.0,molecule_ID精确匹配,全量源表未提供可核验SMILES；仅保留Swiss原始SMILES供原始行号审计
3611,9034,OCC[C@@H]1C(CO)=C(CO)C[C@H]1O,STP03605,成功（100条，已去重）,100,3.0,1.0,1.0,molecule_ID精确匹配,全量源表未提供可核验SMILES；仅保留Swiss原始SMILES供原始行号审计
2996,9039,COc1ccccc1OC[C@@H](O)CO,STP02991,成功（100条，已去重）,100,1.0,1.0,1.0,molecule_ID精确匹配,全量源表未提供可核验SMILES；仅保留Swiss原始SMILES供原始行号审计
1739,904,CC1(C)C[C@H]2CC[C@]1(C)OC2,STP01735,成功（100条，已去重）,100,3.0,1.0,1.0,molecule_ID精确匹配,全量源表未提供可核验SMILES；仅保留Swiss原始SMILES供原始行号审计
4198,9040,C[C@]1(OC(=O)/C=C/c2ccccc2)C[C@@H](O)[C@]2(O)C=CO[C@@H](O[C@@H]3O[C@H](CO)[C@@H](O)[C@H](O)[C@H]3O)[C@@H]21,STP04191,成功（100条，已去重）,100,2.0,1.0,1.0,molecule_ID精确匹配,全量源表未提供可核验SMILES；仅保留Swiss原始SMILES供原始行号审计
3840,9041,C[C@]1(OC(=O)/C=C/c2ccccc2)C[C@@H](O)[C@]2(O)C=CO[C@@H](O)[C@@H]21,STP03834,成功（100条，已去重）,100,1.0,1.0,1.0,molecule_ID精确匹配,全量源表未提供可核验SMILES；仅保留Swiss原始SMILES供原始行号审计
2731,9044,CC[C@@H](C)C(=O)Oc1c(O)c(OC)c(O)c(C(=O)/C=C/c2ccccc2)c1OC,STP02726,成功（100条，已去重）,100,1.0,1.0,1.0,molecule_ID精确匹配,全量源表未提供可核验SMILES；仅保留Swiss原始SMILES供原始行号审计
3810,9046,COC(=O)[C@]1(O)C[C@@H](O)[C@@H](O)[C@H](OC(=O)/C=C/c2ccc(O)c(O)c2)C1,STP03804,成功（100条，已去重）,100,4.0,1.0,1.0,molecule_ID精确匹配,全量源表未提供可核验SMILES；仅保留Swiss原始SMILES供原始行号审计
2684,9047,COc1ccc([C@H]2OC[C@H]3[C@@H]2CO[C@@H]3c2ccc(OC)c(OC)c2)cc1OC,STP02679,成功（100条，已去重）,100,1.0,1.0,1.0,molecule_ID精确匹配,全量源表未提供可核验SMILES；仅保留Swiss原始SMILES供原始行号审计
2308,9048,Oc1cc(O)cc(/C=C\c2ccccc2)c1,STP02303,成功（100条，已去重）,100,1.0,1.0,1.0,molecule_ID精确匹配,全量源表未提供可核验SMILES；仅保留Swiss原始SMILES供原始行号审计
845,905,C=C1CC[C@@H]2C[C@H]1C2(C)C,STP00844,成功（100条，已去重）,100,25.0,1.0,1.0,molecule_ID精确匹配,全量源表未提供可核验SMILES；仅保留Swiss原始SMILES供原始行号审计
3852,9051,OC[C@H]1C[C@H](O)[C@H]2C=CO[C@@H](O)[C@H]12,STP03846,成功（100条，已去重）,100,1.0,1.0,1.0,molecule_ID精确匹配,全量源表未提供可核验SMILES；仅保留Swiss原始SMILES供原始行号审计
4010,9052,NC(=O)NCCCC[C@H](N)C(=O)O,STP04003,成功（100条，已去重）,100,1.0,1.0,1.0,molecule_ID精确匹配,全量源表未提供可核验SMILES；仅保留Swiss原始SMILES供原始行号审计
1543,9053,COc1cc([C@H]2Oc3c(OC)cc(/C=C/CO)cc3[C@@H]2CO)ccc1O,STP01540,成功（100条，已去重）,100,2.0,1.0,1.0,molecule_ID精确匹配,全量源表未提供可核验SMILES；仅保留Swiss原始SMILES供原始行号审计
413,9055,COc1cc(O)c2cc(O)c(-c3cc(OC)c(O)c(OC)c3)[o+]c2c1,STP00412,成功（100条，已去重）,100,1.0,1.0,1.0,molecule_ID精确匹配,全量源表未提供可核验SMILES；仅保留Swiss原始SMILES供原始行号审计
3600,9064,OC[C@H]1O[C@@H](Oc2cc(O)cc3c2C[C@@H](O)[C@@H](c2ccc(O)cc2)O3)[C@@H](O)[C@@H](O)[C@@H]1O,STP03594,成功（100条，已去重）,100,1.0,1.0,1.0,molecule_ID精确匹配,全量源表未提供可核验SMILES；仅保留Swiss原始SMILES供原始行号审计
3860,9068,O=c1c(O)c(-c2ccc(O)cc2)oc2cc(O[C@@H]3OC[C@H](O)[C@H](O)[C@@H]3O)cc(O)c12,STP03854,成功（100条，已去重）,100,1.0,1.0,1.0,molecule_ID精确匹配,全量源表未提供可核验SMILES；仅保留Swiss原始SMILES供原始行号审计
4174,9072,O=C1C[C@@H](c2ccc(O)cc2)Oc2cc(O[C@@H]3O[C@H](CO)[C@@H](O)[C@H](O)[C@H]3O)cc(O)c21,STP04167,成功（100条，已去重）,100,3.0,1.0,1.0,molecule_ID精确匹配,全量源表未提供可核验SMILES；仅保留Swiss原始SMILES供原始行号审计
771,9074,CC1=CC(=O)c2c(ccc(C3=C(C)C(=O)c4cccc(O)c4C3=O)c2O)C1=O,STP00770,成功（100条，已去重）,100,1.0,1.0,1.0,molecule_ID精确匹配,全量源表未提供可核验SMILES；仅保留Swiss原始SMILES供原始行号审计
2828,9078,O=C1CC[C@H](c2c(O)cc(O)c3c2O[C@H](c2ccc(O)c(O)c2)[C@H](O)C3)N1,STP02823,成功（100条，已去重）,100,1.0,1.0,1.0,molecule_ID精确匹配,全量源表未提供可核验SMILES；仅保留Swiss原始SMILES供原始行号审计
40,908,C=C[C@]1(C)CC[C@@H](C(=C)C)C[C@H]1C(=C)C,STP00039,成功（100条，已去重）,100,49.0,1.0,1.0,molecule_ID精确匹配,全量源表未提供可核验SMILES；仅保留Swiss原始SMILES供原始行号审计
2736,9080,O=C1CC[C@@H](c2c(O)cc(O)c3c2O[C@@H](c2ccc(O)c(O)c2)[C@H](O)C3)N1,STP02731,成功（100条，已去重）,100,1.0,1.0,1.0,molecule_ID精确匹配,全量源表未提供可核验SMILES；仅保留Swiss原始SMILES供原始行号审计
2535,9084,O=C(c1ccc(O)cc1)c1c(O)cc(O)cc1O,STP02530,成功（100条，已去重）,100,1.0,1.0,1.0,molecule_ID精确匹配,全量源表未提供可核验SMILES；仅保留Swiss原始SMILES供原始行号审计
2862,9085,C=C(C)[C@H](CC=C(C)C)Cc1c(O)cc(OC)c2c1O[C@H](c1ccc(O)cc1O)CC2=O,STP02857,成功（100条，已去重）,100,1.0,1.0,1.0,molecule_ID精确匹配,全量源表未提供可核验SMILES；仅保留Swiss原始SMILES供原始行号审计
53,909,C=C[C@@]1(C)CCC(C(C)C)=C[C@H]1C(=C)C,STP00052,成功（100条，已去重）,100,5.0,1.0,1.0,molecule_ID精确匹配,全量源表未提供可核验SMILES；仅保留Swiss原始SMILES供原始行号审计
2884,9090,C=C(C)[C@H](CC=C(C)C)Cc1c(O)cc(O)c2c1O[C@H](c1ccc(O)cc1O)CC2=O,STP02879,成功（100条，已去重）,100,1.0,1.0,1.0,molecule_ID精确匹配,全量源表未提供可核验SMILES；仅保留Swiss原始SMILES供原始行号审计
678,9091,COc1cc(O)c(C(=O)/C=C/c2ccc(O)cc2)c(O)c1CC=C(C)C,STP00677,成功（100条，已去重）,100,1.0,1.0,1.0,molecule_ID精确匹配,全量源表未提供可核验SMILES；仅保留Swiss原始SMILES供原始行号审计
1743,9096,COC(=O)CCCCCCCCC1CC1,STP01739,成功（100条，已去重）,100,1.0,1.0,1.0,molecule_ID精确匹配,全量源表未提供可核验SMILES；仅保留Swiss原始SMILES供原始行号审计
1380,910,CC(C)=C1C/C=C(\C)CC/C=C(\C)CC1=O,STP01378,成功（100条，已去重）,100,9.0,1.0,1.0,molecule_ID精确匹配,全量源表未提供可核验SMILES；仅保留Swiss原始SMILES供原始行号审计
3999,9100,COC(=O)c1cc(OC)c(OC)c(OC)c1-c1c(C(=O)OC)cc(OC)c(OC)c1OC,STP03992,成功（100条，已去重）,100,1.0,1.0,1.0,molecule_ID精确匹配,全量源表未提供可核验SMILES；仅保留Swiss原始SMILES供原始行号审计
360,911,CC1=CC=C(C(C)C)CC1,STP00359,成功（100条，已去重）,100,43.0,1.0,1.0,molecule_ID精确匹配,全量源表未提供可核验SMILES；仅保留Swiss原始SMILES供原始行号审计
2428,9135,Cc1c2ccncc2c(C)c2c1[nH]c1ccccc12,STP02423,成功（100条，已去重）,100,1.0,1.0,1.0,molecule_ID精确匹配,全量源表未提供可核验SMILES；仅保留Swiss原始SMILES供原始行号审计
551,9137,C=C[C@@H]1CN2CC[C@@H]1C[C@@H]2[C@H](O)c1ccnc2ccc(OC)cc12,STP00550,成功（100条，已去重）,100,1.0,1.0,1.0,molecule_ID精确匹配,全量源表未提供可核验SMILES；仅保留Swiss原始SMILES供原始行号审计
1079,914,CC1=CC[C@@]2(C(C)C)C[C@@H]12,STP01078,成功（100条，已去重）,100,16.0,1.0,1.0,molecule_ID精确匹配,全量源表未提供可核验SMILES；仅保留Swiss原始SMILES供原始行号审计
483,9149,COc1cc2c(cc1O)CCN1Cc3c(ccc4c3OCO4)C[C@@H]21,STP00482,成功（100条，已去重）,100,2.0,1.0,1.0,molecule_ID精确匹配,全量源表未提供可核验SMILES；仅保留Swiss原始SMILES供原始行号审计
908,9153,O=C(O)[C@]1(O)CCNc2ccccc21,STP00907,成功（100条，已去重）,100,1.0,1.0,1.0,molecule_ID精确匹配,全量源表未提供可核验SMILES；仅保留Swiss原始SMILES供原始行号审计
103,9156,COc1ccc(C[C@H]2c3ccc(OC)cc3CCN2C)cc1,STP00102,成功（100条，已去重）,100,1.0,1.0,1.0,molecule_ID精确匹配,全量源表未提供可核验SMILES；仅保留Swiss原始SMILES供原始行号审计
2798,9159,COc1ccc(-c2oc3c(OC)c(O)c(OC)c(O)c3c(=O)c2O)cc1O,STP02793,成功（100条，已去重）,100,1.0,1.0,1.0,molecule_ID精确匹配,全量源表未提供可核验SMILES；仅保留Swiss原始SMILES供原始行号审计
2970,916,CC1=CC[C@H]2[C@@H](C1)C2(C)C,STP02965,成功（100条，已去重）,100,16.0,1.0,1.0,molecule_ID精确匹配,全量源表未提供可核验SMILES；仅保留Swiss原始SMILES供原始行号审计
1299,9160,COc1ccc(CCC(=O)c2ccc(O)cc2)c(OC)c1,STP01297,成功（100条，已去重）,100,1.0,1.0,1.0,molecule_ID精确匹配,全量源表未提供可核验SMILES；仅保留Swiss原始SMILES供原始行号审计
102,9161,COc1cc2c(cc1O)[C@@H](C)N(C)CC2,STP00101,成功（100条，已去重）,100,1.0,1.0,1.0,molecule_ID精确匹配,全量源表未提供可核验SMILES；仅保留Swiss原始SMILES供原始行号审计
160,9162,COc1cc2c(cc1OC)CN(C)CC2,STP00159,成功（100条，已去重）,100,1.0,1.0,1.0,molecule_ID精确匹配,全量源表未提供可核验SMILES；仅保留Swiss原始SMILES供原始行号审计
363,9166,c1ccc2c(c1)C[C@H]1NCCc3cc4c(c-2c31)OCO4,STP00362,成功（100条，已去重）,100,2.0,1.0,1.0,molecule_ID精确匹配,全量源表未提供可核验SMILES；仅保留Swiss原始SMILES供原始行号审计
390,9167,COc1ccc(C[C@@H]2c3cc(OC)c(OC)cc3CCN2C)cc1,STP00389,成功（100条，已去重）,100,1.0,1.0,1.0,molecule_ID精确匹配,全量源表未提供可核验SMILES；仅保留Swiss原始SMILES供原始行号审计
494,917,CC1(C)C[C@@H]2CC[C@@]1(C)OC2,STP00493,成功（100条，已去重）,100,4.0,1.0,1.0,molecule_ID精确匹配,全量源表未提供可核验SMILES；仅保留Swiss原始SMILES供原始行号审计
1122,9170,COc1cc2c(cc1O)CC[N+](C)(C)[C@@H]2Cc1ccc(O)cc1,STP01121,成功（100条，已去重）,100,1.0,1.0,1.0,molecule_ID精确匹配,全量源表未提供可核验SMILES；仅保留Swiss原始SMILES供原始行号审计
162,9172,COc1cc2c3c(c1OC)C1(C=CC(=O)C=C1)C[C@H]3N(C)CC2,STP00161,成功（100条，已去重）,100,1.0,1.0,1.0,molecule_ID精确匹配,全量源表未提供可核验SMILES；仅保留Swiss原始SMILES供原始行号审计
3145,9173,Cc1ccc(C(=O)/C=C/C(=O)c2ccc(C)cc2)cc1,STP03140,成功（100条，已去重）,100,1.0,1.0,1.0,molecule_ID精确匹配,全量源表未提供可核验SMILES；仅保留Swiss原始SMILES供原始行号审计
131,9189,C[C@@H]([C@H](O)c1ccccc1)N(C)C,STP00130,成功（100条，已去重）,100,2.0,1.0,1.0,molecule_ID精确匹配,全量源表未提供可核验SMILES；仅保留Swiss原始SMILES供原始行号审计
3280,9190,C[C@H](N)[C@H](O)c1ccccc1,STP03274,成功（100条，已去重）,100,2.0,1.0,1.0,molecule_ID精确匹配,全量源表未提供可核验SMILES；仅保留Swiss原始SMILES供原始行号审计
3459,9191,C[C@H](N)[C@@H](O)c1ccccc1,STP03453,成功（100条，已去重）,100,2.0,1.0,1.0,molecule_ID精确匹配,全量源表未提供可核验SMILES；仅保留Swiss原始SMILES供原始行号审计
113,9192,C[C@H]([C@H](O)c1ccccc1)N(C)C,STP00112,成功（100条，已去重）,100,1.0,1.0,1.0,molecule_ID精确匹配,全量源表未提供可核验SMILES；仅保留Swiss原始SMILES供原始行号审计
127,9194,C[C@@H]([C@@H](O)c1ccccc1)N(C)C,STP00126,成功（100条，已去重）,100,2.0,1.0,1.0,molecule_ID精确匹配,全量源表未提供可核验SMILES；仅保留Swiss原始SMILES供原始行号审计
770,9198,COc1cc(C[C@H](C)[C@H](C)Cc2ccc3c(c2)OCO3)ccc1O,STP00769,成功（100条，已去重）,100,2.0,1.0,1.0,molecule_ID精确匹配,全量源表未提供可核验SMILES；仅保留Swiss原始SMILES供原始行号审计
358,920,C=C[C@@](C)(O)CCC=C(C)C,STP00357,成功（100条，已去重）,100,19.0,1.0,1.0,molecule_ID精确匹配,全量源表未提供可核验SMILES；仅保留Swiss原始SMILES供原始行号审计
3330,9203,C/C=C(/C)C(=O)O[C@@H]1c2cc3c(c(OC)c2-c2c(cc(OC)c(OC)c2OC)C[C@@H](C)[C@H]1C)OCO3,STP03324,成功（100条，已去重）,100,1.0,1.0,1.0,molecule_ID精确匹配,全量源表未提供可核验SMILES；仅保留Swiss原始SMILES供原始行号审计
3188,9207,COC1=C(C)C(=O)[C@@]23C(=C1)C[C@@H](C)[C@@]2(C)[C@@H](O)c1cc2c(c(OC)c13)OCO2,STP03183,成功（100条，已去重）,100,1.0,1.0,1.0,molecule_ID精确匹配,全量源表未提供可核验SMILES；仅保留Swiss原始SMILES供原始行号审计
3658,9208,COc1c2c(cc3c1-c1c(cc4c(c1OC)OCO4)[C@@H](OC(=O)c1ccccc1)[C@@H](C)[C@H](C)C3)OCO2,STP03652,成功（100条，已去重）,100,1.0,1.0,1.0,molecule_ID精确匹配,全量源表未提供可核验SMILES；仅保留Swiss原始SMILES供原始行号审计
3065,9212,COC1=C(OC)[C@]23O[C@H](c4cc(OC)c(OC)c(OC)c42)[C@@H](C)[C@H](C)CC3=CC1=O,STP03060,成功（100条，已去重）,100,1.0,1.0,1.0,molecule_ID精确匹配,全量源表未提供可核验SMILES；仅保留Swiss原始SMILES供原始行号审计
881,9214,COc1cc2c(c(OC)c1OC)-c1c(cc3c(c1OC)OCO3)C[C@@H](C)[C@@H](C)C2,STP00880,成功（100条，已去重）,100,2.0,1.0,1.0,molecule_ID精确匹配,全量源表未提供可核验SMILES；仅保留Swiss原始SMILES供原始行号审计
2984,9215,COc1cc2c(c(OC)c1OC)-c1c(cc3c(c1OC)OCO3)[C@H](OC(C)=O)[C@H](C)[C@H](C)C2,STP02979,成功（100条，已去重）,100,1.0,1.0,1.0,molecule_ID精确匹配,全量源表未提供可核验SMILES；仅保留Swiss原始SMILES供原始行号审计
1584,9216,C/C=C(/C)C(=O)Oc1c2c(cc3c1-c1c(cc(OC)c(OC)c1OC)C[C@H](C)[C@H](C)C3)OCO2,STP01581,成功（100条，已去重）,100,1.0,1.0,1.0,molecule_ID精确匹配,全量源表未提供可核验SMILES；仅保留Swiss原始SMILES供原始行号审计
110,922,CC1=CC[C@@](O)(C(C)C)CC1,STP00109,成功（100条，已去重）,100,36.0,1.0,1.0,molecule_ID精确匹配,全量源表未提供可核验SMILES；仅保留Swiss原始SMILES供原始行号审计
3389,9220,COc1cc2c(c(OC)c1OC)-c1c(cc3c(c1OC)OCO3)[C@H]1O[C@@H]2[C@@H](C)[C@H]1C,STP03383,成功（100条，已去重）,100,1.0,1.0,1.0,molecule_ID精确匹配,全量源表未提供可核验SMILES；仅保留Swiss原始SMILES供原始行号审计
779,923,CC(=O)O[C@@H]1C[C@H]2CC[C@]1(C)C2(C)C,STP00778,成功（100条，已去重）,100,8.0,1.0,1.0,molecule_ID精确匹配,全量源表未提供可核验SMILES；仅保留Swiss原始SMILES供原始行号审计
3768,9236,COc1c2c(cc3c1-c1c(cc4c(c1OC)OCO4)[C@H](O)[C@H](C)[C@](C)(OC(=O)c1ccccc1)C3)OCO2,STP03762,成功（100条，已去重）,100,1.0,1.0,1.0,molecule_ID精确匹配,全量源表未提供可核验SMILES；仅保留Swiss原始SMILES供原始行号审计
760,9237,C/C=C/c1cc(OC)c2c(c1)[C@H](C)[C@@H](c1cc(OC)c3c(c1)OCO3)O2,STP00759,成功（100条，已去重）,100,1.0,1.0,1.0,molecule_ID精确匹配,全量源表未提供可核验SMILES；仅保留Swiss原始SMILES供原始行号审计
74,9238,C=CCc1cc(OC)c(O)c(OC)c1,STP00073,成功（100条，已去重）,100,5.0,1.0,1.0,molecule_ID精确匹配,全量源表未提供可核验SMILES；仅保留Swiss原始SMILES供原始行号审计
1235,9240,COc1cc([C@@H]2O[C@H](c3ccc4c(c3)OCO4)[C@@H](C)[C@H]2C)ccc1O,STP01233,成功（100条，已去重）,100,1.0,1.0,1.0,molecule_ID精确匹配,全量源表未提供可核验SMILES；仅保留Swiss原始SMILES供原始行号审计
211,9241,C/C=C/c1cc(OC)c2c(c1)[C@H](C)[C@@H](c1cc(OC)c(O)c(OC)c1)O2,STP00210,成功（100条，已去重）,100,1.0,1.0,1.0,molecule_ID精确匹配,全量源表未提供可核验SMILES；仅保留Swiss原始SMILES供原始行号审计
3317,9242,COc1cc([C@@H]2O[C@H](c3ccc4c(c3)OCO4)[C@@H](C)[C@@H]2C)ccc1O,STP03311,成功（100条，已去重）,100,1.0,1.0,1.0,molecule_ID精确匹配,全量源表未提供可核验SMILES；仅保留Swiss原始SMILES供原始行号审计
172,9243,COc1cc([C@H]2c3cc(O)c(OC)cc3C[C@H](C)[C@@H]2C)ccc1O,STP00171,成功（100条，已去重）,100,1.0,1.0,1.0,molecule_ID精确匹配,全量源表未提供可核验SMILES；仅保留Swiss原始SMILES供原始行号审计
749,9244,C/C=C/c1ccc(O[C@H](C)[C@H](O)c2ccc(O)c(OC)c2)c(OC)c1,STP00748,成功（100条，已去重）,100,1.0,1.0,1.0,molecule_ID精确匹配,全量源表未提供可核验SMILES；仅保留Swiss原始SMILES供原始行号审计
2477,9245,COc1cc([C@H](O)[C@@H](C)[C@@H](C)Cc2ccc3c(c2)OCO3)ccc1O,STP02472,成功（100条，已去重）,100,1.0,1.0,1.0,molecule_ID精确匹配,全量源表未提供可核验SMILES；仅保留Swiss原始SMILES供原始行号审计
1495,9246,COc1cc(C[C@H](C)[C@H](C)[C@@H](O)c2ccc(O)c(OC)c2)ccc1O,STP01492,成功（100条，已去重）,100,1.0,1.0,1.0,molecule_ID精确匹配,全量源表未提供可核验SMILES；仅保留Swiss原始SMILES供原始行号审计
1149,9247,COc1cc([C@H]2O[C@@H](c3ccc(O)c(OC)c3)[C@H](C)[C@@H]2C)ccc1O,STP01148,成功（100条，已去重）,100,1.0,1.0,1.0,molecule_ID精确匹配,全量源表未提供可核验SMILES；仅保留Swiss原始SMILES供原始行号审计
64,9248,C/C=C/c1cc(OC)c2c(c1)[C@H](C)[C@@H](c1ccc(O)c(OC)c1)O2,STP00063,成功（100条，已去重）,100,1.0,1.0,1.0,molecule_ID精确匹配,全量源表未提供可核验SMILES；仅保留Swiss原始SMILES供原始行号审计
3884,9249,CC1(C)[C@@H](C=C(Br)Br)[C@@H]1C(=O)O[C@@H](C#N)c1cccc(Oc2ccccc2)c1,STP03878,成功（100条，已去重）,100,1.0,1.0,1.0,molecule_ID精确匹配,全量源表未提供可核验SMILES；仅保留Swiss原始SMILES供原始行号审计
1132,9251,COc1cc(C[C@@H](C)[C@@H](C)Cc2ccc3c(c2)OCO3)ccc1O,STP01131,成功（100条，已去重）,100,1.0,1.0,1.0,molecule_ID精确匹配,全量源表未提供可核验SMILES；仅保留Swiss原始SMILES供原始行号审计
2600,9253,COc1cc([C@@H]2O[C@H](c3cc(OC)c(O)c(OC)c3)[C@@H](C)[C@H]2C)ccc1O,STP02595,成功（100条，已去重）,100,1.0,1.0,1.0,molecule_ID精确匹配,全量源表未提供可核验SMILES；仅保留Swiss原始SMILES供原始行号审计
2532,9254,C[C@H]1[C@H](C)[C@@H](c2ccc3c(c2)OCO3)O[C@@H]1c1ccc2c(c1)OCO2,STP02527,成功（100条，已去重）,100,1.0,1.0,1.0,molecule_ID精确匹配,全量源表未提供可核验SMILES；仅保留Swiss原始SMILES供原始行号审计
280,9255,C/C=C/c1cc(OC)c2c(c1)[C@H](C)[C@@H](c1ccc3c(c1)OCO3)O2,STP00279,成功（100条，已去重）,100,1.0,1.0,1.0,molecule_ID精确匹配,全量源表未提供可核验SMILES；仅保留Swiss原始SMILES供原始行号审计
3570,9256,O=C(CCCCCCCCc1ccc(O)cc1)c1c(O)cccc1O,STP03564,成功（100条，已去重）,100,1.0,1.0,1.0,molecule_ID精确匹配,全量源表未提供可核验SMILES；仅保留Swiss原始SMILES供原始行号审计
1673,9258,Cc1ccc(NP(=O)(N2CC2)N2CC2)cc1,STP01669,成功（100条，已去重）,100,1.0,1.0,1.0,molecule_ID精确匹配,全量源表未提供可核验SMILES；仅保留Swiss原始SMILES供原始行号审计
3314,9259,CC1(C)[C@H](C(=O)OCc2cccc(Oc3ccccc3)c2)[C@@H]1C=C(Cl)Cl,STP03308,成功（100条，已去重）,100,1.0,1.0,1.0,molecule_ID精确匹配,全量源表未提供可核验SMILES；仅保留Swiss原始SMILES供原始行号审计
2839,926,C=CC(=C)CC/C=C(/C)CCC=C(C)C,STP02834,成功（100条，已去重）,100,14.0,1.0,1.0,molecule_ID精确匹配,全量源表未提供可核验SMILES；仅保留Swiss原始SMILES供原始行号审计
729,9260,CNC(=O)Oc1ccccc1OC(C)C,STP00728,成功（100条，已去重）,100,1.0,1.0,1.0,molecule_ID精确匹配,全量源表未提供可核验SMILES；仅保留Swiss原始SMILES供原始行号审计
3040,9261,CC(C)NC[C@H](O)COc1cccc2ccccc12,STP03035,成功（100条，已去重）,100,1.0,1.0,1.0,molecule_ID精确匹配,全量源表未提供可核验SMILES；仅保留Swiss原始SMILES供原始行号审计
1289,9263,COc1cc([C@@H]2O[C@@H](c3ccc(O)c(OC)c3)[C@@H](C)[C@@H]2C)ccc1O,STP01287,成功（100条，已去重）,100,1.0,1.0,1.0,molecule_ID精确匹配,全量源表未提供可核验SMILES；仅保留Swiss原始SMILES供原始行号审计
1292,9264,COc1cc([C@H]2O[C@@H](c3ccc(O)c(OC)c3)[C@@H](C)[C@H]2C)ccc1O,STP01290,成功（100条，已去重）,100,1.0,1.0,1.0,molecule_ID精确匹配,全量源表未提供可核验SMILES；仅保留Swiss原始SMILES供原始行号审计
153,9265,COc1cc([C@H]2c3cc(O)c(OC)cc3C=C(C)[C@@H]2C)ccc1O,STP00152,成功（100条，已去重）,100,1.0,1.0,1.0,molecule_ID精确匹配,全量源表未提供可核验SMILES；仅保留Swiss原始SMILES供原始行号审计
3955,9266,C[C@H]1C[C@H]2[C@H](C[C@H]1O)C2(C)C,STP03948,成功（100条，已去重）,100,1.0,1.0,1.0,molecule_ID精确匹配,全量源表未提供可核验SMILES；仅保留Swiss原始SMILES供原始行号审计
1158,9267,COc1cc([C@H]2O[C@@H](c3ccc(O)c(OC)c3)[C@@H](C)[C@@H]2C)ccc1O,STP01157,成功（100条，已去重）,100,1.0,1.0,1.0,molecule_ID精确匹配,全量源表未提供可核验SMILES；仅保留Swiss原始SMILES供原始行号审计
1476,9273,CC(C)O[C@@H]1CCC[C@H](C)C1,STP01473,成功（100条，已去重）,100,1.0,1.0,1.0,molecule_ID精确匹配,全量源表未提供可核验SMILES；仅保留Swiss原始SMILES供原始行号审计
4013,9277,[H]OC([H])([H])[C@@]1([H])O[C@]([H])(Oc2c([H])c([H])c3c(=O)c(-c4c([H])c([H])c(OC([H])([H])[H])c([H])c4[H])c([H])[o+]c3c2[H])[C@]([H])(O[H])[C@@]([H])(O[H])[C@]1([H])O[H],STP04006,成功（100条，已去重）,100,1.0,1.0,1.0,molecule_ID精确匹配,全量源表未提供可核验SMILES；仅保留Swiss原始SMILES供原始行号审计
537,9278,COc1cc(-c2oc3cc(O)cc(O)c3c(=O)c2O)cc(O)c1O,STP00536,成功（100条，已去重）,100,3.0,1.0,1.0,molecule_ID精确匹配,全量源表未提供可核验SMILES；仅保留Swiss原始SMILES供原始行号审计
3164,9286,CCCCCCCCCCCCCCC/C=C\C(=O)O,STP03159,成功（100条，已去重）,100,1.0,1.0,1.0,molecule_ID精确匹配,全量源表未提供可核验SMILES；仅保留Swiss原始SMILES供原始行号审计
3900,9289,COc1ccc(-c2coc3cc(O[C@H]4O[C@@H](CO)[C@H](O)[C@@H](O)[C@@H]4O)ccc3c2=O)cc1O,STP03893,成功（100条，已去重）,100,1.0,1.0,1.0,molecule_ID精确匹配,全量源表未提供可核验SMILES；仅保留Swiss原始SMILES供原始行号审计
2244,9292,O=c1cc(-c2cc(O)c(O)c(O)c2)oc2cc(O)cc(O)c12,STP02239,成功（100条，已去重）,100,2.0,1.0,1.0,molecule_ID精确匹配,全量源表未提供可核验SMILES；仅保留Swiss原始SMILES供原始行号审计
1161,9294,O=C(O)[C@@H](O)Cc1ccccc1,STP01160,成功（100条，已去重）,100,1.0,1.0,1.0,molecule_ID精确匹配,全量源表未提供可核验SMILES；仅保留Swiss原始SMILES供原始行号审计
3016,9295,O=C(O)c1cc2c([nH]c3ccccc32)c(-c2ccc(CO)o2)n1,STP03011,成功（100条，已去重）,100,2.0,1.0,1.0,molecule_ID精确匹配,全量源表未提供可核验SMILES；仅保留Swiss原始SMILES供原始行号审计
424,9297,COc1cc(-c2cc(=O)c3c(O)c(OC)c(O)cc3o2)ccc1O,STP00423,成功（100条，已去重）,100,1.0,1.0,1.0,molecule_ID精确匹配,全量源表未提供可核验SMILES；仅保留Swiss原始SMILES供原始行号审计
2854,9298,CC(C)(O)c1cc2c(ccc3ccc(=O)oc32)o1,STP02849,成功（100条，已去重）,100,2.0,1.0,1.0,molecule_ID精确匹配,全量源表未提供可核验SMILES；仅保留Swiss原始SMILES供原始行号审计
2891,9299,COc1cc2ccc(=O)oc2cc1O[C@@H]1O[C@H](CO)[C@H](O)[C@H](O)[C@H]1O,STP02886,成功（100条，已去重）,100,1.0,1.0,1.0,molecule_ID精确匹配,全量源表未提供可核验SMILES；仅保留Swiss原始SMILES供原始行号审计
1023,9300,C=C1CC[C@H]2C(=C)C[C@@H](O)[C@@H]3[C@H](OC(=O)[C@@H]3C)[C@@H]12,STP01022,成功（100条，已去重）,100,1.0,1.0,1.0,molecule_ID精确匹配,全量源表未提供可核验SMILES；仅保留Swiss原始SMILES供原始行号审计
1498,9302,C=C[C@H](C)O,STP01495,成功（100条，已去重）,100,1.0,1.0,1.0,molecule_ID精确匹配,全量源表未提供可核验SMILES；仅保留Swiss原始SMILES供原始行号审计
928,9305,CC1(C)CC(=O)CC(C)(C)N1,STP00927,成功（100条，已去重）,100,2.0,1.0,1.0,molecule_ID精确匹配,全量源表未提供可核验SMILES；仅保留Swiss原始SMILES供原始行号审计
1457,9306,CC(C)(C)NC(N)=O,STP01454,成功（100条，已去重）,100,1.0,1.0,1.0,molecule_ID精确匹配,全量源表未提供可核验SMILES；仅保留Swiss原始SMILES供原始行号审计
3653,9308,C[C@@H]1O[C@@H](Oc2c(-c3ccc(O)c(O)c3)oc3cc(O)cc(O)c3c2=O)[C@@H](O)[C@H](O)[C@@H]1O,STP03647,成功（100条，已去重）,100,2.0,1.0,1.0,molecule_ID精确匹配,全量源表未提供可核验SMILES；仅保留Swiss原始SMILES供原始行号审计
3136,9310,COc1cc(O)c2c(=O)c(O[C@@H]3O[C@H](C)[C@H](O)[C@H](O)[C@@H]3O)c(-c3ccc(O)cc3)oc2c1,STP03131,成功（100条，已去重）,100,1.0,1.0,1.0,molecule_ID精确匹配,全量源表未提供可核验SMILES；仅保留Swiss原始SMILES供原始行号审计
3222,9323,CC[C@@H]1[C@H](CC=O)C(C(=O)O[C@@H]2C[C@H]3C=CO[C@@H](O)[C@]3(C)[C@H]2C)=CC[C@@H]1O,STP03217,成功（100条，已去重）,100,1.0,1.0,1.0,molecule_ID精确匹配,全量源表未提供可核验SMILES；仅保留Swiss原始SMILES供原始行号审计
1679,9327,COc1ccc2c(c1OC)C(=O)O[C@H]2[C@H]1c2c(cc3c(c2OC)OCO3)CCN1C,STP01675,成功（100条，已去重）,100,1.0,1.0,1.0,molecule_ID精确匹配,全量源表未提供可核验SMILES；仅保留Swiss原始SMILES供原始行号审计
376,9328,COc1ccc(C[C@H]2c3cc(OC)c(OC)cc3CCN2C)cc1O,STP00375,成功（100条，已去重）,100,1.0,1.0,1.0,molecule_ID精确匹配,全量源表未提供可核验SMILES；仅保留Swiss原始SMILES供原始行号审计
3310,9329,COc1ccc(C(=O)Cc2c(CCN(C)C)cc3c(c2OC)OCO3)c(C(=O)O)c1OC,STP03304,成功（100条，已去重）,100,1.0,1.0,1.0,molecule_ID精确匹配,全量源表未提供可核验SMILES；仅保留Swiss原始SMILES供原始行号审计
1694,9330,COc1ccc2c(c1OC)C(=O)O[C@@H]2[C@H]1c2c(cc3c(c2OC)OCO3)CCN1C,STP01690,成功（100条，已去重）,100,1.0,1.0,1.0,molecule_ID精确匹配,全量源表未提供可核验SMILES；仅保留Swiss原始SMILES供原始行号审计
2011,9331,COc1ccc(Cc2nccc3cc(OC)c(OC)cc23)cc1O,STP02006,成功（100条，已去重）,100,1.0,1.0,1.0,molecule_ID精确匹配,全量源表未提供可核验SMILES；仅保留Swiss原始SMILES供原始行号审计
3998,9332,O=C1CC2=CC[C@H]3C[C@]2(O1)[C@@H]1CCCCN31,STP03991,成功（100条，已去重）,100,1.0,1.0,1.0,molecule_ID精确匹配,全量源表未提供可核验SMILES；仅保留Swiss原始SMILES供原始行号审计
1117,9333,COc1ccc(C[C@H]2c3cc(O)c(OC)cc3CCN2C)cc1O,STP01116,成功（100条，已去重）,100,3.0,1.0,1.0,molecule_ID精确匹配,全量源表未提供可核验SMILES；仅保留Swiss原始SMILES供原始行号审计
121,9334,COC1=C[C@H]2CCN(C)[C@H](Cc3ccc(OC)c(O)c3)C2=CC1=O,STP00120,成功（100条，已去重）,100,1.0,1.0,1.0,molecule_ID精确匹配,全量源表未提供可核验SMILES；仅保留Swiss原始SMILES供原始行号审计
832,9335,COC(=O)c1cc2c(cc1OC)CCN1CCC3=CC[C@H](OC)C[C@]321,STP00831,成功（100条，已去重）,100,1.0,1.0,1.0,molecule_ID精确匹配,全量源表未提供可核验SMILES；仅保留Swiss原始SMILES供原始行号审计
2976,9336,COc1ccc2c(c1OC)C(=O)O[C@H]2[C@H]1c2c(cc3c(c2O)OCO3)CCN1C,STP02971,成功（100条，已去重）,100,1.0,1.0,1.0,molecule_ID精确匹配,全量源表未提供可核验SMILES；仅保留Swiss原始SMILES供原始行号审计
345,9337,C=C1CC[C@@H](C(C)C)C[C@@H]2[C@H]1CC[C@]2(C)O,STP00344,成功（100条，已去重）,100,1.0,1.0,1.0,molecule_ID精确匹配,全量源表未提供可核验SMILES；仅保留Swiss原始SMILES供原始行号审计
2103,9338,O=c1c2c(O)cc(O)cc2oc2ccc(O)c(O)c12,STP02098,成功（100条，已去重）,100,1.0,1.0,1.0,molecule_ID精确匹配,全量源表未提供可核验SMILES；仅保留Swiss原始SMILES供原始行号审计
1661,9339,COc1cc2c(cc1OC)[C@@H]1O[C@H](OC)c3c(ccc4c3OCO4)[C@H]1NCC2,STP01657,成功（100条，已去重）,100,1.0,1.0,1.0,molecule_ID精确匹配,全量源表未提供可核验SMILES；仅保留Swiss原始SMILES供原始行号审计
3490,9340,C=C1CC[C@H]2C(C)(C)CCC[C@]2(C)[C@H]1C/C=C(/C=O)CC=O,STP03484,成功（100条，已去重）,100,1.0,1.0,1.0,molecule_ID精确匹配,全量源表未提供可核验SMILES；仅保留Swiss原始SMILES供原始行号审计
1078,9343,C=C(C)[C@@H]1CC[C@@]2(C)CCC[C@@](C)(O)[C@@H]2C1,STP01077,成功（100条，已去重）,100,2.0,1.0,1.0,molecule_ID精确匹配,全量源表未提供可核验SMILES；仅保留Swiss原始SMILES供原始行号审计
1067,9347,CC(C)[C@@H]1CCC(=O)C2=C1[C@H](O)[C@](C)(O)CC2,STP01066,成功（100条，已去重）,100,1.0,1.0,1.0,molecule_ID精确匹配,全量源表未提供可核验SMILES；仅保留Swiss原始SMILES供原始行号审计
1908,9349,C[C@@]12CCC(=O)C=C1[C@@](C)(O)[C@H](O)CC2,STP01903,成功（100条，已去重）,100,1.0,1.0,1.0,molecule_ID精确匹配,全量源表未提供可核验SMILES；仅保留Swiss原始SMILES供原始行号审计
2917,935,CC1=C2[C@H](CC1)[C@H](C)CC[C@@H]1[C@H]2C1(C)C,STP02912,成功（100条，已去重）,100,16.0,1.0,1.0,molecule_ID精确匹配,全量源表未提供可核验SMILES；仅保留Swiss原始SMILES供原始行号审计
1906,9350,C[C@@]12CCC(=O)C=C1[C@](C)(O)[C@H](O)CC2,STP01901,成功（100条，已去重）,100,1.0,1.0,1.0,molecule_ID精确匹配,全量源表未提供可核验SMILES；仅保留Swiss原始SMILES供原始行号审计
367,9351,C=C(C)[C@H]1C=C2[C@](C)(CCC[C@@]2(C)O)CC1,STP00366,成功（100条，已去重）,100,1.0,1.0,1.0,molecule_ID精确匹配,全量源表未提供可核验SMILES；仅保留Swiss原始SMILES供原始行号审计
3876,9353,C=C(C)[C@@H]1CC[C@@]2(O)[C@@H](O)CC[C@@H](C)[C@]2(C)C1,STP03870,成功（100条，已去重）,100,1.0,1.0,1.0,molecule_ID精确匹配,全量源表未提供可核验SMILES；仅保留Swiss原始SMILES供原始行号审计
4204,9357,COc1cc(CCC(=O)CCCCc2ccccc2)ccc1O,STP04197,成功（100条，已去重）,100,1.0,1.0,1.0,molecule_ID精确匹配,全量源表未提供可核验SMILES；仅保留Swiss原始SMILES供原始行号审计
4203,9358,COc1cc(/C=C/C(=O)CCCCc2ccccc2)ccc1O,STP04196,成功（100条，已去重）,100,1.0,1.0,1.0,molecule_ID精确匹配,全量源表未提供可核验SMILES；仅保留Swiss原始SMILES供原始行号审计
2546,936,CC(C)=C1C/C=C(\C)CC/C=C(\C)CC1,STP02541,成功（100条，已去重）,100,11.0,1.0,1.0,molecule_ID精确匹配,全量源表未提供可核验SMILES；仅保留Swiss原始SMILES供原始行号审计
1243,9362,Cc1c(O)cc(/C=C\c2ccccc2)cc1O,STP01241,成功（100条，已去重）,100,1.0,1.0,1.0,molecule_ID精确匹配,全量源表未提供可核验SMILES；仅保留Swiss原始SMILES供原始行号审计
3647,9363,CC[C@H]1[C@@H]2CCCCN3[C@H]2[C@@H](C[C@H]3[C@@H]2C[C@H](C)C(=O)O2)[C@@H]2[C@H]1OC(=O)[C@H]2C,STP03641,成功（100条，已去重）,100,1.0,1.0,1.0,molecule_ID精确匹配,全量源表未提供可核验SMILES；仅保留Swiss原始SMILES供原始行号审计
3856,9364,CC[C@@H]1[C@H]2CCCCN3[C@H]2[C@H](C[C@H]3[C@@H]2C[C@@H](C)C(=O)O2)[C@@H]2[C@H]1OC(=O)[C@H]2C,STP03850,成功（100条，已去重）,100,1.0,1.0,1.0,molecule_ID精确匹配,全量源表未提供可核验SMILES；仅保留Swiss原始SMILES供原始行号审计
3032,937,C[C@@H]1CC[C@@H]2[C@H](C3=C1CC[C@H]3C)C2(C)C,STP03027,成功（100条，已去重）,100,15.0,1.0,1.0,molecule_ID精确匹配,全量源表未提供可核验SMILES；仅保留Swiss原始SMILES供原始行号审计
4019,9370,CC[C@@H]1[C@@H]2OC(=O)[C@H](C)[C@H]2C(=O)C[C@@H]([C@@H]2C[C@H](C)C(=O)O2)N2CCCC[C@H]1C2=O,STP04012,成功（100条，已去重）,100,1.0,1.0,1.0,molecule_ID精确匹配,全量源表未提供可核验SMILES；仅保留Swiss原始SMILES供原始行号审计
1892,9371,C[C@@H]1C(=O)O[C@]2(CCCCN3C(=O)CC[C@H]32)[C@H]1O,STP01887,成功（100条，已去重）,100,1.0,1.0,1.0,molecule_ID精确匹配,全量源表未提供可核验SMILES；仅保留Swiss原始SMILES供原始行号审计
48,9374,COc1cc(O)c2c(c1)CCc1cc(O)c(C)cc1-2,STP00047,成功（100条，已去重）,100,1.0,1.0,1.0,molecule_ID精确匹配,全量源表未提供可核验SMILES；仅保留Swiss原始SMILES供原始行号审计
145,9376,COC1=C(C)C(=O)O/C1=C1\O[C@@H]2CCCn3cccc3[C@H]2[C@@H]1C,STP00144,成功（100条，已去重）,100,1.0,1.0,1.0,molecule_ID精确匹配,全量源表未提供可核验SMILES；仅保留Swiss原始SMILES供原始行号审计
288,9377,CC[C@H]1[C@@H]2OC(=O)[C@@H](C)[C@@H]2c2cc([C@@H]3C[C@@H](C)C(=O)O3)n3c2[C@@H]1CCCC3,STP00287,成功（100条，已去重）,100,1.0,1.0,1.0,molecule_ID精确匹配,全量源表未提供可核验SMILES；仅保留Swiss原始SMILES供原始行号审计
3593,9378,COC1=C(C)C(=O)O/C1=C1\O[C@@H]2CCCn3c(ccc3[C@H]3C[C@H](C)C(=O)O3)[C@H]2[C@@H]1C,STP03587,成功（100条，已去重）,100,1.0,1.0,1.0,molecule_ID精确匹配,全量源表未提供可核验SMILES；仅保留Swiss原始SMILES供原始行号审计
1893,9379,CC[C@@H]1[C@H]2CCCCN3C(=O)C[C@H]([C@@H]4[C@H]1OC(=O)[C@H]4C)[C@@H]23,STP01888,成功（100条，已去重）,100,1.0,1.0,1.0,molecule_ID精确匹配,全量源表未提供可核验SMILES；仅保留Swiss原始SMILES供原始行号审计
887,938,C[C@@H]1CCC=C2CC[C@@H]3[C@@H](C3(C)C)[C@]21C,STP00886,成功（100条，已去重）,100,12.0,1.0,1.0,molecule_ID精确匹配,全量源表未提供可核验SMILES；仅保留Swiss原始SMILES供原始行号审计
3400,9380,CC[C@H]1[C@@H]2c3ccc([C@@H]4C[C@H](C)C(=O)O4)n3CCC[C@H]2O[C@]12C=C(C)C(=O)O2,STP03394,成功（100条，已去重）,100,1.0,1.0,1.0,molecule_ID精确匹配,全量源表未提供可核验SMILES；仅保留Swiss原始SMILES供原始行号审计
3929,9381,CC[C@H]1[C@@H]2c3ccc(C(=O)C[C@H](C)C(=O)O)n3CCC[C@H]2O[C@]12C=C(C)C(=O)O2,STP03922,成功（100条，已去重）,100,1.0,1.0,1.0,molecule_ID精确匹配,全量源表未提供可核验SMILES；仅保留Swiss原始SMILES供原始行号审计
3759,9382,CC[C@H]1[C@@H]2c3ccc(CC[C@H](C)C(=O)O)n3CCC[C@H]2O[C@]12C=C(C)C(=O)O2,STP03753,成功（100条，已去重）,100,1.0,1.0,1.0,molecule_ID精确匹配,全量源表未提供可核验SMILES；仅保留Swiss原始SMILES供原始行号审计
747,9383,CC[C@@H]1[C@@H]2OC(=O)[C@@H](C)[C@@H]2c2cc([C@@H]3C[C@H](C)C(=O)O3)n3c2[C@@H]1CCCC3,STP00746,成功（100条，已去重）,100,1.0,1.0,1.0,molecule_ID精确匹配,全量源表未提供可核验SMILES；仅保留Swiss原始SMILES供原始行号审计
1684,9384,CC[C@@H]1[C@@H]2OC(=O)[C@@H](C)[C@@H]2c2cc([C@@H]3C[C@H](C)C(=O)O3)n3c2[C@H]1CCCC3,STP01680,成功（100条，已去重）,100,1.0,1.0,1.0,molecule_ID精确匹配,全量源表未提供可核验SMILES；仅保留Swiss原始SMILES供原始行号审计
2768,9386,COc1ccc2c(c1)[C@@H](O)[C@@H]([C@@H]1COc3ccc(OC)cc3[C@@H]1O)CO2,STP02763,成功（100条，已去重）,100,2.0,1.0,1.0,molecule_ID精确匹配,全量源表未提供可核验SMILES；仅保留Swiss原始SMILES供原始行号审计
808,9387,CC[C@@H]1[C@H]2OC(=O)[C@H](C)[C@@H]2c2cc([C@@H]3C[C@H](C)C(=O)O3)n3c2[C@H]1CCCC3,STP00807,成功（100条，已去重）,100,1.0,1.0,1.0,molecule_ID精确匹配,全量源表未提供可核验SMILES；仅保留Swiss原始SMILES供原始行号审计
1664,9389,CC[C@H]1[C@H]2OC(=O)[C@@H](C)[C@H]2c2cc([C@H]3C[C@H](C)C(=O)O3)n3c2[C@H]1CCCC3,STP01660,成功（100条，已去重）,100,1.0,1.0,1.0,molecule_ID精确匹配,全量源表未提供可核验SMILES；仅保留Swiss原始SMILES供原始行号审计
3187,939,C/C1=C\CC(C)(C)/C=C/C[C@]2(C)O[C@H]2CC1,STP03182,成功（100条，已去重）,100,2.0,1.0,1.0,molecule_ID精确匹配,全量源表未提供可核验SMILES；仅保留Swiss原始SMILES供原始行号审计
3561,9390,CC[C@H]1[C@@H]2c3ccc([C@@H]4C[C@H](C)C(=O)O4)n3CCC[C@H]2O[C@@]12C=C(C)C(=O)O2,STP03555,成功（100条，已去重）,100,1.0,1.0,1.0,molecule_ID精确匹配,全量源表未提供可核验SMILES；仅保留Swiss原始SMILES供原始行号审计
1582,9391,CC[C@H]1[C@@H]2OC(=O)[C@@H](C)[C@@H]2c2cc([C@H]3C[C@H](C)C(=O)O3)n3c2[C@H]1CCCC3,STP01579,成功（100条，已去重）,100,1.0,1.0,1.0,molecule_ID精确匹配,全量源表未提供可核验SMILES；仅保留Swiss原始SMILES供原始行号审计
4045,9396,CC[C@@H]1[C@H]2CCCCN3[C@H]2[C@@H](C[C@H]3[C@H]2C[C@H](C)C(=O)O2)[C@@H]2[C@H]1OC(=O)[C@@H]2C,STP04038,成功（100条，已去重）,100,1.0,1.0,1.0,molecule_ID精确匹配,全量源表未提供可核验SMILES；仅保留Swiss原始SMILES供原始行号审计
2623,9397,COc1c(Cc2ccccc2O)c(O)cc(O)c1C(=O)CCc1ccccc1,STP02618,成功（100条，已去重）,100,1.0,1.0,1.0,molecule_ID精确匹配,全量源表未提供可核验SMILES；仅保留Swiss原始SMILES供原始行号审计
3746,9403,CC[C@@H]1[C@H]2CCCCN3CC[C@@H]([C@H]4[C@@H]1OC(=O)[C@H]4C)[C@@H]23,STP03740,成功（100条，已去重）,100,1.0,1.0,1.0,molecule_ID精确匹配,全量源表未提供可核验SMILES；仅保留Swiss原始SMILES供原始行号审计
3926,9404,CC[C@@H]1[C@H]2CCCCN3[C@H]2[C@@H](C[C@H]3[C@@H]2C[C@H](C)C(=O)O2)[C@H]2[C@H]1OC(=O)[C@H]2C,STP03919,成功（100条，已去重）,100,1.0,1.0,1.0,molecule_ID精确匹配,全量源表未提供可核验SMILES；仅保留Swiss原始SMILES供原始行号审计
4087,9406,CC[C@@H]1C2=C3N(CCCC2)[C@H]([C@@H]2C[C@H](C)C(=O)O2)C[C@]3(O)[C@H]2[C@@H]1OC(=O)[C@H]2C,STP04080,成功（100条，已去重）,100,1.0,1.0,1.0,molecule_ID精确匹配,全量源表未提供可核验SMILES；仅保留Swiss原始SMILES供原始行号审计
1737,941,CC(C)=CCC[C@H](C)[C@@H]1C=C[C@@](C)(O)CC1,STP01733,成功（100条，已去重）,100,1.0,1.0,1.0,molecule_ID精确匹配,全量源表未提供可核验SMILES；仅保留Swiss原始SMILES供原始行号审计
3679,9412,CC[C@H]1[C@H]2[C@H](CCCN3C(=O)CC[C@@H]23)O[C@]12C[C@H](C)C(=O)O2,STP03673,成功（100条，已去重）,100,1.0,1.0,1.0,molecule_ID精确匹配,全量源表未提供可核验SMILES；仅保留Swiss原始SMILES供原始行号审计
3237,9414,CC[C@@H]([C@H]1CCCCN2C(=O)CC[C@@H]12)[C@@H]1C=C(C)C(=O)O1,STP03231,成功（100条，已去重）,100,1.0,1.0,1.0,molecule_ID精确匹配,全量源表未提供可核验SMILES；仅保留Swiss原始SMILES供原始行号审计
3858,9416,CC[C@@H]1C(=O)CCCCN2C(=O)[C@@H](C[C@H]2[C@@H]2C[C@H](C)C(=O)O2)[C@@H]2[C@H]1OC(=O)[C@H]2C,STP03852,成功（100条，已去重）,100,1.0,1.0,1.0,molecule_ID精确匹配,全量源表未提供可核验SMILES；仅保留Swiss原始SMILES供原始行号审计
984,942,CC1=C[C@@H]2[C@@H](CC1)[C@](C)(O)CC[C@H]2C(C)C,STP00983,成功（100条，已去重）,100,14.0,1.0,1.0,molecule_ID精确匹配,全量源表未提供可核验SMILES；仅保留Swiss原始SMILES供原始行号审计
1827,9422,CC[C@H]1[C@H]2OC(=O)C[C@H]2[C@H]2CCN3CCCC[C@@]1(C)[C@H]23,STP01822,成功（100条，已去重）,100,1.0,1.0,1.0,molecule_ID精确匹配,全量源表未提供可核验SMILES；仅保留Swiss原始SMILES供原始行号审计
4093,9430,COC1=C(C)C(=O)C[C@@]12C(=O)C(C)=C1CCCCN3C(=O)CC[C@]132,STP04086,成功（100条，已去重）,100,1.0,1.0,1.0,molecule_ID精确匹配,全量源表未提供可核验SMILES；仅保留Swiss原始SMILES供原始行号审计
942,9432,CC[C@H]1[C@@H]2c3ccc([C@@H]4C[C@H](C)C(=O)O4)n3CCC[C@H]2O[C@]12C[C@H](C)C(=O)O2,STP00941,成功（100条，已去重）,100,1.0,1.0,1.0,molecule_ID精确匹配,全量源表未提供可核验SMILES；仅保留Swiss原始SMILES供原始行号审计
935,9433,CC[C@H]1[C@@H]2c3ccc([C@@H]4C[C@H](C)C(=O)O4)n3CCC[C@H]2O[C@@]12C[C@H](C)C(=O)O2,STP00934,成功（100条，已去重）,100,1.0,1.0,1.0,molecule_ID精确匹配,全量源表未提供可核验SMILES；仅保留Swiss原始SMILES供原始行号审计
3507,9434,CC[C@H]1[C@H]2[C@@H](CCCN3C(=O)CC[C@@H]23)O[C@]12C=C(C)C(=O)O2,STP03501,成功（100条，已去重）,100,1.0,1.0,1.0,molecule_ID精确匹配,全量源表未提供可核验SMILES；仅保留Swiss原始SMILES供原始行号审计
3609,9437,CC[C@@H]1[C@H]2CCCCN3CC[C@H]([C@@H]4[C@H]1OC(=O)[C@H]4C)[C@@H]23,STP03603,成功（100条，已去重）,100,1.0,1.0,1.0,molecule_ID精确匹配,全量源表未提供可核验SMILES；仅保留Swiss原始SMILES供原始行号审计
72,944,CC(C)=CC(=O)C[C@@H](C)c1ccc(C)cc1,STP00071,成功（100条，已去重）,100,3.0,1.0,1.0,molecule_ID精确匹配,全量源表未提供可核验SMILES；仅保留Swiss原始SMILES供原始行号审计
3512,9442,CC[C@@H]1[C@@H]2[C@H](CCCN3C(=O)CC[C@H]23)O[C@@]12C=C(C)C(=O)O2,STP03506,成功（100条，已去重）,100,1.0,1.0,1.0,molecule_ID精确匹配,全量源表未提供可核验SMILES；仅保留Swiss原始SMILES供原始行号审计
4018,9444,CC[C@@H]1[C@H]2CCCCN3[C@H]2[C@H](C[C@@H]3[C@@H]2C[C@H](C)C(=O)O2)[C@@H]2[C@H]1OC(=O)[C@H]2C,STP04011,成功（100条，已去重）,100,1.0,1.0,1.0,molecule_ID精确匹配,全量源表未提供可核验SMILES；仅保留Swiss原始SMILES供原始行号审计
1776,9450,C=C[C@@](C)(CCC=C(C)C)OC(=O)c1ccccc1N,STP01772,成功（100条，已去重）,100,1.0,1.0,1.0,molecule_ID精确匹配,全量源表未提供可核验SMILES；仅保留Swiss原始SMILES供原始行号审计
3076,9458,COc1c(O)cc2c(c1OC)-c1ccc(OC)c(=O)cc1[C@@H](NC(C)=O)CC2,STP03071,成功（100条，已去重）,100,1.0,1.0,1.0,molecule_ID精确匹配,全量源表未提供可核验SMILES；仅保留Swiss原始SMILES供原始行号审计
2175,946,COc1cc(/C=C/C(=O)CC(=O)/C=C/c2ccc(O)cc2)ccc1O,STP02170,成功（100条，已去重）,100,2.0,1.0,1.0,molecule_ID精确匹配,全量源表未提供可核验SMILES；仅保留Swiss原始SMILES供原始行号审计
1720,947,CC(C)=C1CC(=O)[C@@H](C)CC/C=C(\C)CC1=O,STP01716,成功（100条，已去重）,100,1.0,1.0,1.0,molecule_ID精确匹配,全量源表未提供可核验SMILES；仅保留Swiss原始SMILES供原始行号审计
3635,9481,CC(=O)OC[C@@H](COC(=O)/C=C\c1ccc(O)cc1)O[C@@H]1O[C@H](CO)[C@@H](O)[C@H](O)[C@H]1O,STP03629,成功（100条，已去重）,100,1.0,1.0,1.0,molecule_ID精确匹配,全量源表未提供可核验SMILES；仅保留Swiss原始SMILES供原始行号审计
3418,9483,O=C(/C=C\c1ccc(O)cc1)OC[C@H](CO)O[C@@H]1O[C@H](CO)[C@@H](O)[C@H](O)[C@H]1O,STP03412,成功（100条，已去重）,100,1.0,1.0,1.0,molecule_ID精确匹配,全量源表未提供可核验SMILES；仅保留Swiss原始SMILES供原始行号审计
3745,9485,CC(=O)OC[C@H](O)COC(=O)/C=C/c1ccc(O)c(O)c1,STP03739,成功（100条，已去重）,100,1.0,1.0,1.0,molecule_ID精确匹配,全量源表未提供可核验SMILES；仅保留Swiss原始SMILES供原始行号审计
745,9489,CC(C)[C@H]1C=C[C@](C)(O)CC1,STP00744,成功（100条，已去重）,100,2.0,1.0,1.0,molecule_ID精确匹配,全量源表未提供可核验SMILES；仅保留Swiss原始SMILES供原始行号审计
1686,949,C=C1CC(=O)C(=C(C)C)C[C@H]2[C@H]1CC[C@]2(C)O,STP01682,成功（100条，已去重）,100,2.0,1.0,1.0,molecule_ID精确匹配,全量源表未提供可核验SMILES；仅保留Swiss原始SMILES供原始行号审计
541,9491,CC[C@@H]1[C@@H](C)CCC[C@]1(N)CC,STP00540,成功（100条，已去重）,100,1.0,1.0,1.0,molecule_ID精确匹配,全量源表未提供可核验SMILES；仅保留Swiss原始SMILES供原始行号审计
1967,9495,COCc1ccc2c(c1OC)C(=O)c1ccc(O)c(OC)c1C2=O,STP01962,成功（100条，已去重）,100,1.0,1.0,1.0,molecule_ID精确匹配,全量源表未提供可核验SMILES；仅保留Swiss原始SMILES供原始行号审计
2299,9496,COCc1ccc2c(c1O)C(=O)c1cc(O)c(OC)c(O)c1C2=O,STP02294,成功（100条，已去重）,100,1.0,1.0,1.0,molecule_ID精确匹配,全量源表未提供可核验SMILES；仅保留Swiss原始SMILES供原始行号审计
204,9497,CC[C@H]1C[C@@H](C)[C@@H](C)[C@@](N)(CC)C1,STP00203,成功（100条，已去重）,100,1.0,1.0,1.0,molecule_ID精确匹配,全量源表未提供可核验SMILES；仅保留Swiss原始SMILES供原始行号审计
2079,9498,COc1cc(OC)c2c(c1O)C(=O)c1ccc(O)cc1C2=O,STP02074,成功（100条，已去重）,100,1.0,1.0,1.0,molecule_ID精确匹配,全量源表未提供可核验SMILES；仅保留Swiss原始SMILES供原始行号审计
1981,9500,COCc1ccc2c(c1O)C(=O)c1ccc(O)c(OC)c1C2=O,STP01976,成功（100条，已去重）,100,1.0,1.0,1.0,molecule_ID精确匹配,全量源表未提供可核验SMILES；仅保留Swiss原始SMILES供原始行号审计
1333,9504,O=C1c2cc(CO)ccc2C(=O)c2c(O)cccc21,STP01331,成功（100条，已去重）,100,1.0,1.0,1.0,molecule_ID精确匹配,全量源表未提供可核验SMILES；仅保留Swiss原始SMILES供原始行号审计
1988,9505,O=C1c2ccc(CO)cc2C(=O)c2c(O)cccc21,STP01983,成功（100条，已去重）,100,1.0,1.0,1.0,molecule_ID精确匹配,全量源表未提供可核验SMILES；仅保留Swiss原始SMILES供原始行号审计
1102,9506,O=C1c2ccccc2C(=O)c2c(O)cccc21,STP01101,成功（100条，已去重）,100,2.0,1.0,1.0,molecule_ID精确匹配,全量源表未提供可核验SMILES；仅保留Swiss原始SMILES供原始行号审计
166,9507,CC(C)C[C@@]1(N)C[C@@H](C)CC[C@H]1C,STP00165,成功（100条，已去重）,100,1.0,1.0,1.0,molecule_ID精确匹配,全量源表未提供可核验SMILES；仅保留Swiss原始SMILES供原始行号审计
4131,951,COc1cc(/C=C\C(O)=C\C(=O)CCc2ccc(O)c(OC)c2)ccc1O,STP04124,成功（100条，已去重）,100,1.0,1.0,1.0,molecule_ID精确匹配,全量源表未提供可核验SMILES；仅保留Swiss原始SMILES供原始行号审计
2606,9511,C=C(C)CCC(C)(C)C,STP02601,成功（95条，已去重）,95,1.0,1.0,1.0,molecule_ID精确匹配,全量源表未提供可核验SMILES；仅保留Swiss原始SMILES供原始行号审计
2018,9513,COCc1ccc2c(c1OC)C(=O)c1c(ccc(O)c1OC)C2=O,STP02013,成功（100条，已去重）,100,1.0,1.0,1.0,molecule_ID精确匹配,全量源表未提供可核验SMILES；仅保留Swiss原始SMILES供原始行号审计
1169,9514,COc1c(O)ccc2c1C(=O)c1ccccc1C2=O,STP01168,成功（100条，已去重）,100,1.0,1.0,1.0,molecule_ID精确匹配,全量源表未提供可核验SMILES；仅保留Swiss原始SMILES供原始行号审计
2004,9519,COc1cc(O)c2c(c1)O[C@H](c1ccc(OC)c(O)c1)[C@H](O)C2=O,STP01999,成功（100条，已去重）,100,1.0,1.0,1.0,molecule_ID精确匹配,全量源表未提供可核验SMILES；仅保留Swiss原始SMILES供原始行号审计
1973,9527,COc1cc(OC)c2c(c1CO)C(=O)c1ccccc1C2=O,STP01968,成功（100条，已去重）,100,1.0,1.0,1.0,molecule_ID精确匹配,全量源表未提供可核验SMILES；仅保留Swiss原始SMILES供原始行号审计
3963,9530,OC[C@H]1O[C@@H](O[C@@H]2OC=C[C@H]3[C@H]2C(O)=C[C@H]3O)[C@H](O)[C@@H](O)[C@@H]1O,STP03956,成功（100条，已去重）,100,1.0,1.0,1.0,molecule_ID精确匹配,全量源表未提供可核验SMILES；仅保留Swiss原始SMILES供原始行号审计
3560,9531,OC1=C[C@@H](O)[C@H]2C=CO[C@@H](O)[C@H]12,STP03554,成功（100条，已去重）,100,1.0,1.0,1.0,molecule_ID精确匹配,全量源表未提供可核验SMILES；仅保留Swiss原始SMILES供原始行号审计
3550,9533,COC(=O)C1=CO[C@@H](O)[C@H]2[C@@H]1[C@@H]1O[C@@H]1[C@@]2(O)CO,STP03544,成功（100条，已去重）,100,1.0,1.0,1.0,molecule_ID精确匹配,全量源表未提供可核验SMILES；仅保留Swiss原始SMILES供原始行号审计
1491,9536,CCOc1c(O)ccc2c1C(=O)c1ccccc1C2=O,STP01488,成功（100条，已去重）,100,1.0,1.0,1.0,molecule_ID精确匹配,全量源表未提供可核验SMILES；仅保留Swiss原始SMILES供原始行号审计
1170,9537,O=C/C=C/c1ccc2c(c1)O[C@H](CO)[C@H](c1ccc(O)c(O)c1)O2,STP01169,成功（100条，已去重）,100,1.0,1.0,1.0,molecule_ID精确匹配,全量源表未提供可核验SMILES；仅保留Swiss原始SMILES供原始行号审计
611,9538,OC/C=C/c1ccc2c(c1)O[C@H](CO)[C@@H](c1ccc(O)c(O)c1)O2,STP00610,成功（100条，已去重）,100,1.0,1.0,1.0,molecule_ID精确匹配,全量源表未提供可核验SMILES；仅保留Swiss原始SMILES供原始行号审计
1940,9539,O=Cc1ccc2c(c1)C(=O)c1ccccc1C2=O,STP01935,成功（100条，已去重）,100,1.0,1.0,1.0,molecule_ID精确匹配,全量源表未提供可核验SMILES；仅保留Swiss原始SMILES供原始行号审计
3668,9544,CCCCCCCC/C=C\CCCCCC(=O)O,STP03662,成功（100条，已去重）,100,2.0,1.0,1.0,molecule_ID精确匹配,全量源表未提供可核验SMILES；仅保留Swiss原始SMILES供原始行号审计
3478,9548,O=C(O)C1=CO[C@H](O)[C@H]2C(CO)=C[C@H](O)[C@@H]12,STP03472,成功（100条，已去重）,100,2.0,1.0,1.0,molecule_ID精确匹配,全量源表未提供可核验SMILES；仅保留Swiss原始SMILES供原始行号审计
4179,9549,CCOCC,STP04172,成功（100条，已去重）,100,2.0,1.0,1.0,molecule_ID精确匹配,全量源表未提供可核验SMILES；仅保留Swiss原始SMILES供原始行号审计
175,955,CC(C)=CC(=O)C[C@@H](C)c1ccc(C)c(O)c1,STP00174,成功（100条，已去重）,100,2.0,1.0,1.0,molecule_ID精确匹配,全量源表未提供可核验SMILES；仅保留Swiss原始SMILES供原始行号审计
3780,9551,OC[C@H]1Oc2ccc([C@H]3OC[C@H]4[C@@H]3CO[C@@H]4c3ccc(O)c(O)c3)cc2O[C@@H]1c1ccc(O)c(O)c1,STP03774,成功（100条，已去重）,100,1.0,1.0,1.0,molecule_ID精确匹配,全量源表未提供可核验SMILES；仅保留Swiss原始SMILES供原始行号审计
1008,9556,O=C1OCC[C@H]2CC=C(CO)[C@@H]12,STP01007,成功（100条，已去重）,100,1.0,1.0,1.0,molecule_ID精确匹配,全量源表未提供可核验SMILES；仅保留Swiss原始SMILES供原始行号审计
2837,9559,COc1c(O)ccc(C(=O)c2c(C(=O)OCCO)cc(O)c(C)c2O)c1O,STP02832,成功（100条，已去重）,100,1.0,1.0,1.0,molecule_ID精确匹配,全量源表未提供可核验SMILES；仅保留Swiss原始SMILES供原始行号审计
3811,9562,O=C1C[C@@H]2c3ccccc3O[C@H]3c4cc(O)ccc4-c4c(O)cc(O)c1c4[C@H]23,STP03805,成功（100条，已去重）,100,1.0,1.0,1.0,molecule_ID精确匹配,全量源表未提供可核验SMILES；仅保留Swiss原始SMILES供原始行号审计
1316,9563,CC(C)(CO)CO,STP01314,成功（100条，已去重）,100,1.0,1.0,1.0,molecule_ID精确匹配,全量源表未提供可核验SMILES；仅保留Swiss原始SMILES供原始行号审计
1736,9568,CC(=O)/C(C)=C/c1ccccc1,STP01732,成功（100条，已去重）,100,2.0,1.0,1.0,molecule_ID精确匹配,全量源表未提供可核验SMILES；仅保留Swiss原始SMILES供原始行号审计
3889,9577,CC[C@@]1(O)C[C@H](O)c2c(cc3c(c2O)C(=O)c2c(O)cccc2C3=O)[C@H]1C(=O)OC,STP03883,成功（100条，已去重）,100,1.0,1.0,1.0,molecule_ID精确匹配,全量源表未提供可核验SMILES；仅保留Swiss原始SMILES供原始行号审计
1249,9578,COc1cc(/C=C\C(=O)O)cc(OC)c1OC,STP01247,成功（100条，已去重）,100,1.0,1.0,1.0,molecule_ID精确匹配,全量源表未提供可核验SMILES；仅保留Swiss原始SMILES供原始行号审计
459,9594,CCOC(=O)C1(c2ccccc2)CCN(C)CC1,STP00458,成功（100条，已去重）,100,1.0,1.0,1.0,molecule_ID精确匹配,全量源表未提供可核验SMILES；仅保留Swiss原始SMILES供原始行号审计
2317,96,Oc1cc(O)c2c(c1)O[C@@H](c1ccc(O)c(O)c1)[C@H](O)C2,STP02312,成功（100条，已去重）,100,11.0,1.0,1.0,molecule_ID精确匹配,全量源表未提供可核验SMILES；仅保留Swiss原始SMILES供原始行号审计
1487,960,CC1=CC(=O)C(=C(C)C)C[C@@]2(O)[C@H]1CC[C@]2(C)O,STP01484,成功（100条，已去重）,100,2.0,1.0,1.0,molecule_ID精确匹配,全量源表未提供可核验SMILES；仅保留Swiss原始SMILES供原始行号审计
3529,9604,CC[C@H]1CC[C@@H]2[C@@H]3CC[C@@H]4CCCC[C@]4(C)[C@H]3CC[C@]12C,STP03523,成功（100条，已去重）,100,1.0,1.0,1.0,molecule_ID精确匹配,全量源表未提供可核验SMILES；仅保留Swiss原始SMILES供原始行号审计
3133,9606,C=C(C)[C@@H]1CC[C@@]2(C)C=CC(=O)C(C)=C2C1,STP03128,成功（100条，已去重）,100,1.0,1.0,1.0,molecule_ID精确匹配,全量源表未提供可核验SMILES；仅保留Swiss原始SMILES供原始行号审计
106,9609,CC1=C[C@H]2CCC[C@@](C)(C(C)C)C2=CC1,STP00105,成功（100条，已去重）,100,1.0,1.0,1.0,molecule_ID精确匹配,全量源表未提供可核验SMILES；仅保留Swiss原始SMILES供原始行号审计
2090,961,CC1=CC(=O)C(=C(C)C)C[C@H]2[C@H]1CC[C@]2(C)O,STP02085,成功（100条，已去重）,100,2.0,1.0,1.0,molecule_ID精确匹配,全量源表未提供可核验SMILES；仅保留Swiss原始SMILES供原始行号审计
2967,9610,C[C@H]1CC[C@H]2[C@@H](CCC[C@@H]2C)C1,STP02962,成功（100条，已去重）,100,2.0,1.0,1.0,molecule_ID精确匹配,全量源表未提供可核验SMILES；仅保留Swiss原始SMILES供原始行号审计
1861,962,CC(C)=CC(=O)C[C@H](C)[C@@H]1C=C[C@](C)(O)[C@@H](O)C1,STP01856,成功（100条，已去重）,100,2.0,1.0,1.0,molecule_ID精确匹配,全量源表未提供可核验SMILES；仅保留Swiss原始SMILES供原始行号审计
3874,9624,C[C@H]1C[C@H]2CCCC[C@@H]2C[C@@H]1C,STP03868,成功（100条，已去重）,100,1.0,1.0,1.0,molecule_ID精确匹配,全量源表未提供可核验SMILES；仅保留Swiss原始SMILES供原始行号审计
261,9628,CO[C@]1(F)C[C@H]1c1ccccc1,STP00260,成功（100条，已去重）,100,1.0,1.0,1.0,molecule_ID精确匹配,全量源表未提供可核验SMILES；仅保留Swiss原始SMILES供原始行号审计
3630,963,CC(C)=C[C@H](O)C[C@@H](C)c1ccc(C)cc1,STP03624,成功（100条，已去重）,100,2.0,1.0,1.0,molecule_ID精确匹配,全量源表未提供可核验SMILES；仅保留Swiss原始SMILES供原始行号审计
2529,9636,C/C=C(\C)C/C=C(/C)[C@@H]1CC=CCC1,STP02524,成功（100条，已去重）,100,1.0,1.0,1.0,molecule_ID精确匹配,全量源表未提供可核验SMILES；仅保留Swiss原始SMILES供原始行号审计
553,9637,C=C[C@H](/C=C\c1ccc(OC)cc1)c1ccc(O)cc1,STP00552,成功（100条，已去重）,100,1.0,1.0,1.0,molecule_ID精确匹配,全量源表未提供可核验SMILES；仅保留Swiss原始SMILES供原始行号审计
3553,9638,CC(=O)c1cnc(NN)nc1C,STP03547,成功（100条，已去重）,100,1.0,1.0,1.0,molecule_ID精确匹配,全量源表未提供可核验SMILES；仅保留Swiss原始SMILES供原始行号审计
2324,9646,COc1cc2c(c(O)c1O)C(=O)C[C@H](c1ccc(O)c(O)c1)O2,STP02319,成功（100条，已去重）,100,1.0,1.0,1.0,molecule_ID精确匹配,全量源表未提供可核验SMILES；仅保留Swiss原始SMILES供原始行号审计
1133,9650,CN1[C@@H]2CC[C@H]1C[C@@H](OC(=O)[C@@H](CO)c1ccccc1)C2,STP01132,成功（100条，已去重）,100,1.0,1.0,1.0,molecule_ID精确匹配,全量源表未提供可核验SMILES；仅保留Swiss原始SMILES供原始行号审计
624,9657,CCOC(=O)c1ccc(C)cc1,STP00623,成功（100条，已去重）,100,1.0,1.0,1.0,molecule_ID精确匹配,全量源表未提供可核验SMILES；仅保留Swiss原始SMILES供原始行号审计
3655,9661,COC(=O)C1=CO[C@H](O)[C@@H]2[C@@]1(O)CC[C@@]2(C)O,STP03649,成功（100条，已去重）,100,1.0,1.0,1.0,molecule_ID精确匹配,全量源表未提供可核验SMILES；仅保留Swiss原始SMILES供原始行号审计
3803,9667,CCCC/C=C\CCCCCCCCCC(=O)O,STP03797,成功（100条，已去重）,100,4.0,1.0,1.0,molecule_ID精确匹配,全量源表未提供可核验SMILES；仅保留Swiss原始SMILES供原始行号审计
1865,9668,C/C1=C\CC[C@@]2(C)O[C@@H]2C(=O)c2c(C)coc2C1,STP01860,成功（100条，已去重）,100,1.0,1.0,1.0,molecule_ID精确匹配,全量源表未提供可核验SMILES；仅保留Swiss原始SMILES供原始行号审计
2850,9673,C[C@@H]1CCCC[C@@]12CCC[C@@H]2C,STP02845,成功（100条，已去重）,100,1.0,1.0,1.0,molecule_ID精确匹配,全量源表未提供可核验SMILES；仅保留Swiss原始SMILES供原始行号审计
907,9675,CCOC(=O)c1ccc(OC)cc1,STP00906,成功（100条，已去重）,100,1.0,1.0,1.0,molecule_ID精确匹配,全量源表未提供可核验SMILES；仅保留Swiss原始SMILES供原始行号审计
1350,9676,NC(=O)CC[C@@H](N)C(=O)O,STP01348,成功（100条，已去重）,100,1.0,1.0,1.0,molecule_ID精确匹配,全量源表未提供可核验SMILES；仅保留Swiss原始SMILES供原始行号审计
3969,968,C=C(CCC=C(C)C)[C@H]1CC=C(C)CC1,STP03962,成功（100条，已去重）,100,25.0,1.0,1.0,molecule_ID精确匹配,全量源表未提供可核验SMILES；仅保留Swiss原始SMILES供原始行号审计
2807,9685,C[C@H]1CCCC[C@@]12CCC[C@@H]2C,STP02802,成功（100条，已去重）,100,1.0,1.0,1.0,molecule_ID精确匹配,全量源表未提供可核验SMILES；仅保留Swiss原始SMILES供原始行号审计
1366,969,CC(C)(c1ccccc1)C(C)(C)c1ccccc1,STP01364,成功（100条，已去重）,100,1.0,1.0,1.0,molecule_ID精确匹配,全量源表未提供可核验SMILES；仅保留Swiss原始SMILES供原始行号审计
1731,9693,C1=C(N2CCCC2)CCC1,STP01727,成功（100条，已去重）,100,1.0,1.0,1.0,molecule_ID精确匹配,全量源表未提供可核验SMILES；仅保留Swiss原始SMILES供原始行号审计
831,9694,C=C(C)C(C#N)(C#N)Cc1ccccc1,STP00830,成功（100条，已去重）,100,1.0,1.0,1.0,molecule_ID精确匹配,全量源表未提供可核验SMILES；仅保留Swiss原始SMILES供原始行号审计
1927,9697,CCCn1c(C)ccc1C,STP01922,成功（100条，已去重）,100,1.0,1.0,1.0,molecule_ID精确匹配,全量源表未提供可核验SMILES；仅保留Swiss原始SMILES供原始行号审计
2867,9699,CC[C@@]12C[C@@H](COC1=O)[C@@H]2C,STP02862,成功（100条，已去重）,100,1.0,1.0,1.0,molecule_ID精确匹配,全量源表未提供可核验SMILES；仅保留Swiss原始SMILES供原始行号审计
3646,970,C=C1C=C[C@@H]([C@H](C)CC(=O)C=C(C)C)CC1,STP03640,成功（100条，已去重）,100,2.0,1.0,1.0,molecule_ID精确匹配,全量源表未提供可核验SMILES；仅保留Swiss原始SMILES供原始行号审计
1613,9702,CCOc1cc(O)ccc1OC,STP01610,成功（100条，已去重）,100,1.0,1.0,1.0,molecule_ID精确匹配,全量源表未提供可核验SMILES；仅保留Swiss原始SMILES供原始行号审计
3037,9706,CCCCOc1ccc(OCCCN2CCOCC2)cc1,STP03032,成功（100条，已去重）,100,1.0,1.0,1.0,molecule_ID精确匹配,全量源表未提供可核验SMILES；仅保留Swiss原始SMILES供原始行号审计
1859,9708,COC(C)(C)CC(C)=O,STP01854,成功（100条，已去重）,100,1.0,1.0,1.0,molecule_ID精确匹配,全量源表未提供可核验SMILES；仅保留Swiss原始SMILES供原始行号审计
3025,9709,COC1=CCC=C(NCCCCc2ccccc2)C1,STP03020,成功（100条，已去重）,100,1.0,1.0,1.0,molecule_ID精确匹配,全量源表未提供可核验SMILES；仅保留Swiss原始SMILES供原始行号审计
3592,9710,C[C@H](NC(C)(C)C)C(=O)c1cccc(Cl)c1,STP03586,成功（100条，已去重）,100,1.0,1.0,1.0,molecule_ID精确匹配,全量源表未提供可核验SMILES；仅保留Swiss原始SMILES供原始行号审计
2555,9712,O=C1O[C@@H](c2ccc3c(c2)OCO3)[C@@H]2CO[C@@H](c3ccc4c(c3)OCO4)[C@H]12,STP02550,成功（100条，已去重）,100,1.0,1.0,1.0,molecule_ID精确匹配,全量源表未提供可核验SMILES；仅保留Swiss原始SMILES供原始行号审计
3192,9717,CCCCC/C=C/C/C=C/CC/C=C/CCCC(=O)O,STP03187,成功（100条，已去重）,100,1.0,1.0,1.0,molecule_ID精确匹配,全量源表未提供可核验SMILES；仅保留Swiss原始SMILES供原始行号审计
703,9719,O=C(O)[C@@H](O)CO,STP00702,成功（100条，已去重）,100,1.0,1.0,1.0,molecule_ID精确匹配,全量源表未提供可核验SMILES；仅保留Swiss原始SMILES供原始行号审计
3700,972,C/C1=C\C/C(=C(/C)C=O)C(=O)C/C(C)=C/CC1,STP03694,成功（100条，已去重）,100,1.0,1.0,1.0,molecule_ID精确匹配,全量源表未提供可核验SMILES；仅保留Swiss原始SMILES供原始行号审计
1005,9720,O=c1c(-c2ccc(O)cc2)coc2cc(O[C@@H]3O[C@H](CO)[C@@H](O)[C@H](O)[C@H]3O)ccc12,STP01004,成功（100条，已去重）,100,5.0,1.0,1.0,molecule_ID精确匹配,全量源表未提供可核验SMILES；仅保留Swiss原始SMILES供原始行号审计
4061,9731,CCCCCC/C=C\CCCCCCCCCC(=O)OC,STP04054,成功（100条，已去重）,100,1.0,1.0,1.0,molecule_ID精确匹配,全量源表未提供可核验SMILES；仅保留Swiss原始SMILES供原始行号审计
696,9735,Cc1c[n+](CCc2ccc(O)cc2)cc2c1CC[C@@H]2C,STP00695,成功（100条，已去重）,100,1.0,1.0,1.0,molecule_ID精确匹配,全量源表未提供可核验SMILES；仅保留Swiss原始SMILES供原始行号审计
3828,9749,COc1cc(C)c(C(=O)Oc2cc(C)c(C(=O)O)c(O)c2C)c(O)c1C(=O)O,STP03822,成功（100条，已去重）,100,1.0,1.0,1.0,molecule_ID精确匹配,全量源表未提供可核验SMILES；仅保留Swiss原始SMILES供原始行号审计
1341,975,C/C(C=O)=C/CC[C@]1(C)[C@H]2C[C@@H]3[C@H](C2)[C@@]31C,STP01339,成功（100条，已去重）,100,1.0,1.0,1.0,molecule_ID精确匹配,全量源表未提供可核验SMILES；仅保留Swiss原始SMILES供原始行号审计
3536,9750,O=c1[nH]c(=O)c2[nH]c(=O)[nH]c2[nH]1,STP03530,成功（100条，已去重）,100,2.0,1.0,1.0,molecule_ID精确匹配,全量源表未提供可核验SMILES；仅保留Swiss原始SMILES供原始行号审计
4113,9754,O=c1cc(-c2ccccc2)oc2cc(O[C@@H]3O[C@H](CO)[C@@H](O)[C@H](O)[C@H]3O)c(O)c(O)c12,STP04106,成功（100条，已去重）,100,2.0,1.0,1.0,molecule_ID精确匹配,全量源表未提供可核验SMILES；仅保留Swiss原始SMILES供原始行号审计
2500,9755,O=C(O)c1ccc2nc3ccccc3cc2c1,STP02495,成功（100条，已去重）,100,1.0,1.0,1.0,molecule_ID精确匹配,全量源表未提供可核验SMILES；仅保留Swiss原始SMILES供原始行号审计
3445,9765,CCCCCCCCCCCC/C=C\CCCCC(=O)O,STP03439,成功（100条，已去重）,100,1.0,1.0,1.0,molecule_ID精确匹配,全量源表未提供可核验SMILES；仅保留Swiss原始SMILES供原始行号审计
15,977,C=C1/C=C\C[C@H](C)CC(=O)c2c(C)coc2C1,STP00014,成功（100条，已去重）,100,1.0,1.0,1.0,molecule_ID精确匹配,全量源表未提供可核验SMILES；仅保留Swiss原始SMILES供原始行号审计
441,9772,COc1cc(-c2oc3cc(O)cc(OC)c3c(=O)c2OC)cc(OC)c1O,STP00440,成功（100条，已去重）,100,1.0,1.0,1.0,molecule_ID精确匹配,全量源表未提供可核验SMILES；仅保留Swiss原始SMILES供原始行号审计
1990,9773,COc1c(-c2ccc(O)cc2)oc2cc(O)cc(OC)c2c1=O,STP01985,成功（100条，已去重）,100,1.0,1.0,1.0,molecule_ID精确匹配,全量源表未提供可核验SMILES；仅保留Swiss原始SMILES供原始行号审计
2097,9774,COc1cc(O)c2c(=O)c(OC)c(-c3ccc(O)c(O)c3)oc2c1,STP02092,成功（100条，已去重）,100,1.0,1.0,1.0,molecule_ID精确匹配,全量源表未提供可核验SMILES；仅保留Swiss原始SMILES供原始行号审计
4049,9777,CC(=O)O[C@H]1C[C@H]2C(=O)O[C@@H](c3ccoc3)C[C@@]2(C)[C@@H]2C[C@@H]3C[C@@H](C(=O)O3)[C@@H]12,STP04042,成功（100条，已去重）,100,1.0,1.0,1.0,molecule_ID精确匹配,全量源表未提供可核验SMILES；仅保留Swiss原始SMILES供原始行号审计
189,978,CC1=C2C(=O)c3c(C)coc3C[C@@]2(C)C=CC1,STP00188,成功（100条，已去重）,100,1.0,1.0,1.0,molecule_ID精确匹配,全量源表未提供可核验SMILES；仅保留Swiss原始SMILES供原始行号审计
1984,9780,Oc1cc(O)cc(CCc2ccccc2O)c1,STP01979,成功（100条，已去重）,100,1.0,1.0,1.0,molecule_ID精确匹配,全量源表未提供可核验SMILES；仅保留Swiss原始SMILES供原始行号审计
337,9781,C[C@@H]1CC(=O)O[C@@]2(C1)C[C@@H]1CC[C@H]2CN1C,STP00336,成功（100条，已去重）,100,1.0,1.0,1.0,molecule_ID精确匹配,全量源表未提供可核验SMILES；仅保留Swiss原始SMILES供原始行号审计
2459,9782,Oc1ccc(CCc2cc(O)cc(O)c2)cc1,STP02454,成功（100条，已去重）,100,3.0,1.0,1.0,molecule_ID精确匹配,全量源表未提供可核验SMILES；仅保留Swiss原始SMILES供原始行号审计
4156,9784,C[C@@]12C[C@@H](c3ccoc3)OC(=O)[C@H]1CC(=O)[C@]1(O)[C@H](C(=O)O)C[C@H](O)C[C@@H]21,STP04149,成功（100条，已去重）,100,1.0,1.0,1.0,molecule_ID精确匹配,全量源表未提供可核验SMILES；仅保留Swiss原始SMILES供原始行号审计
1911,9785,COC(=O)[C@@H]1C[C@H](O)C[C@@H]2[C@@H]1C(=O)C[C@H]1C(=O)O[C@H](c3ccoc3)C[C@@]21C,STP01906,成功（100条，已去重）,100,1.0,1.0,1.0,molecule_ID精确匹配,全量源表未提供可核验SMILES；仅保留Swiss原始SMILES供原始行号审计
3878,9786,C[C@@]12C[C@@H](c3ccoc3)OC(=O)[C@@H]1CC(=O)[C@H]1[C@H]2C[C@@H](O)C[C@H]1C(=O)O,STP03872,成功（100条，已去重）,100,1.0,1.0,1.0,molecule_ID精确匹配,全量源表未提供可核验SMILES；仅保留Swiss原始SMILES供原始行号审计
4151,9787,C[C@@]12C[C@H](c3ccoc3)OC(=O)[C@@H]1CC(=O)[C@@]1(O)[C@H]3C[C@@H](C[C@@H]21)OC3=O,STP04144,成功（100条，已去重）,100,1.0,1.0,1.0,molecule_ID精确匹配,全量源表未提供可核验SMILES；仅保留Swiss原始SMILES供原始行号审计
4139,9792,COC(=O)[C@@H]1C[C@H](O)C[C@@H]2[C@@H]1C(=O)C[C@@H]1C(=O)O[C@H](c3ccoc3)C[C@]12C,STP04132,成功（100条，已去重）,100,1.0,1.0,1.0,molecule_ID精确匹配,全量源表未提供可核验SMILES；仅保留Swiss原始SMILES供原始行号审计
1852,9793,C[C@]12C[C@@H](c3ccoc3)OC(=O)[C@H]1C[C@@H]1OC(=O)[C@@H]3C[C@H](O)C[C@H]2[C@H]13,STP01847,成功（100条，已去重）,100,1.0,1.0,1.0,molecule_ID精确匹配,全量源表未提供可核验SMILES；仅保留Swiss原始SMILES供原始行号审计
1909,9798,COC(=O)[C@@H]1C[C@H](O)C[C@@H]2C1=C(O)C[C@@H]1C(=O)O[C@H](c3ccoc3)C[C@]12CO,STP01904,成功（100条，已去重）,100,1.0,1.0,1.0,molecule_ID精确匹配,全量源表未提供可核验SMILES；仅保留Swiss原始SMILES供原始行号审计
169,98,O=c1c(O)c(-c2ccc(O)c(O)c2)oc2cc(O)cc(O)c12,STP00168,成功（100条，已去重）,100,189.0,1.0,1.0,molecule_ID精确匹配,全量源表未提供可核验SMILES；仅保留Swiss原始SMILES供原始行号审计
2626,9808,CC(C)C[C@H](C)C(C)C,STP02621,成功（100条，已去重）,100,1.0,1.0,1.0,molecule_ID精确匹配,全量源表未提供可核验SMILES；仅保留Swiss原始SMILES供原始行号审计
314,981,C=C(CCC=C(C)C)[C@H]1CC=C(CCC=C(C)C)CC1,STP00313,成功（100条，已去重）,100,1.0,1.0,1.0,molecule_ID精确匹配,全量源表未提供可核验SMILES；仅保留Swiss原始SMILES供原始行号审计
2913,9813,CC[C@@H](C)CO,STP02908,成功（100条，已去重）,100,3.0,1.0,1.0,molecule_ID精确匹配,全量源表未提供可核验SMILES；仅保留Swiss原始SMILES供原始行号审计
1512,9816,CC(=O)[C@H](C)O,STP01509,成功（100条，已去重）,100,1.0,1.0,1.0,molecule_ID精确匹配,全量源表未提供可核验SMILES；仅保留Swiss原始SMILES供原始行号审计
2334,982,C=C[C@]1(C)CC2=C(C[C@H]1C(=C)C)C(C)=CC2,STP02329,成功（100条，已去重）,100,1.0,1.0,1.0,molecule_ID精确匹配,全量源表未提供可核验SMILES；仅保留Swiss原始SMILES供原始行号审计
559,9830,CC[C@@]1(O)C(=O)OCc2c1cc1n(c2=O)Cc2cc3ccccc3nc2-1,STP00558,成功（100条，已去重）,100,1.0,1.0,1.0,molecule_ID精确匹配,全量源表未提供可核验SMILES；仅保留Swiss原始SMILES供原始行号审计
1435,9831,CCC(CC)C(=O)[O-],STP01432,成功（100条，已去重）,100,2.0,1.0,1.0,molecule_ID精确匹配,全量源表未提供可核验SMILES；仅保留Swiss原始SMILES供原始行号审计
3271,9834,c1cc2c(cc1O[C@H]1OC[C@H]3[C@@H]1CO[C@@H]3c1ccc3c(c1)OCO3)OCO2,STP03265,成功（100条，已去重）,100,1.0,1.0,1.0,molecule_ID精确匹配,全量源表未提供可核验SMILES；仅保留Swiss原始SMILES供原始行号审计
3010,9835,COc1cc(O[C@H]2OC[C@H]3[C@@H]2CO[C@@H]3c2ccc3c(c2)OCO3)ccc1O,STP03005,成功（100条，已去重）,100,1.0,1.0,1.0,molecule_ID精确匹配,全量源表未提供可核验SMILES；仅保留Swiss原始SMILES供原始行号审计
3114,9840,COc1cc([C@H](O)[C@H](CO)Oc2c(OC)cc(/C=C\CO)cc2OC)ccc1O,STP03109,成功（100条，已去重）,100,1.0,1.0,1.0,molecule_ID精确匹配,全量源表未提供可核验SMILES；仅保留Swiss原始SMILES供原始行号审计
213,9841,CO[Si](C)(OC)C1CCCCC1,STP00212,成功（100条，已去重）,100,1.0,1.0,1.0,molecule_ID精确匹配,全量源表未提供可核验SMILES；仅保留Swiss原始SMILES供原始行号审计
3535,9843,CCOC(=O)CC,STP03529,成功（100条，已去重）,100,1.0,1.0,1.0,molecule_ID精确匹配,全量源表未提供可核验SMILES；仅保留Swiss原始SMILES供原始行号审计
2343,9847,COc1cc2oc(-c3ccc(O)c(O)c3)cc(=O)c2c(O)c1O,STP02338,成功（100条，已去重）,100,1.0,1.0,1.0,molecule_ID精确匹配,全量源表未提供可核验SMILES；仅保留Swiss原始SMILES供原始行号审计
3055,9849,c1cc2c(cc1[C@H]1OC[C@@H]3[C@H]1CO[C@H]3c1ccc3c(c1)OCO3)OCO2,STP03050,成功（100条，已去重）,100,3.0,1.0,1.0,molecule_ID精确匹配,全量源表未提供可核验SMILES；仅保留Swiss原始SMILES供原始行号审计
2941,9858,CCC[C@H](C(=O)O)N(C)C,STP02936,成功（100条，已去重）,100,1.0,1.0,1.0,molecule_ID精确匹配,全量源表未提供可核验SMILES；仅保留Swiss原始SMILES供原始行号审计
1570,9875,CC[C@@H](C)c1nccnc1OC,STP01567,成功（100条，已去重）,100,1.0,1.0,1.0,molecule_ID精确匹配,全量源表未提供可核验SMILES；仅保留Swiss原始SMILES供原始行号审计
2571,988,CC(C)=C1C(=O)C[C@@H]2[C@@H]3CCC4=CC(=O)CC[C@]4(C)[C@H]3CC[C@]12C,STP02566,成功（100条，已去重）,100,1.0,1.0,1.0,molecule_ID精确匹配,全量源表未提供可核验SMILES；仅保留Swiss原始SMILES供原始行号审计
3167,990,CC(C)CCC[C@](C)(O)[C@H]1[C@@H](O)C[C@@H]2[C@@H]3CC=C4C[C@@H](O)CC[C@]4(C)[C@H]3CC[C@@]21C,STP03162,成功（100条，已去重）,100,1.0,1.0,1.0,molecule_ID精确匹配,全量源表未提供可核验SMILES；仅保留Swiss原始SMILES供原始行号审计
4191,991,O=C/C=C/c1ccccc1,STP04184,成功（100条，已去重）,100,15.0,1.0,1.0,molecule_ID精确匹配,全量源表未提供可核验SMILES；仅保留Swiss原始SMILES供原始行号审计
2958,996,CC(C)CCC[C@@H](C)[C@H]1CC[C@@H]2[C@@H]3CC(=O)[C@@]4(C)CC(=O)CC[C@]4(C)[C@H]3CC[C@@]21C,STP02953,成功（100条，已去重）,100,1.0,1.0,1.0,molecule_ID精确匹配,全量源表未提供可核验SMILES；仅保留Swiss原始SMILES供原始行号审计
3636,998,O=c1c(O[C@H]2OC[C@H](O)[C@H](O)[C@H]2O)c(-c2ccc(O)c(O)c2)oc2cc(O)cc(O)c12,STP03630,成功（100条，已去重）,100,2.0,1.0,1.0,molecule_ID精确匹配,全量源表未提供可核验SMILES；仅保留Swiss原始SMILES供原始行号审计
1519,9998,COc1cc2oc(=O)ccc2c(OC)c1CC=C(C)C,STP01516,成功（100条，已去重）,100,1.0,1.0,1.0,molecule_ID精确匹配,全量源表未提供可核验SMILES；仅保留Swiss原始SMILES供原始行号审计
179,9999,COc1c(C(C)C)cc2c(c1O)[C@@]1(C)CCCC(C)(C)[C@@H]1C=C2,STP00178,成功（100条，已去重）,100,1.0,1.0,1.0,molecule_ID精确匹配,全量源表未提供可核验SMILES；仅保留Swiss原始SMILES供原始行号审计
